stt,ma_ck,url,datetime,ngay_su_kien,nhan_duyen,nhan_an,nhan_final,nguon_nhan
1,VIB,https://cafef.vn/them-mot-ngan-hang-he-lo-ket-qua-kinh-doanh-nam-2023-188240103091546698.chn,1/3/2024 9:11,1/3/2024,,tich_cuc,tich_cuc,an
2,FPT,https://cafef.vn/fpt-ho-room-ngoai-hang-trieu-co-phieu-sau-phien-khop-lenh-ky-luc-188240524145739983.chn,5/24/2024 14:52,5/24/2024,trung_tinh,,trung_tinh,duyen
3,PLX,https://cafef.vn/petrolimex-bao-lai-gap-4-lan-cung-ky-nho-thoai-von-pgbank-luong-tien-mat-va-tien-gui-tang-hon-7000-ty-188231031113115802.chn,10/31/2023 14:40,10/31/2023,,tich_cuc,tich_cuc,an
4,FPT,https://cafef.vn/fpt-vuot-dinh-lan-thu-29-tu-dau-nam-lot-top-4-cong-ty-niem-yet-lon-nhat-viet-nam-gia-tri-ngang-ngua-hoa-phat-188240611155442016.chn,6/11/2024 15:54,6/12/2024,,trung_tinh,trung_tinh,an
5,VPB,https://cafef.vn/dhdcd-vpbank-chu-tich-ngo-chi-dung-khang-dinh-chia-co-tuc-tien-mat-trong-5-nam-lien-ly-giai-quyet-dinh-tham-gia-tai-co-cau-ngan-hang-yeu-kem-188240429094230251.chn,4/29/2024 12:41,4/29/2024,,trung_tinh,trung_tinh,an
6,VIC,https://cafef.vn/vingroup-lai-gan-1800-ty-dong-tu-viec-ban-movian-ai-cho-qualcomm-bang-16-loi-nhuan-truoc-thue-6-thang-dau-nam-2025-188250903075928848.chn,9/3/2025 7:57,9/3/2025,trung_tinh,,trung_tinh,duyen
7,VJC,https://cafef.vn/ty-phu-nguyen-thi-phuong-thao-da-nam-khoi-tai-san-44-ty-usd-giau-hon-2-anh-em-ty-phu-nguoi-brazil-cua-de-che-thit-lon-nhat-the-gioi-188251029001835271.chn,10/29/2025 0:18,10/29/2025,trung_tinh,,trung_tinh,duyen
8,POW,https://cafef.vn/pv-power-pow-thu-hon-2100-ty-dong-tu-ban-dien-trong-thang-7-tuyen-bo-gia-nhap-cuoc-choi-xay-tram-sac-xe-dien-188240816102020622.chn,8/16/2024 10:24,8/16/2024,tich_cuc,,tich_cuc,duyen
9,HPG,https://cafef.vn/ctck-du-bao-loi-nhuan-nganh-thep-2024-hoa-phat-hoi-phuc-manh-bat-ngo-voi-hoa-sen-188240110201142963.chn,1/11/2024 7:02,1/11/2024,,trung_tinh,trung_tinh,an
10,VHM,https://cafef.vn/vinhomes-du-kien-mo-ban-3-dai-du-an-vu-yen-co-loa-wonder-park-vndirect-tinh-lai-rong-gan-44000-ty-dong-trong-nam-2024-188240219171655892.chn,2/19/2024 19:01,2/20/2024,trung_tinh,,trung_tinh,duyen
11,MWG,https://cafef.vn/the-gioi-di-dong-mwg-cong-bo-doanh-thu-quy-2-cao-ky-luc-binh-quan-moi-ngay-kiem-hon-400-ty-188250726174123556.chn,7/26/2025 17:41,7/28/2025,trung_tinh,,trung_tinh,duyen
12,VJC,https://cafef.vn/ket-qua-kiem-tra-gia-ve-may-bay-cua-4-hang-hang-khong-188240511142824585.chn,5/11/2024 14:28,5/13/2024,trung_tinh,,trung_tinh,duyen
13,VRE,https://cafef.vn/dhcd-vincom-retail-vre-can-hon-10000-ty-phat-trien-luoi-du-an-voi-dien-tich-hon-800000-m2-18824042116395987.chn,4/23/2024 9:19,4/23/2024,tich_cuc,,tich_cuc,duyen
14,HPG,https://cafef.vn/hoa-phat-can-moc-9-trieu-tan-hrc-sau-4-nam-ke-tu-cuon-thep-can-nong-dau-tien-ra-lo-188240325135309376.chn,3/25/2024 13:50,3/25/2024,trung_tinh,,trung_tinh,duyen
15,VIC,https://cafef.vn/ty-phu-pham-nhat-vuong-xay-4-cong-trinh-khong-lo-o-4-huong-dong-tay-nam-bac-cua-ha-noi-188260128231229124.chn,1/29/2026 0:37,1/29/2026,trung_tinh,trung_tinh,trung_tinh,nhat_tri
16,PLX,https://cafef.vn/nha-ban-le-xang-dau-lon-nhat-viet-nam-petrolimex-len-ke-hoach-loi-nhuan-2024-giam-manh-co-tuc-nam-2023-du-kien-15-188240409173442895.chn,4/9/2024 17:32,4/10/2024,,trung_tinh,trung_tinh,an
17,VIC,https://cafef.vn/ong-pham-nhat-vuong-da-tai-tro-vinfast-bao-nhieu-188250330165749501.chn,3/30/2025 16:57,3/31/2025,trung_tinh,,trung_tinh,duyen
18,MWG,https://cafef.vn/the-gioi-di-dong-dong-cua-200-diem-ban-hang-truoc-tet-cac-cua-hang-tai-indonesia-co-bi-anh-huong-188231212095920585.chn,12/12/2023 9:59,12/12/2023,,trung_tinh,trung_tinh,an
19,MWG,https://cafef.vn/chuyen-gi-day-hon-3000-cua-hang-the-gioi-di-dong-va-dien-may-xanh-bien-thanh-cay-atm-mo-hinh-lan-dau-tien-co-mat-tai-viet-nam-188241205083158318.chn,12/5/2024 8:31,12/5/2024,,trung_tinh,trung_tinh,an
20,HDB,https://cafef.vn/hdbank-bao-loi-nhuan-4028-ty-dong-trong-quy-i-tang-468-so-voi-cung-ky-roe-dat-267-188240427180058421.chn,4/27/2024 18:00,4/29/2024,tich_cuc,tich_cuc,tich_cuc,nhat_tri
21,GAS,https://cafef.vn/om-nui-tien-mat-hang-ty-usd-ga-khong-lo-nganh-khi-viet-nam-muon-chia-co-tuc-khung-cho-co-dong-so-tien-du-chi-gay-ngo-ngang-188240529092912554.chn,5/29/2024 9:22,5/29/2024,,trung_tinh,trung_tinh,an
22,STB,https://cafef.vn/muc-tieu-kep-cua-sacombank-tren-lo-trinh-phat-trien-ben-vung-188240502080557886.chn,5/2/2024 8:05,5/2/2024,,trung_tinh,trung_tinh,an
23,VNM,https://cafef.vn/tap-doan-chi-hang-ty-usd-vao-thaco-vinamilk-ree-bao-lai-rong-nua-dau-nam-2025-giam-23-thi-truong-viet-nam-toa-sang-lai-tu-ree-tang-gan-50-188250829224928494.chn,8/30/2025 0:10,9/1/2025,,trung_tinh,trung_tinh,an
24,TCB,https://cafef.vn/chay-da-an-tuong-techcombank-se-bay-cao-trong-nam-rong-188240214222055881.chn,2/15/2024 8:00,2/15/2024,,tich_cuc,tich_cuc,an
25,ACB,https://cafef.vn/acb-duoc-chap-thuan-tang-von-len-gan-51400-ty-dong-188250512103517314.chn,5/12/2025 10:35,5/12/2025,trung_tinh,,trung_tinh,duyen
26,VHM,https://cafef.vn/tang-bang-chim-cua-hang-nghin-ty-chi-phi-lai-vay-tai-novaland-khang-dien-18824100423291579.chn,10/5/2024 7:01,10/7/2024,,trung_tinh,trung_tinh,an
27,VIC,https://cafef.vn/vingroup-cong-bo-loat-tai-lieu-quan-trong-den-nguoi-so-huu-trai-phieu-188250903144150208.chn,9/3/2025 14:41,9/3/2025,trung_tinh,,trung_tinh,duyen
28,MWG,https://cafef.vn/the-gioi-di-dong-co-dong-thai-moi-sau-nhieu-lan-co-dong-phan-ung-ve-chinh-sach-phat-hanh-esop-quyet-tam-mua-co-phieu-quy-188250222075641371.chn,2/22/2025 7:56,2/24/2025,trung_tinh,,trung_tinh,duyen
29,MSN,https://cafef.vn/wincommerce-co-lai-sau-thue-trong-thang-6-du-so-luong-cua-hang-bat-dong-tu-quy-1-den-quy-2-dieu-gi-dang-xay-ra-188240728230207748.chn,7/29/2024 6:58,7/29/2024,,tich_cuc,tich_cuc,an
30,FPT,https://cafef.vn/vinfast-gsm-cung-hai-doanh-nghiep-niem-yet-ty-do-duoc-tong-thong-indonesia-moi-goi-dau-tu-188240113235208892.chn,1/14/2024 7:41,1/15/2024,,trung_tinh,trung_tinh,an
31,VHM,https://cafef.vn/co-phieu-ho-vingroup-dong-gop-gan-100-diem-tu-dau-nam-vnindex-con-co-the-len-bao-nhieu-188250520223918874.chn,5/21/2025 0:01,5/21/2025,trung_tinh,,trung_tinh,duyen
32,MSN,https://cafef.vn/con-gai-ty-phu-nguyen-dang-quang-da-chi-khoang-600-ty-dong-mua-co-phieu-msn-188241121100545065.chn,11/21/2024 10:09,11/21/2024,,trung_tinh,trung_tinh,an
33,VJC,https://cafef.vn/mot-hang-hang-khong-viet-muon-thue-hai-may-bay-trung-quoc-de-phuc-vu-chang-bay-con-dao-188241220111355314.chn,12/20/2024 11:14,12/20/2024,,trung_tinh,trung_tinh,an
34,POW,https://cafef.vn/dai-gia-nha-nuoc-bat-tay-vingroup-phat-trien-he-thong-tram-sac-xe-dien-toan-quoc-thu-gan-2400-ty-tu-ban-dien-tang-manh-50-so-voi-cung-ky-18825031714491235.chn,3/17/2025 14:50,3/17/2025,trung_tinh,,trung_tinh,duyen
35,GVR,https://cafef.vn/co-phieu-tang-30-gia-tri-vua-vuot-100000-ty-gvr-don-tin-xau-thua-kien-bi-buoc-phai-hoan-tra-hon-141-ty-dong-188240223144330896.chn,2/23/2024 14:43,2/23/2024,tieu_cuc,tieu_cuc,tieu_cuc,nhat_tri
36,MWG,https://cafef.vn/sau-hon-6-nam-the-gioi-di-dong-lai-mot-lan-nua-buoc-chan-vao-cuoc-dua-thuong-mai-dien-tu-188250522175102535.chn,5/22/2025 17:50,5/23/2025,,trung_tinh,trung_tinh,an
37,HPG,https://cafef.vn/ong-tran-dinh-long-co-phieu-hoa-phat-chi-tu-tot-den-tot-188240411140715773.chn,4/11/2024 14:06,4/11/2024,,trung_tinh,trung_tinh,an
38,SSI,https://cafef.vn/dhdcd-ssi-ke-hoach-margin-26000-ty-dong-lanh-dao-tra-loi-lo-ngai-co-dong-ve-viec-nam-giu-nhieu-trai-phieu-becamex-188250418171047063.chn,4/18/2025 17:21,4/21/2025,,trung_tinh,trung_tinh,an
39,HPG,https://cafef.vn/con-cac-ty-phu-pham-nhat-vuong-ho-hung-anh-tran-dinh-long-dang-so-huu-bao-nhieu-co-phieu-cong-ty-cua-bo-me-188231221232443408.chn,12/23/2023 7:49,12/25/2023,,trung_tinh,trung_tinh,an
40,FPT,https://cafef.vn/fpt-giam-manh-voi-thanh-khoan-ky-luc-khoi-ngoai-ban-thao-dieu-gi-dang-xay-ra-voi-co-phieu-cong-nghe-so-1-viet-nam-188250314221847824.chn,3/15/2025 0:01,3/17/2025,tieu_cuc,tieu_cuc,tieu_cuc,nhat_tri
41,TPB,https://cafef.vn/tpbank-kien-toan-nhan-su-ban-dieu-hanh-188250627090548214.chn,6/27/2025 9:05,6/27/2025,trung_tinh,,trung_tinh,duyen
42,VNM,https://cafef.vn/vinamilk-ngung-lien-doanh-tai-philippines-188250101220132995.chn,1/2/2025 0:01,1/2/2025,,trung_tinh,trung_tinh,an
43,VHM,https://cafef.vn/ngo-ngang-bo-tu-sieu-dang-cua-ty-phu-pham-nhat-vuong-dong-gop-75-diem-vao-vnindex-tu-dau-nam-188250514231631324.chn,5/15/2025 10:50,5/15/2025,trung_tinh,,trung_tinh,duyen
44,VCB,https://cafef.vn/vietcombank-rot-them-10000-ty-vao-mot-cong-ty-chung-khoan-188251227221423904.chn,12/28/2025 0:05,12/29/2025,trung_tinh,,trung_tinh,duyen
45,FPT,https://cafef.vn/ceo-nvidia-jensen-huang-tro-lai-viet-nam-fpt-lap-ky-luc-moi-188241205173742597.chn,12/5/2024 17:37,12/6/2024,trung_tinh,,trung_tinh,duyen
46,SAB,https://cafef.vn/cong-ty-bia-lon-nhat-viet-nam-ban-it-bia-hon-nhung-lai-khung-hon-ngoi-khong-cung-kiem-27-ty-dong-tien-lai-moi-ngay-188251029081331927.chn,10/29/2025 8:16,10/29/2025,,tich_cuc,tich_cuc,an
47,HPG,https://cafef.vn/nganh-thep-nam-2025-tang-truong-tu-noi-luc-188250126103609673.chn,1/26/2025 10:35,1/27/2025,,trung_tinh,trung_tinh,an
48,VIC,https://cafef.vn/ty-phu-pham-nhat-vuong-tai-tro-900-ty-dong-cho-khoa-hoc-cong-nghe-viet-nam-qua-quy-phi-loi-nhuan-188241220170657331.chn,12/20/2024 17:07,12/23/2024,,trung_tinh,trung_tinh,an
49,POW,https://cafef.vn/nhiet-dien-nhon-trach-tre-gay-thiet-hai-hon-1000-ty-bi-thu-dong-nai-lo-tin-nghia-that-thoat-von-188240510222036205.chn,5/11/2024 0:15,5/13/2024,tieu_cuc,,tieu_cuc,duyen
50,FPT,https://cafef.vn/thu-tuong-trieu-tap-lanh-dao-tt-hoa-phat-gelex-va-loat-ngan-hang-vietcombank-bidv-vietinbank-vpbank-188250227113121667.chn,2/27/2025 11:32,2/27/2025,trung_tinh,,trung_tinh,duyen
51,HPG,https://cafef.vn/lan-dau-tien-trong-lich-su-von-hoa-hoa-phat-vuot-vingroup-18824012314495262.chn,1/23/2024 14:52,1/23/2024,,trung_tinh,trung_tinh,an
52,VHM,https://cafef.vn/he-lo-loat-thong-tin-moi-nhat-ve-sieu-du-an-ty-usd-gan-200ha-cua-vinhomes-tai-long-an-188231102132219321.chn,11/2/2023 13:25,11/2/2023,,trung_tinh,trung_tinh,an
53,BID,https://cafef.vn/ngan-hang-viet-bat-tay-cac-dinh-che-tai-chinh-hang-dau-nhat-ban-han-quoc-singapore-vietcombank-vietinbank-bidv-deu-tang-truong-manh-me-co-dong-chien-luoc-thang-lon-tham-chi-lai-gap-nhieu-lan-188240109233530984.chn,1/10/2024 0:01,1/10/2024,,trung_tinh,trung_tinh,an
54,MWG,https://cafef.vn/nhung-sang-kien-con-nuoc-con-tat-cua-the-gioi-di-dong-fpt-retail-hay-digiworld-nham-cuu-van-su-am-dam-cua-nganh-hang-smartphone-va-laptop-188240506082058759.chn,5/6/2024 8:20,5/6/2024,,trung_tinh,trung_tinh,an
55,VPB,https://cafef.vn/vpbank-hop-tac-cung-clb-bong-da-cong-an-ha-noi-phat-trien-bong-da-viet-188240820104438917.chn,8/20/2024 10:44,8/20/2024,,trung_tinh,trung_tinh,an
56,VRE,https://cafef.vn/vincom-retail-len-ke-hoach-lai-ky-luc-tung-ra-thi-truong-gan-120000m2-mat-san-ban-le-nam-2025-188250331220029355.chn,4/1/2025 0:03,4/1/2025,,trung_tinh,trung_tinh,an
57,VIC,https://cafef.vn/khoan-no-800000-ty-dong-bi-thong-tin-that-thiet-cua-vingroup-co-gi-dang-chu-y-188250909133944957.chn,9/9/2025 13:41,9/9/2025,trung_tinh,trung_tinh,trung_tinh,nhat_tri
58,VJC,https://cafef.vn/vietjet-huy-dong-lo-trai-phieu-thu-7-trong-nam-2025-188251230090638049.chn,12/30/2025 10:00,12/30/2025,,trung_tinh,trung_tinh,an
59,MWG,https://cafef.vn/bach-hoa-xanh-hoan-tien-cho-khach-hang-mua-gia-do-ban-188241228195142105.chn,12/28/2024 19:51,12/30/2024,,trung_tinh,trung_tinh,an
60,MWG,https://cafef.vn/chi-ban-moi-biet-ban-co-dang-hoang-hay-khong-the-gioi-di-dong-15-nam-lien-tiep-chon-ernst--young-kiem-toan-bao-cao-tai-chinh-188240612164602772.chn,6/12/2024 16:41,6/13/2024,trung_tinh,,trung_tinh,duyen
61,FPT,https://cafef.vn/ong-truong-gia-binh-he-lo-bi-kip-de-fpt-thanh-cong-nhu-deepseek-188250204094602786.chn,2/4/2025 9:45,2/4/2025,,trung_tinh,trung_tinh,an
62,VIC,https://cafef.vn/ty-phu-pham-nhat-vuong-tang-gan-300-bac-tren-bang-xep-hang-nguoi-giau-nhat-the-gioi-vuot-george-soros-bo-xa-ong-donald-trump-188250328233515086.chn,3/29/2025 0:01,3/31/2025,,trung_tinh,trung_tinh,an
63,VIC,https://cafef.vn/vingroup-chuan-bi-khoi-cong-3-sieu-du-an-tong-von-dau-tu-13-ty-usd-trong-thang-4-18825033016293944.chn,3/30/2025 17:22,3/31/2025,,trung_tinh,trung_tinh,an
64,HDB,https://cafef.vn/neu-mot-ngay-tai-khoan-chung-khoan-giam-ca-ty-dong-dung-buon-vi-co-nhung-nguoi-da-mat-hang-nghin-chuc-nghin-ty-188251020163817401.chn,10/20/2025 16:38,10/21/2025,tieu_cuc,trung_tinh,trung_tinh,bat_dong_uu_tien_an
65,MWG,https://cafef.vn/bo-doi-co-phieu-ban-le-fpt-retail-va-the-gioi-di-dong-bat-ngo-tang-manh-truoc-gio-g-cong-bo-ket-qua-kinh-doanh-quy-4-188240125163606831.chn,1/25/2024 16:22,1/26/2024,trung_tinh,,trung_tinh,duyen
66,SHB,https://cafef.vn/shb-kien-dinh-chien-luoc-tang-truong-ben-vung-hop-tac-toan-dien-188250829131400037.chn,8/29/2025 13:30,8/29/2025,,trung_tinh,trung_tinh,an
67,HPG,https://cafef.vn/nong-nghiep-hoa-phat-chinh-thuc-nop-ho-so-ipo-toi-da-30-trieu-co-phieu-ban-gia-khong-thap-hon-11887-dongcp-18825091708290682.chn,9/17/2025 8:29,9/17/2025,,trung_tinh,trung_tinh,an
68,VPB,https://cafef.vn/hon-11000-vdv-da-chinh-phuc-cung-duong-an-tuong-tai-giai-chay-dem-tp-hcm-188240303215358989.chn,3/3/2024 22:00,3/4/2024,trung_tinh,,trung_tinh,duyen
69,HPG,https://cafef.vn/hoa-phat-nhan-tin-vui-tu-chinh-quyen-cho-du-an-85000-ty-dong-188250903153530297.chn,9/3/2025 15:35,9/4/2025,,trung_tinh,trung_tinh,an
70,VJC,https://cafef.vn/co-phieu-vietjet-phi-nhu-ten-lua-tai-san-ty-phu-nguyen-thi-phuong-thao-can-moc-4-ty-usd-188251015110158636.chn,10/15/2025 11:02,10/15/2025,tich_cuc,trung_tinh,trung_tinh,bat_dong_uu_tien_an
71,FPT,https://cafef.vn/co-phieu-fpt-miet-mai-vuot-dinh-tai-san-cua-ong-truong-gia-binh-va-hai-cong-than-tang-gan-8000-ty-tu-dau-nam-188240708163036155.chn,7/8/2024 16:30,7/9/2024,,trung_tinh,trung_tinh,an
72,VHM,https://cafef.vn/vinhomes-khang-dinh-du-kha-nang-thuc-hien-cac-du-an-doc-lap-ngay-ca-khi-khong-co-su-ho-tro-tu-vingroup-188231009163543749.chn,10/9/2023 16:36,10/10/2023,trung_tinh,,trung_tinh,duyen
73,VIC,https://cafef.vn/trinh-thu-tuong-nhieu-du-an-vingroup-muon-chi-30-ty-usd-vao-mot-linh-vuc-trong-diem-cua-viet-nam-188250325181645021.chn,3/25/2025 18:30,3/26/2025,trung_tinh,,trung_tinh,duyen
74,FPT,https://cafef.vn/cong-bo-top-10-tap-doan-tu-nhan-da-nganh-nop-ngan-sach-lon-nhat-viet-nam-nhieu-diem-chung-bat-ngo-188240831004113787.chn,9/4/2024 10:47,9/4/2024,trung_tinh,,trung_tinh,duyen
75,TCB,https://cafef.vn/techcombank-tien-phong-trien-khai-dich-vu-xac-thuc-dien-tu-qua-vneid-188241110074916929.chn,11/10/2024 7:49,11/11/2024,trung_tinh,,trung_tinh,duyen
76,FPT,https://cafef.vn/thanh-vien-scic-chi-mua-vao-125-luong-co-phieu-fpt-da-dang-ky-188260329131652249.chn,3/29/2026 14:16,3/30/2026,trung_tinh,,trung_tinh,duyen
77,MSN,https://cafef.vn/bat-dong-san-unity-va-3-doanh-nghiep-khac-bi-xu-phat-vi-em-thong-tin-188251209071452045.chn,12/9/2025 8:14,12/9/2025,,trung_tinh,trung_tinh,an
78,VPB,https://cafef.vn/chuyen-tau-ky-uc-va-ong-lon-dua-westlife-ve-viet-nam-188231115155554512.chn,11/15/2023 16:00,11/16/2023,,trung_tinh,trung_tinh,an
79,VHM,https://cafef.vn/doanh-so-vinhomes-quy-1-uoc-dat-35000-ty-chu-yeu-den-tu-vinhomes-dan-phuong-sieu-du-an-can-gio-se-dong-gop-doanh-so-trong-3-nam-toi-188250423142620687.chn,4/23/2025 15:24,4/24/2025,,trung_tinh,trung_tinh,an
80,MWG,https://cafef.vn/11-nam-ban-11-dot-esop-thu-ve-680-ty-dong-khi-gia-thi-truong-hon-11400-ty-ong-nguyen-duc-tai-lan-dau-tien-nhuong-bo-co-dong-188250223225409778.chn,2/24/2025 0:04,2/24/2025,trung_tinh,,trung_tinh,duyen
81,STB,https://cafef.vn/chu-tich-duong-cong-minh-va-nguoi-lien-quan-nam-bao-nhieu-co-phieu-sacombank-18825122614155428.chn,12/26/2025 14:15,12/26/2025,trung_tinh,,trung_tinh,duyen
82,HDB,https://cafef.vn/thang-10-bung-no-cua-ty-phu-nguyen-thi-phuong-thao-tai-san-tiem-can-45-ty-usd-hang-loat-thuong-vu-lon-ghi-dau-thi-truong-quoc-te-18825103107513519.chn,11/1/2025 0:03,11/3/2025,trung_tinh,trung_tinh,trung_tinh,nhat_tri
83,MWG,https://cafef.vn/the-gioi-di-dong-dan-nhe-ganh-voi-khoan-lo-tu-hai-chuoi-bach-hoa-xanh-va-an-khang-trong-3-thang-dau-nam-2024-18824050123322902.chn,5/3/2024 0:02,5/3/2024,trung_tinh,tich_cuc,tich_cuc,bat_dong_uu_tien_an
84,VHM,https://cafef.vn/chi-hon-1-thang-vinhomes-vhm-da-huy-dong-thanh-cong-8000-ty-dong-trai-phieu-lai-suat-12nam-188240510162739017.chn,5/10/2024 16:30,5/13/2024,trung_tinh,,trung_tinh,duyen
85,MWG,https://cafef.vn/chu-tich-hdqt-nguyen-duc-tai-khang-dinh-tang-truong-cua-the-gioi-di-dong-trong-5-nam-toi-se-nam-tren-vai-bach-hoa-xanh-khong-co-y-dinh-thu-nghiem-chuoi-moi-188240229164222677.chn,2/29/2024 16:53,3/1/2024,trung_tinh,,trung_tinh,duyen
86,MWG,https://cafef.vn/the-gioi-di-dong-ban-duoc-60000-chiec-iphone-16--kiem-2000-ty-doanh-thu-sau-thang-dau-mo-ban-gap-3-lan-iphone-15-cua-nam-ngoai-188241102111237081.chn,11/2/2024 11:17,11/4/2024,tich_cuc,tich_cuc,tich_cuc,nhat_tri
87,MSN,https://cafef.vn/phuc-long-lai-hon-300-trieu-moi-ngay-trong-nam-2024-188250205155906764.chn,2/5/2025 15:58,2/6/2025,,tich_cuc,tich_cuc,an
88,MWG,https://cafef.vn/ong-nguyen-duc-tai-bao-tin-vui-cho-co-dong-the-gioi-di-dong-sau-khi-von-hoa-vuot-100000-ty-doanh-thu-thang-7-tiep-tuc-tang-du-bao-nam-2025-se-thuan-loi-hon-nua-188240817014652646.chn,8/17/2024 7:58,8/19/2024,trung_tinh,,trung_tinh,duyen
89,HPG,https://cafef.vn/hoa-phat-de-xuat-4-du-an-dien-mat-troi-tong-cong-suat-gan-500mw-tai-dung-quat-188260128134424199.chn,1/28/2026 13:45,1/28/2026,trung_tinh,,trung_tinh,duyen
90,FPT,https://cafef.vn/von-hoa-fpt-chi-con-kem-vingroup-chua-den-1-phien-tran-188240424225954832.chn,4/25/2024 0:02,4/25/2024,trung_tinh,,trung_tinh,duyen
91,MWG,https://cafef.vn/sau-qua-trinh-tap-gym-toan-bo-he-thong-bach-hoa-xanh-tu-con-no-tro-thanh-con-cung-cua-the-gioi-di-dong-hien-thuc-hoa-muc-tieu-mang-tien-ve-cho-me-nam-2024-188240611130407779.chn,6/11/2024 13:05,6/11/2024,,tich_cuc,tich_cuc,an
92,VIC,https://cafef.vn/vinfast-do-bo-congo-tham-vong-ban-100000-xe-may-ngang-muc-dinh-tai-viet-nam-chi-trong-1-quy-chinh-sach-khai-tu-xe-cu-co-do-lai-con-khat-dien-nang-188251231081302067.chn,12/31/2025 8:12,12/31/2025,trung_tinh,trung_tinh,trung_tinh,nhat_tri
93,VHM,https://cafef.vn/vndirect-118700-ty-dong-doanh-so-cua-vinhomes-dang-nam-cho-ky-vong-vao-2-da-chien-luoc-o-co-loa-va-dan-phuong-188240921083824546.chn,9/21/2024 8:38,9/23/2024,trung_tinh,,trung_tinh,duyen
94,VCB,https://cafef.vn/suc-manh-cua-ngan-hang-lon-nhat-viet-nam-von-hoa-vietcombank-tang-1-phien-lon-hon-gia-tri-cua-ca-nghin-doanh-nghiep-tren-san-chung-khoan-188250827223729439.chn,8/28/2025 0:01,8/28/2025,trung_tinh,,trung_tinh,duyen
95,SSI,https://cafef.vn/ssi-lap-ky-luc-moi-vay-hop-von-quoc-te-lon-nhat-nganh-chung-khoan-188251210100551725.chn,12/10/2025 10:05,12/10/2025,trung_tinh,,trung_tinh,duyen
96,SAB,https://cafef.vn/sabeco-van-quyet-tam-tang-32-cong-suat-nha-may-bia-cu-chi-len-350-trieu-litnam-sau-nhieu-lan-bi-tu-choi-tu-2019-188250821085231616.chn,8/21/2025 8:52,8/21/2025,,trung_tinh,trung_tinh,an
97,HPG,https://cafef.vn/hoa-phat-duoc-du-bao-doanh-thu-155000-ty-loi-nhuan-12591-ty-trong-nam-2025-188250317052524934.chn,3/17/2025 5:25,3/17/2025,,trung_tinh,trung_tinh,an
98,VRE,https://cafef.vn/su-xuat-hien-cua-lotte-mall-tay-ho-tai-ha-noi-hay-hung-vuong-plaza-tai-tp-hcm-co-gay-anh-huong-den-thi-phan-cua-vincom-retail-188231114141353651.chn,11/14/2023 14:18,11/14/2023,trung_tinh,trung_tinh,trung_tinh,nhat_tri
99,FPT,https://cafef.vn/fpt-bao-lai-rong-thang-6-tang-truong-32-so-voi-cung-ky-188250717182829265.chn,7/17/2025 18:28,7/18/2025,,tich_cuc,tich_cuc,an
100,HDB,https://cafef.vn/quy-affinity-roe-cua-hdbank-dang-dan-dau-viet-nam-va-co-the-dan-dau-dong-nam-a-188250425082521845.chn,4/25/2025 8:25,4/25/2025,,trung_tinh,trung_tinh,an
101,SHB,https://cafef.vn/kqkd-on-dinh-co-dong-ky-vong-vao-dhdcd-shb-188240321144706733.chn,3/21/2024 15:15,3/22/2024,trung_tinh,,trung_tinh,duyen
102,MWG,https://cafef.vn/ong-nguyen-duc-tai-bat-ngo-nhan-luong-0-dong-du-the-gioi-di-dong-lai-dot-bien-hon-900-ty-quy-dau-nam-188240429222818004.chn,4/30/2024 5:00,4/30/2024,trung_tinh,,trung_tinh,duyen
103,HDB,https://cafef.vn/toan-canh-ke-hoach-co-tuc-ngan-hang-nam-2024-techcombank-chi-dam-nhat-cho-co-dong-7-ngan-hang-tra-tien-mat-188240407005535818.chn,4/7/2024 7:54,4/8/2024,,trung_tinh,trung_tinh,an
104,HPG,https://cafef.vn/moi-ngay-mua-1-co-phieu-hpg-cua-hoa-phat-hieu-suat-sinh-loi-dang-kinh-ngac-tu-xe-lu-188250917144143297.chn,9/17/2025 14:41,9/17/2025,trung_tinh,,trung_tinh,duyen
105,SSI,https://cafef.vn/loat-ngan-hang-cong-ty-chung-khoan-chuan-bi-cho-san-choi-tai-san-so-188250907220813604.chn,9/8/2025 0:05,9/8/2025,,trung_tinh,trung_tinh,an
106,VCB,https://cafef.vn/vietcombank-bo-nhiem-nguoi-dai-dien-theo-phap-luat-thay-ong-pham-quang-dung-188240105110412561.chn,1/5/2024 11:11,1/5/2024,trung_tinh,trung_tinh,trung_tinh,nhat_tri
107,VJC,https://cafef.vn/vietjet-cat-noc-hangar-chuan-quoc-te-khai-truong-chuyen-bay-toi-cang-hang-khong-quoc-te-long-thanh-18825121913030027.chn,12/19/2025 13:02,12/19/2025,trung_tinh,trung_tinh,trung_tinh,nhat_tri
108,HPG,https://cafef.vn/hoa-phat-cung-dn-tung-tham-gia-xay-san-van-dong-world-cup-2022-muon-lam-tong-thau-epc-thi-cong-cac-du-an-duong-sat-tai-tp-ho-chi-minh-188250520104417618.chn,5/20/2025 10:44,5/20/2025,,trung_tinh,trung_tinh,an
109,VIB,https://cafef.vn/khoi-ngoai-bat-ngo-ban-rong-hon-148-trieu-co-phieu-gan-5-von-tai-mot-ngan-hang-chuyen-gi-dang-xay-ra-188240924170324337.chn,9/24/2024 17:03,9/25/2024,tich_cuc,trung_tinh,trung_tinh,bat_dong_uu_tien_an
110,FPT,https://cafef.vn/fpt-ky-hop-dong-ky-luc-256-trieu-usd-voi-tap-doan-nang-luong-hang-dau-chau-a-188250916080038152.chn,9/16/2025 8:00,9/16/2025,tich_cuc,,tich_cuc,duyen
111,HPG,https://cafef.vn/hoa-phat-cua-ty-phu-tran-dinh-long-thoat-hiem-truoc-don-thue-chong-ban-pha-gia-tam-thoi-tu-eu-18825041213400176.chn,4/12/2025 13:39,4/14/2025,,trung_tinh,trung_tinh,an
112,MWG,https://cafef.vn/room-ngoai-e-hon-64-trieu-co-phieu-phai-chang-mwg-da-het-hot-trong-mat-nha-dau-tu-nuoc-ngoai-188231122000520406.chn,11/22/2023 0:05,11/22/2023,tieu_cuc,,tieu_cuc,duyen
113,FPT,https://cafef.vn/chu-tich-truong-gia-binh-uav-duong-sat-la-chien-luoc-moi-cua-fpt-188251216073853974.chn,12/16/2025 7:38,12/16/2025,trung_tinh,,trung_tinh,duyen
114,VHM,https://cafef.vn/vinhomes-lai-ky-luc-16-ty-usd-doanh-thu-7-ty-usd-va-nui-tien-71-ty-usd-chua-ghi-nhan-188260131073238056.chn,1/31/2026 7:32,2/2/2026,tich_cuc,tich_cuc,tich_cuc,nhat_tri
115,SAB,https://cafef.vn/sabeco-roi-vao-chuoi-ngay-buon-tham-tai-san-cua-ty-phu-thai-lan-dung-sau-hien-ra-sao-18824021822260834.chn,2/19/2024 0:11,2/19/2024,tieu_cuc,tieu_cuc,tieu_cuc,nhat_tri
116,FPT,https://cafef.vn/6-gia-toc-dang-nam-giu-hon-32-trieu-ty-dong-chi-phoi-gan-13-thi-truong-chung-khoan-viet-nam-1882602090742514.chn,2/9/2026 7:42,2/9/2026,,trung_tinh,trung_tinh,an
117,BCM,https://cafef.vn/hon-140000-ty-dong-cho-7-doanh-nghiep-nha-nuoc-tang-von-dieu-le-thuc-day-cac-sieu-du-an-188250303002955267.chn,3/3/2025 0:29,3/3/2025,trung_tinh,,trung_tinh,duyen
118,TPB,https://cafef.vn/doanh-nghiep-nao-dung-sau-cac-san-pham-tien-tu-de-ra-tien-cua-zalo-pay-va-cac-ngan-hang-188250824231108388.chn,8/25/2025 0:02,8/25/2025,trung_tinh,trung_tinh,trung_tinh,nhat_tri
119,TCB,https://cafef.vn/loi-nhuan-9-thang-dau-nam-2025-cua-techcombank-cao-nhat-nhom-ngan-hang-tu-nhan-ty-le-casa-tiep-tuc-dan-dau-nganh-188251021163259026.chn,10/21/2025 16:32,10/22/2025,tich_cuc,tich_cuc,tich_cuc,nhat_tri
120,HPG,https://cafef.vn/thu-tuong-giao-nhiem-vu-hoa-phat-lam-thanh-ray-thaco-che-tao-toa-tau-vingroup-xay-metro-tphcm-can-gio-188250310140535315.chn,3/10/2025 14:14,3/10/2025,trung_tinh,,trung_tinh,duyen
121,VIC,https://cafef.vn/vingroup-chot-ngay-chinh-thuc-dong-tho-sieu-du-an-lan-bien-tai-can-gio-188250417163434959.chn,4/17/2025 16:34,4/18/2025,trung_tinh,,trung_tinh,duyen
122,TCB,https://cafef.vn/khai-mac-giai-marathon-quoc-te-tphcm-techcombank-mua-thu-8-giai-chay-bieu-trung-cua-thanh-pho-tiep-tuc-lan-toa-tinh-than-buoc-chay-vi-mot-viet-nam-vuot-troi-188251205172221403.chn,12/5/2025 17:22,12/8/2025,trung_tinh,,trung_tinh,duyen
123,TCB,https://cafef.vn/techcombank-sinh-loi-tu-dong-20-va-cau-chuyen-tao-xu-the-ve-trai-nghiem-so-nganh-ngan-hang-188250319155740763.chn,3/19/2025 15:57,3/20/2025,trung_tinh,,trung_tinh,duyen
124,VIC,https://cafef.vn/kiem-15-ty-usd-trong-vong-6-tieng-ty-phu-pham-nhat-vuong-lap-ky-luc-moi-188251208160906558.chn,12/8/2025 16:09,12/9/2025,,trung_tinh,trung_tinh,an
125,GVR,https://cafef.vn/tap-doan-cao-su-gvr-len-tieng-ve-viec-lanh-dao-bi-khoi-to-188240719213440771.chn,7/20/2024 6:00,7/22/2024,tieu_cuc,tieu_cuc,tieu_cuc,nhat_tri
126,HPG,https://cafef.vn/san-luong-ban-hrc-tang-37-sau-5-thang-hoa-phat-van-hung-cu-dam-tu-thep-can-nong-kho-rong-trung-quoc-188250629231654698.chn,6/30/2025 0:03,6/30/2025,,trung_tinh,trung_tinh,an
127,VRE,https://cafef.vn/mot-co-phieu-ho-vingroup-boc-dau-kich-tran-dieu-gi-dang-xay-ra-188251006101528088.chn,10/6/2025 10:16,10/6/2025,,tich_cuc,tich_cuc,an
128,VCB,https://cafef.vn/nhung-dn-lon-nhat-chi-vinamilk-va-acv-tra-luong-binh-quan-tren-30-trieuthang-canh-tranh-voi-ngan-hang-cong-ty-nao-co-thu-nhap-705-trieuthang-188251024073257084.chn,10/24/2025 7:32,10/24/2025,trung_tinh,,trung_tinh,duyen
129,FPT,https://cafef.vn/chu-tich-fpt-truong-gia-binh-de-xuat-chien-luoc-dong-hien-dien-voi-cac-doanh-nghiep-phap-188250527102028039.chn,5/27/2025 10:20,5/27/2025,,trung_tinh,trung_tinh,an
130,VHM,https://cafef.vn/lo-dien-chu-moi-cua-cong-ty-von-hon-3000-ty-dong-tung-thuoc-vinhomes-188250106103403248.chn,1/6/2025 10:33,1/6/2025,,trung_tinh,trung_tinh,an
131,VJC,https://cafef.vn/vietjet-dat-hang-20-tau-a330neo-cua-airbus-tai-singapore-airshow-188240222122658634.chn,2/22/2024 12:26,2/22/2024,,trung_tinh,trung_tinh,an
132,HDB,https://cafef.vn/tien-si-nguyen-thi-phuong-thao-nhan-danh-hieu-anh-hung-lao-dong-bieu-tuong-ban-linh-khat-vong-viet-nam-hung-cuong-nhan-van-va-hoi-nhap-188251227110326151.chn,12/27/2025 11:03,12/29/2025,trung_tinh,trung_tinh,trung_tinh,nhat_tri
133,SHB,https://cafef.vn/ceo-ngo-thu-ha-khang-dinh-shb-no-luc-dong-hanh-vi-su-phat-trien-ben-vung-cua-dat-nuoc-188240923105132721.chn,9/23/2024 11:00,9/23/2024,trung_tinh,,trung_tinh,duyen
134,TCB,https://cafef.vn/von-dieu-le-techcombank-vuot-vietcombank-vietinbank-va-bidv-188240627204702845.chn,6/27/2024 20:44,6/28/2024,trung_tinh,,trung_tinh,duyen
135,VHM,https://cafef.vn/lo-dien-ca-map-nuoc-ngoai-mua-cong-ty-con-3000-ty-cua-vinhomes-trong-du-an-ocean-park-3-188250103072354694.chn,1/3/2025 7:23,1/3/2025,,trung_tinh,trung_tinh,an
136,CTG,https://cafef.vn/vi-sao-co-phieu-ngan-hang-thuong-mai-nha-nuoc-noi-song-ctg-vuot-dinh-lich-su-188260109103853876.chn,1/9/2026 10:38,1/9/2026,tich_cuc,trung_tinh,trung_tinh,bat_dong_uu_tien_an
137,VIC,https://cafef.vn/co-phieu-vingroup-tang-gap-55-lan-tu-dau-nam-ty-phu-pham-nhat-vuong-sap-lot-top-100-nguoi-giau-nhat-the-gioi-188251120104840685.chn,11/20/2025 10:48,11/20/2025,,trung_tinh,trung_tinh,an
138,FPT,https://cafef.vn/fpt-bao-lai-sau-thue-gan-3000-ty-dong-trong-4-thang-dau-nam-mang-dich-vu-cntt-nuoc-ngoai-tang-truong-manh-188240521102304451.chn,5/21/2024 10:24,5/21/2024,,tich_cuc,tich_cuc,an
139,VRE,https://cafef.vn/mang-bds-se-la-dau-keo-loi-nhuan-vincom-retail-trong-nam-2026-nho-2-du-an-shophouse-lon-nay-188251010140256972.chn,10/10/2025 14:57,10/10/2025,trung_tinh,,trung_tinh,duyen
140,VIC,https://cafef.vn/ty-phu-pham-nhat-vuong-chinh-thuc-choi-lon-mang-nang-luong-vingroup-cung-vinenergo-lam-du-an-lng-tai-kcn-tan-trao-hai-phong-188250611110914875.chn,6/11/2025 11:10,6/11/2025,trung_tinh,,trung_tinh,duyen
141,TCB,https://cafef.vn/chinh-sach-thue-moi-thuc-day-chuyen-doi-so-techcombank-cung-ho-kinh-doanh-giai-bai-toan-van-hanh-toan-dien-188251224161820867.chn,12/24/2025 16:18,12/25/2025,,trung_tinh,trung_tinh,an
142,VPB,https://cafef.vn/vietlott-tra-thuong-hon-85-ty-dong-cho-ve-so-mua-bang-tai-khoan-vpbank-188231012105525418.chn,10/12/2023 11:00,10/12/2023,trung_tinh,,trung_tinh,duyen
143,MWG,https://cafef.vn/nhung-cu-dam-thep-cua-ong-nguyen-duc-tai-188251107224339502.chn,11/8/2025 0:01,11/10/2025,trung_tinh,,trung_tinh,duyen
144,FPT,https://cafef.vn/12-cau-hoi-truoc-them-dhcd-fpt-deepseek-ai-factory-data-center-thue-quan-va-loat-van-de-nong-188250414150730755.chn,4/14/2025 15:07,4/15/2025,trung_tinh,trung_tinh,trung_tinh,nhat_tri
145,VPB,https://cafef.vn/don-he-soi-dong-cung-the-tin-dung-vpbank-mastercard-188240718215816365.chn,7/19/2024 8:00,7/19/2024,,trung_tinh,trung_tinh,an
146,CTG,https://cafef.vn/nhung-yeu-to-giup-vietinbank-tro-thanh-ngoi-sao-sang-nhat-quy-ii2025-188250830131634412.chn,8/30/2025 13:30,9/1/2025,tich_cuc,,tich_cuc,duyen
147,MWG,https://cafef.vn/the-gioi-di-dong-cua-ong-nguyen-duc-tai-thu-420-ty-moi-ngay-mo-gan-tram-cua-hang-bach-hoa-xanh-trong-2-thang-dau-nam-188250320145610838.chn,3/20/2025 14:56,3/20/2025,,tich_cuc,tich_cuc,an
148,BID,https://cafef.vn/bidv-chuan-bi-phat-hanh-rieng-le-tiep-tuc-ke-hoach-tang-von-2026-188260318075415456.chn,3/18/2026 7:54,3/18/2026,trung_tinh,,trung_tinh,duyen
149,MBB,https://cafef.vn/mb-tat-toan-som-2-lo-trai-phieu-phat-hanh-tu-nam-2022-188260322101232268.chn,3/22/2026 10:32,3/23/2026,,trung_tinh,trung_tinh,an
150,HDB,https://cafef.vn/dhcd-hdbank-dat-muc-tieu-loi-nhuan-hon-21000-ty-dong-trong-nam-2025-vung-vang-tren-hanh-trinh-phat-trien-tap-doan-tai-chinh-ngan-hang-hien-dai-da-nang-va-ben-vung-188250424101243861.chn,4/24/2025 10:12,4/24/2025,trung_tinh,,trung_tinh,duyen
151,FPT,https://cafef.vn/fpt-lan-thu-35-vuot-dinh-tu-dau-nam-von-hoa-tap-doan-tu-nhan-lon-nhat-viet-nam-vuot-200000-ty-188241010103343394.chn,10/10/2024 10:33,10/10/2024,trung_tinh,,trung_tinh,duyen
152,SAB,https://cafef.vn/tung-chi-gan-5-ty-usd-de-thau-tom-sabeco-ty-phu-thai-lan-da-nhan-lai-gan-500-trieu-usd-tien-co-tuc-sau-8-nam-188250110085750861.chn,1/10/2025 8:57,1/10/2025,,tich_cuc,tich_cuc,an
153,SAB,https://cafef.vn/sabeco-bao-doanh-thu-va-loi-nhuan-quy-12025-thap-nhat-tu-thoi-covid-188250429075755172.chn,4/29/2025 7:57,4/29/2025,tieu_cuc,,tieu_cuc,duyen
154,BCM,https://cafef.vn/duoc-hau-thuan-boi-warburg-pincus-becamex-va-mot-khung-long-chau-a-tiem-luc-cua-bw-manh-nhu-the-nao-truoc-du-dinh-ipo-188241212003300599.chn,12/12/2024 0:32,12/12/2024,trung_tinh,,trung_tinh,duyen
155,FPT,https://cafef.vn/fpt-ban-40-von-cong-ty-ai-tai-nhat-ban-188250422173750542.chn,4/22/2025 18:37,4/23/2025,,trung_tinh,trung_tinh,an
156,BID,https://cafef.vn/co-phieu-bidv-len-dinh-lich-su-keb-hana-bank-lai-gap-doi-sau-hon-4-nam-lam-co-dong-chien-luoc-188240108233519059.chn,1/9/2024 0:05,1/9/2024,trung_tinh,,trung_tinh,duyen
157,HPG,https://cafef.vn/gan-166000-co-dong-hoa-phat-sap-nhan-ve-hon-nua-ty-co-phieu-hpg-188240426094859121.chn,4/26/2024 9:50,4/26/2024,,trung_tinh,trung_tinh,an
158,HDB,https://cafef.vn/2-co-phieu-cua-ty-phu-nguyen-thi-phuong-thao-cung-lap-dinh-moi-vietjet-cham-moc-200000-dongcp-ngang-ngua-vingroup-188251030113507702.chn,10/30/2025 11:32,10/30/2025,trung_tinh,trung_tinh,trung_tinh,nhat_tri
159,CTG,https://cafef.vn/cac-to-chuc-cong-doan-nam-giu-luong-co-phieu-tri-gia-hang-nghin-ty-tren-san-chung-khoan-188250604220354877.chn,6/5/2025 0:01,6/5/2025,,trung_tinh,trung_tinh,an
160,MWG,https://cafef.vn/the-gioi-di-dong-chuan-bi-mua-co-phieu-quy-sau-khi-bach-hoa-xanh-va-chuoi-dien-may-tai-indonesia-lien-tiep-bao-tin-vui-188240628224130053.chn,6/29/2024 0:07,7/1/2024,trung_tinh,tich_cuc,tich_cuc,bat_dong_uu_tien_an
161,CTG,https://cafef.vn/vietinbank-chuan-bi-bau-hdqt-bks-nhiem-ky-moi-20242029-188240328151531754.chn,3/28/2024 15:15,3/29/2024,,trung_tinh,trung_tinh,an
162,ACB,https://cafef.vn/ctck-du-bao-loi-nhuan-quy-2-cua-11-ngan-hang-sacombank-vietinbank-mb-vpbank-bidv-co-the-tang-truong-2-chu-so-188250619105742072.chn,6/19/2025 11:08,6/19/2025,,trung_tinh,trung_tinh,an
163,HDB,https://cafef.vn/hdbank-loi-nhuan-9-thang-vuot-14800-ty-dong-tiep-tuc-dan-dau-ve-ty-suat-loi-nhuan-chia-co-tuc-va-co-phieu-thuong-den-30-188251030183324317.chn,10/30/2025 18:33,10/31/2025,trung_tinh,,trung_tinh,duyen
164,SHB,https://cafef.vn/nhung-co-dong-nao-dang-so-huu-tu-1-von-dieu-le-tro-len-cua-shb-188241023144650501.chn,10/23/2024 14:46,10/23/2024,trung_tinh,,trung_tinh,duyen
165,VPB,https://cafef.vn/xep-hang-tin-nhiem-cua-vpbank-duy-tri-o-muc-ba3-trien-vong-on-dinh-188240425170048771.chn,4/25/2024 17:30,4/26/2024,trung_tinh,trung_tinh,trung_tinh,nhat_tri
166,VIC,https://cafef.vn/mot-doanh-nghiep-muon-chia-co-tuc-khung-330-vingroup-co-the-bo-tui-4600-ty-dong-188250922151446443.chn,9/22/2025 15:14,9/23/2025,tich_cuc,trung_tinh,trung_tinh,bat_dong_uu_tien_an
167,HPG,https://cafef.vn/lanh-dao-hoa-phat-ly-giai-vi-sao-bien-loi-nhuan-9t2024-tiem-can-muc-lich-su-du-bao-dinh-vay-no-roi-vao-nam-sau-188241125072232873.chn,11/25/2024 7:22,11/25/2024,trung_tinh,,trung_tinh,duyen
168,MWG,https://cafef.vn/doanh-nghiep-ban-le-gap-kho-trong-cho-vao-nhung-thang-cuoi-nam-188231127091438575.chn,11/27/2023 9:12,11/27/2023,trung_tinh,,trung_tinh,duyen
169,VIC,https://cafef.vn/tap-doan-cua-ty-phu-pham-nhat-vuong-vuot-von-hoa-techcombank-cua-ong-ho-hung-anh-188250313145617346.chn,3/13/2025 14:55,3/13/2025,trung_tinh,,trung_tinh,duyen
170,MWG,https://cafef.vn/diem-la-cua-thi-truong-indonesia-ma-ca-ong-nguyen-duc-tai-cung-vua-moi-biet-cung-co-cho-niem-tin-chuoi-erablue-se-thanh-cong-tuong-tu-dien-may-xanh-o-viet-nam-188240803161920985.chn,8/4/2024 7:13,8/5/2024,,trung_tinh,trung_tinh,an
171,HPG,https://cafef.vn/hung-yen-dau-thau-lai-du-an-35000-ty-sau-kien-nghi-thanh-tra-hoa-phat-da-chi-ra-bao-nhieu-188250331163702298.chn,3/31/2025 16:36,4/1/2025,trung_tinh,trung_tinh,trung_tinh,nhat_tri
172,VHM,https://cafef.vn/vinhomes-hoan-tat-ke-hoach-huy-dong-von-10000-ty-dong-tu-trai-phieu-18824051616560935.chn,5/16/2024 18:04,5/17/2024,trung_tinh,trung_tinh,trung_tinh,nhat_tri
173,FPT,https://cafef.vn/fpt-ghi-nhan-doanh-thu-11-thang-hon-62000-ty-dong-loi-nhuan-tang-truong-hai-chu-so-18825121619463525.chn,12/16/2025 19:52,12/17/2025,,tich_cuc,tich_cuc,an
174,SHB,https://cafef.vn/co-phieu-shb-tang-tran-trong-phien-287-von-hoa-vuot-26-ty-usd-188250728184513874.chn,7/28/2025 18:45,7/29/2025,trung_tinh,,trung_tinh,duyen
175,MWG,https://cafef.vn/noi-buon-cuoi-nam-cua-nhan-vien-the-gioi-di-dong-tung-duoc-thuong-tet-toi-9-thang-luong-nay-doi-mat-voi-thong-tin-200-cua-hang-bi-dong-cua-188231202175418924.chn,12/2/2023 17:54,12/4/2023,trung_tinh,tieu_cuc,tieu_cuc,bat_dong_uu_tien_an
176,GAS,https://cafef.vn/gas-nguoc-dong-tang-tran-giua-phien-do-lua-he-lo-loat-hop-dong-nghin-ty-vua-ky-ket-188260126211930299.chn,1/26/2026 21:20,1/27/2026,trung_tinh,trung_tinh,trung_tinh,nhat_tri
177,ACB,https://cafef.vn/co-phieu-acb-bat-ngo-xuat-hien-loat-thoa-thuan-khung-4000-ty-duoc-sang-tay-giua-cac-ndt-nuoc-ngoai-18824032211052025.chn,3/22/2024 11:02,3/22/2024,,trung_tinh,trung_tinh,an
178,HPG,https://cafef.vn/vietcap-du-kien-nha-maythep-duong-ray-mang-ve-cho-hoa-phat-loi-nhuan-hon-770-ty-moi-nam-188250824164620797.chn,8/24/2025 16:45,8/25/2025,,trung_tinh,trung_tinh,an
179,SAB,https://cafef.vn/dhdcd-sabeco-sab-sabeco-ung-ho-quy-dinh-nong-do-con-khong-muon-chia-se-ma-muon-chiem-linh-thi-phan-bia-viet-nam-188240425091909484.chn,4/25/2024 10:00,4/25/2024,,trung_tinh,trung_tinh,an
180,MSN,https://cafef.vn/quy-180-ty-usd-bain-capital-dan-dau-nhom-ndt-rot-toi-thieu-200-trieu-usd-vao-masan-msn-mua-gia-85000-dongcp-188231002095246505.chn,10/2/2023 9:53,10/2/2023,trung_tinh,,trung_tinh,duyen
181,MWG,https://cafef.vn/co-phieu-the-gioi-di-dong-mwg-co-the-bi-loai-khoi-ro-chi-so-vndiamond-188231120231144662.chn,11/21/2023 0:03,11/21/2023,tieu_cuc,,tieu_cuc,duyen
182,HPG,https://cafef.vn/ong-tran-dinh-long-tuoi-toi-khong-phai-cao-ma-la-rat-cao-den-tuoi-huu-roi-dang-rut-dan-ra-khoi-cac-hoat-dong-cua-hoa-phat-188240411110814407.chn,4/11/2024 11:10,4/11/2024,,trung_tinh,trung_tinh,an
183,PLX,https://cafef.vn/petrolimex-mien-nhiem-tong-giam-doc-dao-nam-hai-18825060221085992.chn,6/2/2025 21:08,6/3/2025,tieu_cuc,tieu_cuc,tieu_cuc,nhat_tri
184,HPG,https://cafef.vn/hoa-phat-lai-sau-thue-quy-4-giam-nhe-xuong-2800-ty-ca-nam-2024-tang-truong-77-188250124141011289.chn,1/24/2025 14:10,1/24/2025,tich_cuc,tich_cuc,tich_cuc,nhat_tri
185,SAB,https://cafef.vn/cuoc-dua-loi-nhuan-giua-hai-ong-lon-nganh-bia-sabeco-va-habeco-188250831133928612.chn,8/31/2025 13:39,9/1/2025,trung_tinh,,trung_tinh,duyen
186,VJC,https://cafef.vn/co-phieu-vietjet-tang-kich-tran-tai-san-ty-phu-nguyen-thi-phuong-thao-tang-them-gan-4000-ty-dong-188250722130810241.chn,7/22/2025 13:14,7/22/2025,trung_tinh,,trung_tinh,duyen
187,SSI,https://cafef.vn/chu-tich-ssi-nguyen-duy-hung-tai-san-so-hap-dan-nhung-rat-rui-ro-va-nhieu-cam-bay-188250910164637246.chn,9/10/2025 16:46,9/11/2025,trung_tinh,,trung_tinh,duyen
188,HPG,https://cafef.vn/vu-kien-chong-ban-gia-gia-thep-can-nong-hrc-nhap-khau-co-quan-dieu-tra-da-chap-nhan-ho-so-188240615083744706.chn,6/15/2024 8:45,6/17/2024,,trung_tinh,trung_tinh,an
189,TCB,https://cafef.vn/bai-toan-tang-truong-tin-dung-cho-ngan-hang-dau-la-giai-phap-188240424163432737.chn,4/24/2024 17:30,4/25/2024,trung_tinh,,trung_tinh,duyen
190,MSN,https://cafef.vn/loi-nhuan-giam-288-ty-dong-do-techcombank-cham-dut-hop-dong-voi-manulife-masan-msn-van-bao-lai-rong-quy-4-gan-700-ty-dong-gap-14-lan-cung-ky-18825012409511573.chn,1/24/2025 9:49,1/24/2025,trung_tinh,,trung_tinh,duyen
191,VIC,https://cafef.vn/co-phieu-cua-ty-phu-pham-nhat-vuong-tang-kich-tran-18825122214262768.chn,12/22/2025 14:26,12/22/2025,,trung_tinh,trung_tinh,an
192,MWG,https://cafef.vn/sau-5-ty-chuyen-vao-uy-ban-mttq-the-gioi-di-dong-trich-tiep-5-ty-dong-ho-tro-truc-tiep-cho-nhan-vien-trong-tam-bao-lu-mien-bac-188240914093052391.chn,9/14/2024 9:31,9/16/2024,trung_tinh,,trung_tinh,duyen
193,SAB,https://cafef.vn/mot-doanh-nghiep-sap-chia-gan-5500-ty-cho-bo-cong-thuong-188251113072452078.chn,11/13/2025 8:24,11/13/2025,trung_tinh,,trung_tinh,duyen
194,VJC,https://cafef.vn/ty-phu-nguyen-thi-phuong-thao-lam-duoc-dieu-ma-chua-hang-bay-gia-re-nao-tai-thai-lan-lam-duoc-188251108082348241.chn,11/8/2025 8:23,11/10/2025,trung_tinh,,trung_tinh,duyen
195,MWG,https://cafef.vn/chu-tich-the-gioi-di-dong-tho-lo-tam-tu-sau-1-nam-khoc-liet-nhat-lich-su-hoat-dong-da-qua-lac-quan-khi-len-ke-hoach-hien-tai-khong-dat-nhieu-ky-vong-ve-suc-mua-phuc-hoi-kha-quan-188240328160710011.chn,3/30/2024 0:06,4/1/2024,trung_tinh,,trung_tinh,duyen
196,HDB,https://cafef.vn/ba-nguyen-thi-phuong-thao-tro-lai-top-5-nguoi-giau-nhat-khi-vjc-hdb-tang-vot-ong-truong-gia-binh-vao-lai-top-10-voi-khoi-tai-san-13100-ty-dong-18825072722515337.chn,7/28/2025 0:02,7/28/2025,trung_tinh,trung_tinh,trung_tinh,nhat_tri
197,VJC,https://cafef.vn/vietjet-ky-ket-hop-tac-voi-tap-doan-hang-khong-vu-tru-my-co-von-hoa-hon-132-ty-usd-trong-thuong-vu-tri-gia-11-ty-usd-188240924112615073.chn,9/24/2024 11:26,9/24/2024,tich_cuc,,tich_cuc,duyen
198,GVR,https://cafef.vn/gia-cao-su-tang-loi-nhuan-tap-doan-cong-nghiep-cao-su-viet-nam-kha-quan-188240617151728874.chn,6/17/2024 15:17,6/18/2024,trung_tinh,,trung_tinh,duyen
199,HPG,https://cafef.vn/ctck-chi-ra-6-co-hoi-dau-tu-cac-dn-da-hoan-tat-du-an-trong-diem-san-sang-chuyen-hoa-tai-san-do-dang-thanh-doanh-thu-va-loi-nhuan-188260301111945846.chn,3/1/2026 11:20,3/2/2026,trung_tinh,,trung_tinh,duyen
200,HPG,https://cafef.vn/ty-phu-tran-dinh-long-va-nuoc-co-truoc-gio-g-cua-nha-may-thep-moi-tien-le-nam-2019-co-lap-lai-188250217223221486.chn,2/18/2025 0:06,2/18/2025,,trung_tinh,trung_tinh,an
201,HPG,https://cafef.vn/vi-sao-ty-phu-tran-dinh-long-noi-da-o-phu-yen-la-manh-dat-cuoi-cung-o-viet-nam-co-the-xay-nha-may-thep-188250418064055438.chn,4/18/2025 6:40,4/18/2025,trung_tinh,,trung_tinh,duyen
202,VHM,https://cafef.vn/vinhomes-da-co-2000-khach-hang-dat-mua-can-ho-tai-du-an-dao-hoang-gia-188240424091322981.chn,4/24/2024 9:13,4/24/2024,,trung_tinh,trung_tinh,an
203,VHM,https://cafef.vn/vingroup-tro-lai-top-10-von-hoa-san-chung-khoan-tai-san-cua-ty-phu-pham-nhat-vuong-tang-2000-ty-sau-mot-phien-18825030315122257.chn,3/3/2025 15:12,3/4/2025,,trung_tinh,trung_tinh,an
204,HPG,https://cafef.vn/quan-bai-moi-cua-ong-tran-dinh-long-cong-ty-nong-nghiep-lai-nghin-ty-dinh-gia-vuot-von-hoa-dabaco-baf-viet-nam-188251120225358866.chn,11/21/2025 0:05,11/21/2025,,trung_tinh,trung_tinh,an
205,VIC,https://cafef.vn/chu-tich-ubnd-tinh-quang-ninh-chi-dao-go-vuong-2-du-an-tong-von-23-ty-usd-cua-vingroup-188260324162007039.chn,3/24/2026 16:20,3/25/2026,,trung_tinh,trung_tinh,an
206,HPG,https://cafef.vn/uy-ban-chau-au-gioi-han-15-doi-voi-nhap-khau-hrc-tu-viet-nam-hoa-phat-chiu-anh-huong-nhu-the-nao-188240927142804764.chn,9/27/2024 14:27,9/27/2024,trung_tinh,,trung_tinh,duyen
207,FPT,https://cafef.vn/fpt-tro-thanh-doi-tac-viet-nam-dau-tien-cua-qualcomm-trong-linh-vuc-cong-nghe-o-to-188260211094042683.chn,2/11/2026 9:40,2/11/2026,trung_tinh,trung_tinh,trung_tinh,nhat_tri
208,SAB,https://cafef.vn/bo-suu-tap-hang-hieu-viet-nam-gan-chuc-ty-do-trong-tay-nguoi-giau-thu-3-thai-lan-nam-25-vinamilk-chi-phoi-sabeco-mm-mega-market-melinh-point-den-loat-bds-so-huu-cung-gelex-188251218071039668.chn,12/18/2025 8:27,12/18/2025,,trung_tinh,trung_tinh,an
209,FPT,https://cafef.vn/fpt-khai-truong-trung-tam-rd-ve-cong-nghe-cao-va-chip-ban-dan-tai-da-nang-huong-toi-ke-hoach-tro-thanh-silicon-bay-cua-viet-nam-188250327152113134.chn,3/27/2025 15:21,3/28/2025,,trung_tinh,trung_tinh,an
210,GAS,https://cafef.vn/co-phieu-dau-khi-nong-bong-tay-dong-loat-tang-1015-sau-2-phien-co-ma-len-cao-nhat-tu-dau-nam-188250616140949851.chn,6/16/2025 14:09,6/16/2025,trung_tinh,,trung_tinh,duyen
211,VNM,https://cafef.vn/ceo-mai-kieu-lien-ty-le-uong-sua-cua-nguoi-viet-thap-so-voi-khu-vuc-day-la-dieu-dang-lo-ngai-188241101162240027.chn,11/1/2024 16:22,11/4/2024,tieu_cuc,trung_tinh,trung_tinh,bat_dong_uu_tien_an
212,FPT,https://cafef.vn/tap-doan-cong-nghe-hang-dau-viet-nam-vua-co-ban-hop-dong-gia-tri-lon-nhat-lich-su-37-nam-hoat-dong-188250916163749126.chn,9/16/2025 17:30,9/17/2025,,tich_cuc,tich_cuc,an
213,VIC,https://cafef.vn/vingroup-dieu-chinh-nganh-nghe-kinh-doanh-188251205161309512.chn,12/5/2025 16:59,12/8/2025,trung_tinh,,trung_tinh,duyen
214,MWG,https://cafef.vn/the-gioi-di-dong-mwg-bao-lai-gan-1200-ty-dong-trong-quy-2-cao-nhat-trong-vong-9-quy-188240730173934269.chn,7/30/2024 17:39,7/31/2024,tich_cuc,,tich_cuc,duyen
215,SSI,https://cafef.vn/chung-khoan-ssi-thanh-lap-nen-tang-dau-tu-vao-start-up-cong-nghe-va-tai-san-so-quy-mo-hon-5000-ty-dong-188250121153308676.chn,1/21/2025 15:35,1/22/2025,trung_tinh,,trung_tinh,duyen
216,VCB,https://cafef.vn/von-hoa-hose-tang-690000-ty-dong-trong-nua-nam-ty-phu-pham-nhat-vuong-chiem-80-tcb-va-gelex-gop-tren-1-ty-usd-fpt-vcb-giam-manh-nhat-188250629231048618.chn,6/30/2025 0:00,6/30/2025,,trung_tinh,trung_tinh,an
217,MBB,https://cafef.vn/scic-du-chi-480-ty-dong-mua-30-trieu-co-phieu-mb-188240306173432381.chn,3/6/2024 17:31,3/7/2024,,trung_tinh,trung_tinh,an
218,HPG,https://cafef.vn/hoa-phat-sap-tang-von-len-gan-64000-ty-dong-188240511074439259.chn,5/11/2024 7:44,5/13/2024,,trung_tinh,trung_tinh,an
219,MWG,https://cafef.vn/ong-nguyen-duc-tai-tu-tin-voi-cuoc-chien-gia-re-cac-doi-thu-cua-the-gioi-di-dong-gio-chi-co-tho-thoi-188231113174816356.chn,11/13/2023 17:47,11/14/2023,trung_tinh,,trung_tinh,duyen
220,VPB,https://cafef.vn/vpbank-cong-bo-bctc-kiem-toan-loi-nhuan-nam-2024-tang-hon-85-so-voi-2023-thu-lao-cua-lanh-dao-khong-tang-188250310201414661.chn,3/10/2025 20:14,3/11/2025,tich_cuc,tich_cuc,tich_cuc,nhat_tri
221,FPT,https://cafef.vn/chu-tich-truong-gia-binh-flex-mo-hinh-ngon-ngu-lon-tieng-viet-cua-fpt-hien-co-khoang-5-trieu-nguoi-dung-thuong-xuyen-188251226000719877.chn,12/26/2025 0:07,12/26/2025,,trung_tinh,trung_tinh,an
222,HPG,https://cafef.vn/ctck-hoa-phat-buoc-vao-chu-ky-loi-nhuan-moi-tan-dung-co-hoi-gom-co-phieu-voi-tam-nhin-dai-han-188240216094950988.chn,2/16/2024 9:53,2/16/2024,trung_tinh,,trung_tinh,duyen
223,HPG,https://cafef.vn/ty-phu-tran-dinh-long-don-them-tin-vui-tu-nuoc-uc-188251223140008384.chn,12/23/2025 14:00,12/23/2025,trung_tinh,,trung_tinh,duyen
224,VPB,https://cafef.vn/fe-credit-tro-lai-duong-dua-loi-nhuan-cua-vpbank-nam-2024-tang-truong-dot-pha-85-vuot-20-nghin-ty-dong-188250122174126507.chn,1/22/2025 17:41,1/23/2025,,tich_cuc,tich_cuc,an
225,FPT,https://cafef.vn/tong-giam-doc-fpt-10-nam-chuan-bi-cho-giac-mo-ai-va-cau-chuyen-lanh-dao-ban-hang-tai-fpt-188250129083102376.chn,1/29/2025 8:30,1/29/2025,trung_tinh,trung_tinh,trung_tinh,nhat_tri
226,HPG,https://cafef.vn/ctck-du-bao-hoa-phat-lai-sau-thue-9500-ty-trong-nua-cuoi-nam-2025-188250806231853155.chn,8/7/2025 0:05,8/7/2025,,tich_cuc,tich_cuc,an
227,FPT,https://cafef.vn/fpt-dat-cuoc-vao-ai-ban-dan-va-cong-nghe-o-to-lo-dao-tao-1-trieu-nhan-tai-so-cho-the-gioi-mo-lon-hay-mong-vien-vong-188241105150237112.chn,11/5/2024 15:03,11/6/2024,trung_tinh,trung_tinh,trung_tinh,nhat_tri
228,MBB,https://cafef.vn/quy-ngoai-he-lo-ly-do-chi-700-ty-mua-them-hang-chuc-trieu-co-phieu-mbb-188250608220826721.chn,6/9/2025 0:01,6/9/2025,tich_cuc,trung_tinh,trung_tinh,bat_dong_uu_tien_an
229,HPG,https://cafef.vn/thu-hon-900-ty-moi-ngay-tap-doan-cua-ty-phu-pham-nhat-vuong-kiem-tien-gioi-nhat-san-chung-khoan-vuot-xa-hoa-phat-the-gioi-di-dong-va-nhieu-doanh-nghiep-nha-nuoc-188250502223454828.chn,5/3/2025 0:04,5/5/2025,,trung_tinh,trung_tinh,an
230,HPG,https://cafef.vn/hoa-phat-du-kien-co-nam-thu-hai-lien-tiep-khong-chia-co-tuc-tien-mat-doanh-thu-140000-ty-thuong-gan-600-trieu-co-phieu-cho-co-dong-188240312092709136.chn,3/12/2024 9:36,3/12/2024,trung_tinh,,trung_tinh,duyen
231,MWG,https://cafef.vn/co-phieu-the-gioi-di-dong-mwg-co-the-tro-lai-ro-vndiamond-ngay-trong-ky-review-thang-10-188240829143836398.chn,8/29/2024 14:40,8/29/2024,trung_tinh,,trung_tinh,duyen
232,MWG,https://cafef.vn/chu-tich-the-gioi-di-dong-nhan-thu-nhap-chua-toi-4-trieuquy-quyen-giam-doc-quyet-khong-lay-luong-nha-dau-tu-thac-mac-lien-nhan-lai-tuyen-bo-xanh-ron-nhung-ai-cung-phai-nga-mu-ne-phuc-188240301102912258.chn,3/1/2024 10:29,3/1/2024,,trung_tinh,trung_tinh,an
233,VJC,https://cafef.vn/co-phieu-vietjet-tiep-tuc-tang-kich-tran-tai-san-ty-phu-nguyen-thi-phuong-thao-vuot-moc-3-ty-usd-188250723111220436.chn,7/23/2025 11:12,7/23/2025,trung_tinh,,trung_tinh,duyen
234,BCM,https://cafef.vn/thach-thuc-cua-becamex-idc-trong-thuong-vu-dau-gia-co-phan-lon-nhat-lich-su-thi-truong-chung-khoan-188250306071010356.chn,3/6/2025 7:10,3/6/2025,,trung_tinh,trung_tinh,an
235,BVH,https://cafef.vn/chuyen-tru-so-bien-dong-nhan-su-cap-cao-tai-doanh-nghiep-bao-hiem-lon-nhat-viet-nam-188241231153115615.chn,1/1/2025 0:30,1/1/2025,trung_tinh,,trung_tinh,duyen
236,HPG,https://cafef.vn/lo-cao-so-1-cua-hoa-phat-dung-quat-1-van-hanh-tro-lai-188250807094713815.chn,8/7/2025 9:47,8/7/2025,trung_tinh,,trung_tinh,duyen
237,VIC,https://cafef.vn/vingroup-bao-lanh-cho-vinfast-phat-hanh-toi-da-5000-ty-dong-trai-phieu-188250528112346946.chn,5/28/2025 11:23,5/28/2025,trung_tinh,,trung_tinh,duyen
238,MWG,https://cafef.vn/kinh-doanh-tut-doc-co-phieu-mwg-mat-hon-nua-gia-trong-nam-2023-chu-tich-the-gioi-di-dong-gui-loi-xin-loi-co-dong-188240413142021634.chn,4/13/2024 14:22,4/15/2024,,tieu_cuc,tieu_cuc,an
239,VIC,https://cafef.vn/nguoi-giau-nhat-viet-nam-vua-co-them-hon-1-ty-usd-188250308233603986.chn,3/9/2025 0:10,3/10/2025,,trung_tinh,trung_tinh,an
240,VIC,https://cafef.vn/viet-nam-vua-co-them-3-ty-phu-usd-moi-toanh-nang-tong-so-luong-len-8-nguoi-188260202175137766.chn,2/2/2026 17:52,2/3/2026,trung_tinh,,trung_tinh,duyen
241,HPG,https://cafef.vn/thi-phan-hoa-phat-len-ky-luc-bien-loi-nhuan-gop-duoc-du-bao-tang-vao-nua-cuoi-nam-trong-khi-nam-kim-hoa-sen-giam-18824091607255669.chn,9/16/2024 7:25,9/16/2024,,trung_tinh,trung_tinh,an
242,TPB,https://cafef.vn/nhung-co-dong-so-huu-tren-1-von-tai-tpbank-188240907191940728.chn,9/7/2024 19:19,9/9/2024,trung_tinh,,trung_tinh,duyen
243,MBB,https://cafef.vn/khong-mua-vao-nhu-dang-ky-cong-ty-con-cua-scic-chuyen-sang-ban-toan-bo-so-co-phieu-mbb-nam-giu-188240115140403972.chn,1/15/2024 14:05,1/15/2024,trung_tinh,,trung_tinh,duyen
244,HPG,https://cafef.vn/hoa-phat-chinh-thuc-khong-bi-eu-ap-thue-chong-ban-pha-gia-doi-voi-thep-cuon-can-nong-hrc-188250718152310954.chn,7/18/2025 15:23,7/21/2025,tich_cuc,tich_cuc,tich_cuc,nhat_tri
245,MWG,https://cafef.vn/chuoi-ban-le-cua-ong-nguyen-duc-tai-lan-dau-cham-nguong-40000-ty-doanh-thu-trong-mot-quy-188251017133702379.chn,10/17/2025 13:36,10/17/2025,,tich_cuc,tich_cuc,an
246,MWG,https://cafef.vn/so-luong-cua-hang-gan-bang-mot-nua-mo-von-ven-3-diem-ban-moi-trong-nam-2024-tai-sao-doanh-thu-cua-bach-hoa-xanh-van-vuot-wincommerce-18824081607363643.chn,8/16/2024 7:36,8/16/2024,,trung_tinh,trung_tinh,an
247,MWG,https://cafef.vn/von-hoa-boc-hoi-12-ty-usd-co-dong-bui-ngui-nho-loi-ong-nguyen-duc-tai-bo-1-ty-mua-co-phieu-mwg-va-quen-di-chac-chan-khi-con-em-18-tuoi-se-co-100-ty-khoi-nghiep-188231102084322521.chn,11/2/2023 8:43,11/2/2023,tieu_cuc,,tieu_cuc,duyen
248,VCB,https://cafef.vn/lan-dau-tien-trong-lich-su-chung-khoan-viet-nam-xuat-hien-doanh-nghiep-co-hon-8-ty-co-phieu-188250312103655252.chn,3/12/2025 10:36,3/12/2025,,trung_tinh,trung_tinh,an
249,MWG,https://cafef.vn/bach-hoa-xanh-da-khoi-sac-nhung-ceo-van-chua-chiu-nhan-luong-chu-tich-mwg-nguyen-duc-tai-tiet-lo-voi-lanh-dao-cap-cao-thi-luong-khong-phai-la-muc-tieu-188240306102904071.chn,3/6/2024 10:29,3/6/2024,,trung_tinh,trung_tinh,an
250,VIC,https://cafef.vn/so-no-cua-vingroup-va-nguyen-tac-vay-duoc-tra-duoc-18825090911311374.chn,9/9/2025 11:30,9/9/2025,,trung_tinh,trung_tinh,an
251,STB,https://cafef.vn/ong-nguyen-duc-thuy-va-quy-luat-la-dong-tien-nghin-ty-di-toi-dau-lpbank-hoang-anh-gia-lai-hung-thinh-doi-logo-toi-do-188251224002019464.chn,12/24/2025 0:20,12/24/2025,trung_tinh,,trung_tinh,duyen
252,VPB,https://cafef.vn/hai-con-gai-pho-chu-tich-vpbank-dang-ky-mua-40-trieu-co-phieu-vpb-188250820140912182.chn,8/20/2025 14:09,8/20/2025,trung_tinh,,trung_tinh,duyen
253,MWG,https://cafef.vn/loi-nhuan-lao-doc-chu-tich-the-gioi-di-dong-nguyen-duc-tai-khong-nhan-luong-trong-quy-3-nhung-van-co-thanh-vien-hdqt-bo-tui-ca-ty-dong-188231030205735354.chn,10/31/2023 0:01,10/31/2023,trung_tinh,,trung_tinh,duyen
254,MSN,https://cafef.vn/con-gai-ty-phu-nguyen-dang-quang-dang-ky-mua-10-trieu-co-phieu-masan-188241024165128739.chn,10/24/2024 16:51,10/25/2024,,tich_cuc,tich_cuc,an
255,FPT,https://cafef.vn/sau-khi-ma-4-cong-ty-tai-nuoc-ngoai-trong-nam-2023-fpt-tiep-tuc-thanh-lap-dn-cong-nghe-o-to-co-tru-so-tai-my-188231214093447927.chn,12/14/2023 9:48,12/14/2023,trung_tinh,,trung_tinh,duyen
256,VHM,https://cafef.vn/sau-da-17000-ty-o-tuyen-quang-cong-ty-con-cua-vinhomes-la-don-vi-duy-nhat-dang-ky-lam-da-san-golf-hon-6400-ty-dong-tai-bac-giang-188231002134335041.chn,10/2/2023 13:43,10/2/2023,trung_tinh,,trung_tinh,duyen
257,VNM,https://cafef.vn/lan-dau-tien-top-20-co-dong-lon-nhat-cua-vinamilk-co-2-phu-nu-bi-an-ben-canh-loat-quy-dinh-dam-the-gioi-188260324111317605.chn,3/24/2026 11:24,3/24/2026,,trung_tinh,trung_tinh,an
258,TCB,https://cafef.vn/techcombank-dong-hanh-cung-chuoi-su-kien-dac-biet-ky-niem-80-nam-cach-mang-thang-tam-va-quoc-khanh-29-188250819103037551.chn,8/19/2025 10:30,8/19/2025,,trung_tinh,trung_tinh,an
259,HPG,https://cafef.vn/cac-dn-mo-rong-quy-mo-don-chu-ky-tang-truong-moi-hoa-phat-dabaco-duoc-hau-giang-may-song-hong-duoc-goi-ten-188240521072857141.chn,5/21/2024 7:19,5/21/2024,trung_tinh,,trung_tinh,duyen
260,TCB,https://cafef.vn/techcombank-bao-lai-truoc-thue-quy-22025-gan-7900-ty-dong-cao-nhat-tu-truoc-den-nay-188250722005155495.chn,7/22/2025 1:00,7/22/2025,,tich_cuc,tich_cuc,an
261,TCB,https://cafef.vn/cuoc-dua-casa-ngan-hang-tu-thach-thuc-kep-2023-sang-thuan-loi-kep-2024-188240312004039402.chn,3/12/2024 8:00,3/12/2024,,trung_tinh,trung_tinh,an
262,MSN,https://cafef.vn/8-nam-sau-thuong-vu-ban-von-cho-singha-dinh-gia-hon-4-ty-usd-masan-consumer-holdings-hien-gio-ra-sao-18824041711582492.chn,4/17/2024 12:37,4/17/2024,trung_tinh,trung_tinh,trung_tinh,nhat_tri
263,VHM,https://cafef.vn/vinhomes-thoai-toan-bo-von-cong-ty-con-nghin-ty-tai-hung-yen-188241223102415084.chn,12/23/2024 10:23,12/23/2024,,trung_tinh,trung_tinh,an
264,VIC,https://cafef.vn/vingroup-phat-hanh-thanh-cong-3500-ty-dong-trai-phieu-lai-suat-11nam-188251003151921403.chn,10/3/2025 15:47,10/6/2025,trung_tinh,,trung_tinh,duyen
265,TCB,https://cafef.vn/hai-nguoi-con-cua-chu-tich-techcombank-da-chi-hang-nghin-ty-mua-co-phieu-deu-lot-top-25-nguoi-giau-nhat-san-chung-khoan-viet-nam-du-con-rat-tre-188231215112333724.chn,12/15/2023 11:29,12/15/2023,trung_tinh,,trung_tinh,duyen
266,HPG,https://cafef.vn/ty-phu-tran-dinh-long-don-tin-vui-hoa-phat-khong-bi-eu-ap-thue-chong-ban-pha-gia-doi-voi-thep-cuon-can-nong-hrc-188250926184135492.chn,9/26/2025 18:41,9/29/2025,,tich_cuc,tich_cuc,an
267,HPG,https://cafef.vn/nghe-thuat-can-gio-cua-ty-phu-tran-dinh-long-nha-may-moi-luon-di-vao-hoat-dong-dung-chu-ky-tiep-theo-cua-nganh-thep-va-bds-188240312163026945.chn,3/13/2024 0:11,3/13/2024,,trung_tinh,trung_tinh,an
268,VJC,https://cafef.vn/ty-phu-nguyen-thi-phuong-thao-bat-tay-cac-doanh-nghiep-my-tong-von-de-xuat-len-toi-119-ty-usd-188250703170448037.chn,7/3/2025 17:02,7/4/2025,trung_tinh,trung_tinh,trung_tinh,nhat_tri
269,HPG,https://cafef.vn/hoa-phat-cua-ty-phu-tran-dinh-long-muon-dau-tu-them-3-khu-cong-nghiep-188250102130032182.chn,1/2/2025 14:01,1/2/2025,tich_cuc,,tich_cuc,duyen
270,GAS,https://cafef.vn/cong-ty-dau-khi-lon-nhat-san-chung-khoan-viet-nam-phat-thong-bao-quan-trong-18826032514031773.chn,3/25/2026 14:03,3/25/2026,trung_tinh,,trung_tinh,duyen
271,TCB,https://cafef.vn/techcombank-ghi-dau-an-tai-trien-lam-thanh-tuu-dat-nuoc-188250828201140032.chn,8/28/2025 20:11,8/29/2025,,trung_tinh,trung_tinh,an
272,VHM,https://cafef.vn/soi-danh-muc-du-an-do-so-chua-tung-co-cua-vinhomes-hon-138000-ty-dong-doanh-so-ban-hang-chua-ghi-nhan-188250819071636076.chn,8/19/2025 7:16,8/19/2025,trung_tinh,trung_tinh,trung_tinh,nhat_tri
273,MWG,https://cafef.vn/ong-nguyen-duc-tai-mo-hinh-phat-trien-cua-the-gioi-di-dong-khong-co-gioi-han-co-the-bien-nganh-hang-nho-nhoi-thanh-vi-dai-188250426143927415.chn,4/26/2025 14:39,4/28/2025,,trung_tinh,trung_tinh,an
274,FPT,https://cafef.vn/tien-si-viet-nam-trong-top-150-lanh-dao-ai-toan-cau-tro-thanh-giam-doc-cong-nghe-fpt-188260302153733472.chn,3/2/2026 15:37,3/3/2026,trung_tinh,,trung_tinh,duyen
275,VIC,https://cafef.vn/cau-tu-lien-do-vingroup-va-tap-doan-xay-dung-lon-nhat-trung-quoc-thuc-hien-se-khoi-cong-vao-quy-32025-cam-ket-xung-tam-188241127114641557.chn,11/27/2024 11:46,11/27/2024,trung_tinh,,trung_tinh,duyen
276,VCB,https://cafef.vn/de-che-cua-ong-pham-nhat-vuong-chi-co-373-nhan-su-nu-nhung-cac-nu-tuong-chiem-59-ngan-hang-la-thanh-dia-cua-gioi-nu-ngoai-tru-sacombank-188251007075236181.chn,10/7/2025 7:52,10/7/2025,,trung_tinh,trung_tinh,an
277,STB,https://cafef.vn/co-phieu-sacombank-but-pha-sau-loat-thong-tin-quan-trong-188260225110946618.chn,2/25/2026 11:10,2/25/2026,trung_tinh,,trung_tinh,duyen
278,MWG,https://cafef.vn/em-gai-chu-tich-the-gioi-di-dong-nguyen-duc-tai-muon-ban-gan-nua-luong-co-phieu-mwg-dang-nam-giu-188240308164125386.chn,3/9/2024 0:10,3/11/2024,,tieu_cuc,tieu_cuc,an
279,MSN,https://cafef.vn/giam-doc-tai-chinh-masan-group-tiet-lo-chieu-dac-biet-tiet-kiem-duoc-500-ty-chi-phi-lai-vay-188250729084238806.chn,7/29/2025 8:42,7/29/2025,,trung_tinh,trung_tinh,an
280,HPG,https://cafef.vn/gia-tri-von-hoa-cua-hoa-phat-vut-len-hon-176000-ty-dong-mot-lan-nua-vuot-tren-vingroup-188240227130815708.chn,2/27/2024 15:09,2/28/2024,trung_tinh,,trung_tinh,duyen
281,VIC,https://cafef.vn/vingroup-muon-lam-lng-hai-phong-5000-mw-du-thao-dieu-chinh-quy-hoach-dien-viii-chi-cho-1600-mw-va-lui-5-nam-188250327230925196.chn,3/28/2025 0:04,3/28/2025,,trung_tinh,trung_tinh,an
282,GVR,https://cafef.vn/theo-chan-vietnam-airlines-viettel-global-vimc-mot-co-phieu-dn-nha-nuoc-tung-tang-83-da-giam-san-trong-phien-177-188240717151002783.chn,7/17/2024 15:19,7/18/2024,tieu_cuc,,tieu_cuc,duyen
283,VIC,https://cafef.vn/quy-thien-tam-cua-vingroup-kich-hoat-goi-ho-tro-khan-cap-dong-bao-bao-lut-huong-dan-dang-ky-thong-tin-188251120152952449.chn,11/20/2025 15:30,11/21/2025,,trung_tinh,trung_tinh,an
284,VNM,https://cafef.vn/vinamilk-vnm-chot-quyen-hop-dhdcd-kem-co-tuc-ty-phu-thai-lan-sap-bo-tui-hang-tram-ty-188240309102311733.chn,3/9/2024 10:21,3/11/2024,trung_tinh,,trung_tinh,duyen
285,POW,https://cafef.vn/pv-power-pow-uoc-lai-2023-sut-giam-53-so-voi-nam-truoc-muc-tieu-loi-nhuan-2024-duoi-nghin-ty-188240113103301056.chn,1/13/2024 10:58,1/15/2024,tieu_cuc,tieu_cuc,tieu_cuc,nhat_tri
286,HPG,https://cafef.vn/hoa-phat-sap-phat-hanh-hon-581-trieu-co-phieu-thuong-tang-von-dieu-le-len-xap-xi-64000-ty-dong-188240428125118004.chn,4/28/2024 12:51,4/29/2024,,trung_tinh,trung_tinh,an
287,MWG,https://cafef.vn/sau-nam-2023-lai-thap-chua-tung-thay-the-gioi-di-dong-mwg-len-ke-hoach-loi-nhuan-2024-tang-gap-14-lan-nhung-van-kem-xa-thoi-dinh-cao-188240201235709666.chn,2/2/2024 0:52,2/2/2024,trung_tinh,trung_tinh,trung_tinh,nhat_tri
288,FPT,https://cafef.vn/fpt-chot-quyen-phat-hanh-hon-222-trieu-co-phieu-tang-von-len-tren-17000-ty-188250711102417679.chn,7/11/2025 10:24,7/11/2025,,trung_tinh,trung_tinh,an
289,MSN,https://cafef.vn/giai-ma-suc-hut-cua-co-phieu-masan-vi-sao-cac-ca-map-nuoc-ngoai-lai-san-don-18825092314454065.chn,9/23/2025 15:00,9/24/2025,tich_cuc,tich_cuc,tich_cuc,nhat_tri
290,VIC,https://cafef.vn/vingroup-ho-tro-tinh-khanh-hoa-100-ty-dong-khac-phuc-hau-qua-thien-tai-188251124100032049.chn,11/24/2025 10:01,11/24/2025,trung_tinh,,trung_tinh,duyen
291,BCM,https://cafef.vn/ty-le-tan-thanh-chi-285-becamex-idc-vo-ke-hoach-phat-hanh-them-150-trieu-co-phieu-gia-toi-thieu-50000-dongcp-188250918152001933.chn,9/18/2025 15:19,9/19/2025,,trung_tinh,trung_tinh,an
292,ACB,https://cafef.vn/nhung-cai-ten-lai-lon-nhat-san-chung-khoan-quy-32024-vinhomes-doi-lai-ngoi-vuong-mot-cai-ten-gay-bat-ngo-188241101073751618.chn,11/1/2024 7:37,11/1/2024,,trung_tinh,trung_tinh,an
293,POW,https://cafef.vn/co-phieu-doanh-nghiep-dien-lon-nhat-san-chung-khoan-viet-nam-co-bien-188240618111837997.chn,6/18/2024 11:17,6/18/2024,tich_cuc,trung_tinh,trung_tinh,bat_dong_uu_tien_an
294,MWG,https://cafef.vn/con-thuyen-cua-thuyen-truong-nguyen-duc-tai-giam-8600-thuy-thu-nam-2023-lan-dau-tien-bot-nguoi-sau-mot-thap-ky-tang-truong-188240202090940983.chn,2/2/2024 9:09,2/2/2024,,tieu_cuc,tieu_cuc,an
295,VNM,https://cafef.vn/tap-doan-anh-quoc-vua-ban-6000-ty-co-phan-vinamilk-dang-nam-ree-va-thaco-tung-xay-duong-sat-tai-trung-quoc-tu-the-ky-19-188251219071256656.chn,12/19/2025 7:12,12/19/2025,trung_tinh,,trung_tinh,duyen
296,VHM,https://cafef.vn/khoi-ngoai-tiep-tuc-bom-them-nghin-ty-vao-co-phieu-vinhomes-qua-mot-loat-thoa-thuan-khung-188231023140246873.chn,10/23/2023 14:02,10/23/2023,trung_tinh,,trung_tinh,duyen
297,VIC,https://cafef.vn/soi-khoi-tai-san-1-trieu-ty-cua-vingroup-122500-ty-nam-trong-bds-de-ban-dang-xay-dung-17700-ty-o-cac-du-an-vinfast-rot-3400-ty-lap-vinenergo-va-vinspeed-188251104073150229.chn,11/4/2025 7:31,11/4/2025,trung_tinh,,trung_tinh,duyen
298,FPT,https://cafef.vn/vua-nhan-co-tuc-xong-co-dong-fpt-lai-sap-bo-tui-gan-1500-ty-dong-tam-ung-cho-nam-2024-188240729140842109.chn,7/29/2024 14:24,7/29/2024,,tich_cuc,tich_cuc,an
299,MWG,https://cafef.vn/ong-nguyen-duc-tai-noi-ve-cach-chon-lanh-dao-cho-the-gioi-di-dong-co-mot-bo-cpu-chay-on-khong-lua-thay-phan-ban-khong-chem-dinh-chat-sat-188240413153606877.chn,4/13/2024 15:41,4/15/2024,,trung_tinh,trung_tinh,an
300,HPG,https://cafef.vn/moi-ngay-hoa-phat-nop-ngan-sach-hon-35-ty-dong-tu-khi-niem-yet-da-dong-gop-101000-ty-dong-188260113162156243.chn,1/13/2026 16:21,1/14/2026,trung_tinh,,trung_tinh,duyen
301,VJC,https://cafef.vn/hai-hang-bay-lon-nhat-viet-nam-kinh-doanh-the-nao-trong-nam-2023-ben-lai-hon-300-ty-ben-lo-hon-5000-ty-188240204085715948.chn,2/4/2024 8:57,2/5/2024,,tich_cuc,tich_cuc,an
302,VIC,https://cafef.vn/vingroup-dat-bao-nhieu-doanh-thu-tu-mang-giao-duc-188250903223821805.chn,9/4/2025 0:03,9/4/2025,,trung_tinh,trung_tinh,an
303,MWG,https://cafef.vn/nhan-luong-0-dong-ca-nam-sep-the-gioi-di-dong-sap-so-huu-khoi-tai-san-gan-90-ti-18825021407105851.chn,2/14/2025 8:10,2/14/2025,trung_tinh,,trung_tinh,duyen
304,MBB,https://cafef.vn/ty-le-tien-gui-khong-ky-han-toi-401-trong-nam-2023-mb-giu-vung-ngoi-vi-quan-quan-ve-casa-nam-thu-2-lien-tiep-188240130210456244.chn,1/30/2024 20:47,1/31/2024,,tich_cuc,tich_cuc,an
305,GAS,https://cafef.vn/dai-gia-nganh-khi-viet-nam-om-luong-tien-mat-khong-lo-lon-hon-von-hoa-duc-giang-pv-power-va-nhieu-ngan-hang-188240731111715922.chn,7/31/2024 11:10,7/31/2024,,trung_tinh,trung_tinh,an
306,FPT,https://cafef.vn/niem-vui-cua-co-dong-fpt-188241129113611511.chn,11/29/2024 11:35,11/29/2024,,tich_cuc,tich_cuc,an
307,HPG,https://cafef.vn/du-an-hang-nghin-ty-cua-tap-doan-hoa-phat-hpg-tai-hung-yen-vua-bi-thanh-tra-chinh-phu-diem-ten-vi-pham-188240228104718735.chn,2/28/2024 10:55,2/28/2024,tieu_cuc,,tieu_cuc,duyen
308,VHM,https://cafef.vn/vinhomes-huy-dong-15000-ty-dong-trai-phieu-188250818170251322.chn,8/18/2025 17:02,8/19/2025,trung_tinh,,trung_tinh,duyen
309,STB,https://cafef.vn/sacombank-uoc-lai-truoc-thue-nam-2023-dat-9500-ty-dong-188231222104029746.chn,12/22/2023 10:40,12/22/2023,trung_tinh,,trung_tinh,duyen
310,VRE,https://cafef.vn/vincom-retail-thanh-toan-gan-93-ty-dong-lai-trai-phieu-trong-nua-dau-nam-2025-188250725072352675.chn,7/25/2025 7:23,7/25/2025,,trung_tinh,trung_tinh,an
311,VCB,https://cafef.vn/ngan-hang-dat-gia-nhat-viet-nam-lap-2-ky-luc-lien-tiep-trong-mot-ngay-188250312150104174.chn,3/12/2025 15:00,3/13/2025,,trung_tinh,trung_tinh,an
312,STB,https://cafef.vn/sacombank-danh-tieng-thau-tom-cong-ty-chung-khoan-mot-cai-ten-bat-ngo-tang-tran-188250422153046152.chn,4/22/2025 15:45,4/23/2025,,trung_tinh,trung_tinh,an
313,VPB,https://cafef.vn/vpbank-lap-ky-luc-moi-trong-nhom-ngan-hang-tu-nhan-tong-tai-san-vuot-11-trieu-ty-dong-casa-tang-truong-40-trong-6-thang-dau-nam-188250722145938433.chn,7/22/2025 14:59,7/22/2025,,tich_cuc,tich_cuc,an
314,FPT,https://cafef.vn/dai-hoc-fpt-tuyen-1000-sinh-vien-nganh-thiet-ke-vi-mach-ban-dan-cap-hoc-bong-tu-50-den-100-188240617163107185.chn,6/17/2024 16:31,6/18/2024,,trung_tinh,trung_tinh,an
315,FPT,https://cafef.vn/fpt-bao-lai-sau-thue-11-thang-tang-truong-19-thu-ve-gan-1-ty-usd-tu-nuoc-ngoai-1882312150942061.chn,12/15/2023 9:41,12/15/2023,,tich_cuc,tich_cuc,an
316,MWG,https://cafef.vn/the-gioi-di-dong-lap-2-cong-ty-con-quan-ly-chuoi-nha-thuoc-an-khang-va-avakids-188251107085057243.chn,11/7/2025 9:10,11/7/2025,,trung_tinh,trung_tinh,an
317,GAS,https://cafef.vn/nhan-vien-cua-ty-phu-pham-nhat-vuong-dem-ve-hon-130-ty-dong-loi-nhuan-moi-nguoi-vuot-mat-hang-loat-ctck-bat-dong-san-188260309072942067.chn,3/9/2026 7:29,3/9/2026,,trung_tinh,trung_tinh,an
318,VIC,https://cafef.vn/chuan-bi-cho-du-an-dat-do-o-235-nguyen-trai-vingroup-da-ho-tro-bao-nhieu-cho-tong-cong-ty-thuoc-la-viet-nam-de-di-doi-nha-may-188250627073426508.chn,6/27/2025 7:34,6/27/2025,trung_tinh,,trung_tinh,duyen
319,MWG,https://cafef.vn/dat-muc-tieu-doanh-thu-10-ty-usd-chuoi-bach-hoa-xanh-ram-ro-mo-gan-tram-cua-hang-ngay-tu-dau-nam-2025-188250225133120936.chn,2/25/2025 13:31,2/25/2025,trung_tinh,,trung_tinh,duyen
320,MWG,https://cafef.vn/lan-dau-tien-tgdd-dong-cua-bot-topzone-chuoi-tung-duoc-ky-vong-vuon-len-thong-tri-trong-so-cac-nha-ban-le-cua-apple-tai-viet-nam-188231103192029656.chn,11/3/2023 19:20,11/6/2023,trung_tinh,,trung_tinh,duyen
321,POW,https://cafef.vn/pv-power-bao-doanh-thu-sut-giam-13-trong-thang-2-chot-xong-gia-dien-cho-nha-may-dien-nhon-trach-3-va-4-188240312103111915.chn,3/12/2024 10:17,3/12/2024,tieu_cuc,,tieu_cuc,duyen
322,VIC,https://cafef.vn/dhcd-vingroup-thang-5-se-niem-yet-vinpearl-vinfast-neu-dat-ke-hoach-ban-200000-xe-se-hoa-von-tai-viet-nam-188250424095655272.chn,4/24/2025 9:56,4/24/2025,,trung_tinh,trung_tinh,an
323,MWG,https://cafef.vn/trong-khi-mwg-vui-ve-voi-nhieu-chien-tich-frt-tuyen-bo-rut-khoi-cuoc-chien-gia-chuyen-huong-tang-hau-mai-cho-khach-mua-iphone-gia-nhap-mang-di-dong-ao-188231121080714762.chn,11/21/2023 8:08,11/21/2023,,trung_tinh,trung_tinh,an
324,FPT,https://cafef.vn/fpt-can-moc-doanh-thu-1-ty-usd-xuat-khau-phan-mem-188231222141317729.chn,12/22/2023 14:08,12/22/2023,tich_cuc,,tich_cuc,duyen
325,POW,https://cafef.vn/pv-power-pow-co-hon-900-ty-dong-no-xau-phat-sinh-them-hon-300-ty-no-xau-cua-pvi-188250731212457176.chn,7/31/2025 21:24,8/1/2025,trung_tinh,,trung_tinh,duyen
326,HPG,https://cafef.vn/hoa-phat-bat-ngo-trinh-phuong-an-khong-tra-co-tuc-tien-mat-truoc-lo-ngai-chinh-sach-thue-quan-188250408230247187.chn,4/9/2025 0:01,4/9/2025,trung_tinh,,trung_tinh,duyen
327,VJC,https://cafef.vn/hang-khong-troi-day-1-dai-dien-co-von-hoa-vuot-10-ty-usd-co-phieu-vietnam-airlines-tang-130-sieu-du-an-san-bay-long-thanh-tao-cu-hich-18824061102330846.chn,6/11/2024 7:11,6/11/2024,tich_cuc,trung_tinh,trung_tinh,bat_dong_uu_tien_an
328,FPT,https://cafef.vn/vua-mua-3-cong-ty-cua-my-fpt-lai-mua-them-1-cong-ty-tu-van-cua-phap-188231206123718111.chn,12/6/2023 12:35,12/6/2023,trung_tinh,,trung_tinh,duyen
329,FPT,https://cafef.vn/ong-truong-gia-binh-thanh-nien-my-nhat-ban-han-quoc-ngai-lam-trong-nganh-ban-dan-vi-vat-va-se-la-co-hoi-cho-nguoi-tre-viet-nam-188240117101040477.chn,1/17/2024 10:12,1/17/2024,trung_tinh,,trung_tinh,duyen
330,HPG,https://cafef.vn/pho-thu-tuong-mong-muon-hoa-phat-nghien-cuu-san-xuat-thep-phuc-vu-du-an-duong-sat-cao-toc-bac-nam-188250116093842858.chn,1/16/2025 9:39,1/16/2025,trung_tinh,,trung_tinh,duyen
331,FPT,https://cafef.vn/diem-chung-dang-kinh-ngac-cua-nvidia-va-fpt-18824112207292306.chn,11/22/2024 7:29,11/22/2024,trung_tinh,,trung_tinh,duyen
332,HPG,https://cafef.vn/vndirect-bds-trung-quoc-suy-yeu-gia-thep-co-the-tiep-tuc-giam-se-anh-huong-den-hoa-phat-188241212003619672.chn,12/12/2024 0:36,12/12/2024,tieu_cuc,,tieu_cuc,duyen
333,BCM,https://cafef.vn/tin-moi-ve-thuong-vu-dau-gia-co-phan-lon-nhat-lich-su-chung-khoan-188250609080848753.chn,6/9/2025 8:08,6/9/2025,trung_tinh,,trung_tinh,duyen
334,VIC,https://cafef.vn/vingroup-de-xuat-du-an-dien-gio-45-ty-usd-o-khu-vuc-dong-bang-song-cuu-long-188250410134059783.chn,4/10/2025 13:40,4/10/2025,trung_tinh,,trung_tinh,duyen
335,VHM,https://cafef.vn/vinhomes-da-mua-mot-cong-ty-bds-cua-dai-gia-ca-tam-le-anh-duc-18823100210572231.chn,10/2/2023 10:57,10/2/2023,,trung_tinh,trung_tinh,an
336,MSN,https://cafef.vn/chu-tich-masan-nguyen-dang-quang-tro-lai-danh-sach-ty-phu-usd-188250626204109033.chn,6/26/2025 20:40,6/27/2025,trung_tinh,,trung_tinh,duyen
337,SHB,https://cafef.vn/co-phieu-nha-bau-hien-khuay-dong-san-chung-khoan-188250515143647517.chn,5/15/2025 14:36,5/15/2025,trung_tinh,trung_tinh,trung_tinh,nhat_tri
338,SHB,https://cafef.vn/vua-chi-gan-tram-ty-mua-shs-ong-do-quang-vinh-du-kien-chi-tiep-1100-ty-mua-co-phieu-shb-188240413185211243.chn,4/13/2024 18:45,4/15/2024,trung_tinh,tich_cuc,tich_cuc,bat_dong_uu_tien_an
339,FPT,https://cafef.vn/tang-gan-70-tu-dau-nam-tai-san-cua-ong-truong-gia-binh-va-cac-lanh-dao-chu-chot-fpt-can-moc-1-ty-usd-188241013074438253.chn,10/13/2024 7:44,10/14/2024,,trung_tinh,trung_tinh,an
340,BID,https://cafef.vn/co-phieu-bid-tang-kich-tran-lap-dinh-moi-von-hoa-bidv-vuot-moc-300000-ty-dong-18824022313453911.chn,2/23/2024 13:46,2/23/2024,,trung_tinh,trung_tinh,an
341,STB,https://cafef.vn/quy-ngoai-ho-vnindex-len-3200-diem-co-co-phieu-top-1-danh-muc-vua-tang-tran-188251222131323074.chn,12/22/2025 13:13,12/22/2025,tich_cuc,trung_tinh,trung_tinh,bat_dong_uu_tien_an
342,VHM,https://cafef.vn/vinhomes-tach-cong-ty-trong-mang-khu-cong-nghiep-ra-lam-3-cong-ty-con-moi-tong-von-18500-ty-dong-188241105122953215.chn,11/5/2024 12:43,11/5/2024,,trung_tinh,trung_tinh,an
343,SHB,https://cafef.vn/dragon-capital-kim-hanwha-lifevina-capital-va-hang-loat-quy-lon-tham-gia-rot-von-vao-shb-188260312082743664.chn,3/12/2026 8:27,3/12/2026,trung_tinh,,trung_tinh,duyen
344,MWG,https://cafef.vn/ong-nguyen-duc-tai-noi-chua-thay-nha-thuoc-nao-tiem-chung-thuc-te-loat-ong-lon-the-gioi-cvs-walgreens-da-lam-tu-lau-188250506225922625.chn,5/7/2025 0:01,5/7/2025,,trung_tinh,trung_tinh,an
345,BID,https://cafef.vn/he-lo-doanh-thu-va-loi-nhuan-cua-cac-doanh-nghiep-lon-nhat-viet-nam-188231122003947195.chn,11/22/2023 0:39,11/22/2023,,trung_tinh,trung_tinh,an
346,VHM,https://cafef.vn/co-phieu-vinhomes-vietnam-airlines-novaland-gelex-tang-kich-tran-188250521151924787.chn,5/21/2025 15:19,5/22/2025,trung_tinh,,trung_tinh,duyen
347,MSN,https://cafef.vn/dai-dien-cua-sk-group-roi-hdqt-masan-group-sau-1-nam-188240905105048879.chn,9/5/2024 10:51,9/5/2024,trung_tinh,,trung_tinh,duyen
348,TCB,https://cafef.vn/roi-fmcg-de-dau-quan-ve-techcombank-cmo-nguoi-viet-nam-duy-nhat-lot-vao-danh-sach-top-50-cmos-apac-power-list-2-nam-lien-tiep-188250804211807972.chn,8/5/2025 8:00,8/5/2025,trung_tinh,,trung_tinh,duyen
349,VIC,https://cafef.vn/vingroup-lay-lai-vi-tri-doanh-nghiep-tu-nhan-so-1-san-chung-khoan-viet-nam-tu-tay-fpt-188250314145822501.chn,3/14/2025 14:57,3/14/2025,,trung_tinh,trung_tinh,an
350,FPT,https://cafef.vn/vietcap-doanh-thu-ky-moi-mang-cntt-nuoc-ngoai-cua-fpt-tiep-tuc-phuc-hoi-188251028112210247.chn,10/28/2025 11:22,10/28/2025,,trung_tinh,trung_tinh,an
351,MWG,https://cafef.vn/ong-nguyen-duc-tai-khang-dinh-chac-nich-2025-the-gioi-di-dong-se-mua-co-phieu-quy-chi-tra-co-tuc-tien-tuoi-cho-co-dong-188250221223423954.chn,2/22/2025 0:01,2/24/2025,trung_tinh,tich_cuc,tich_cuc,bat_dong_uu_tien_an
352,SAB,https://cafef.vn/mot-dn-bia-de-xuat-thay-quy-dinh-khong-cho-phep-co-nong-do-con-khi-lai-xe-chi-thiet-lap-gioi-han-o-mot-muc-hop-ly-188240531100910956.chn,5/31/2024 10:12,5/31/2024,,trung_tinh,trung_tinh,an
353,BCM,https://cafef.vn/goi-ten-10-dn-bat-dong-san-bao-lai-tang-manh-nhat-san-chung-khoan-quy-22025-co-cong-ty-tang-den-4009-188250802085843833.chn,8/2/2025 8:58,8/4/2025,trung_tinh,trung_tinh,trung_tinh,nhat_tri
354,MSN,https://cafef.vn/det-may-tcm-fpt-thaco-vinamilk-nutifood-tich-cuc-chi-hang-trieu-usd-thau-tom-doi-tac-ngoai-188240422110428598.chn,4/22/2024 11:27,4/22/2024,trung_tinh,,trung_tinh,duyen
355,POW,https://cafef.vn/nha-may-dien-dau-tien-tai-viet-nam-su-dung-nhien-lieu-khi-lng-von-dau-tu-ty-usd-sap-hoat-dong-188240223165833441.chn,2/23/2024 17:22,2/26/2024,trung_tinh,,trung_tinh,duyen
356,MWG,https://cafef.vn/the-gioi-di-dong-quay-xe-moi-nhan-vien-cu-tro-lai-lam-viec-manh-tay-rut-hau-bao-tang-hon-30-chi-phi-cho-nguoi-lao-dong-188250204173835063.chn,2/4/2025 18:00,2/5/2025,trung_tinh,,trung_tinh,duyen
357,FPT,https://cafef.vn/co-phieu-fpt-lai-vuot-dinh-nhu-mot-thoi-quen-gia-tri-tap-doan-cong-nghe-so-1-viet-nam-vuot-vietinbank-techcombank-vpbank-188240604154013915.chn,6/4/2024 15:41,6/5/2024,,tich_cuc,tich_cuc,an
358,HPG,https://cafef.vn/hoa-phat-cua-ty-phu-tran-dinh-long-vay-no-ky-luc-hon-60000-ty-rot-vao-qua-dam-thep-dung-quat-2-188250126230946347.chn,1/27/2025 0:01,1/27/2025,trung_tinh,,trung_tinh,duyen
359,MWG,https://cafef.vn/the-gioi-di-dong-bao-lai-nam-2024-cao-gap-22-lan-loat-chuoi-cua-hang-bach-hoa-xanh-erablue-avakids-mang-tien-ve-cho-me-188250124111250757.chn,1/24/2025 11:13,1/24/2025,,tich_cuc,tich_cuc,an
360,FPT,https://cafef.vn/ong-do-cao-bao-nho-co-ai-fpt-va-viet-nam-dang-co-lan-dau-cung-diem-xuat-phat-voi-cac-quoc-gia-tren-the-gioi-188240707170231739.chn,7/7/2024 19:50,7/8/2024,trung_tinh,trung_tinh,trung_tinh,nhat_tri
361,MWG,https://cafef.vn/7-nam-sau-that-bai-cua-vuivuicom-ong-nguyen-duc-tai-da-du-tu-tin-tro-lai-doi-dau-shopee-tiktok-shop-trong-cuoc-choi-tmdt-188250614224819412.chn,6/15/2025 0:04,6/16/2025,trung_tinh,,trung_tinh,duyen
362,VHM,https://cafef.vn/vinhomes-chi-hon-3600-ty-dong-tat-toan-2-lo-trai-phieu-188251021145851046.chn,10/21/2025 15:27,10/22/2025,trung_tinh,,trung_tinh,duyen
363,MWG,https://cafef.vn/tong-giam-doc-mwg-noi-gi-ve-ke-hoach-mo-rong-sang-indonesia-va-thi-truong-moi-188260212074208429.chn,2/12/2026 7:42,2/12/2026,,trung_tinh,trung_tinh,an
364,MSN,https://cafef.vn/quy-dau-tu-chinh-phu-singapore-chinh-thuc-khong-con-la-co-dong-lon-cua-masan-group-188240322200944866.chn,3/23/2024 8:41,3/25/2024,,tieu_cuc,tieu_cuc,an
365,SSI,https://cafef.vn/chua-bao-gio-viet-nam-co-nhieu-cong-ty-chung-khoan-ty-usd-von-hoa-nhu-hien-nay-188250817230708635.chn,8/18/2025 0:08,8/18/2025,trung_tinh,,trung_tinh,duyen
366,VHM,https://cafef.vn/cong-ty-con-cua-vinhomes-muon-dau-tu-gan-900-ty-dong-de-xay-san-golf-21-lo-tai-quang-ninh-188250618114606363.chn,6/18/2025 11:45,6/18/2025,trung_tinh,,trung_tinh,duyen
367,VHM,https://cafef.vn/vinfast-bat-tang-36-sau-mot-tuan-co-phieu-vic-vhm-vre-dong-loat-khoi-sac-sau-cuoc-gap-cua-ty-phu-pham-nhat-vuong-voi-ty-phu-an-do-188231109095815488.chn,11/9/2023 10:59,11/9/2023,tich_cuc,trung_tinh,trung_tinh,bat_dong_uu_tien_an
368,HPG,https://cafef.vn/khop-lenh-dien-cuong-tai-hoa-phat-26-trieu-co-phieu-chot-trong-30-phut-phat-co-nhom-thep-cung-boc-dau-188250530104356109.chn,5/30/2025 10:42,5/30/2025,trung_tinh,,trung_tinh,duyen
369,VPB,https://cafef.vn/he-so-car-dat-17-vpbank-di-dau-ve-he-so-an-toan-von-nam-2023-188240130194651846.chn,1/30/2024 20:00,1/31/2024,tich_cuc,trung_tinh,trung_tinh,bat_dong_uu_tien_an
370,MWG,https://cafef.vn/buon-cua-the-gioi-di-dong-tung-mo-2-cua-hang-tren-cung-mot-con-pho-de-do-qua-tai-gio-phai-dong-bot-1-vi-tro-thanh-ke-an-bam-188231127161250506.chn,11/27/2023 16:12,11/28/2023,,trung_tinh,trung_tinh,an
371,SHB,https://cafef.vn/tap-doan-tt-cua-bau-hien-muon-ban-745-trieu-co-phieu-shb-188240508200935977.chn,5/8/2024 20:09,5/9/2024,trung_tinh,trung_tinh,trung_tinh,nhat_tri
372,VHM,https://cafef.vn/vinhomes-tuyen-moi-gioi-bat-dong-san-quy-mo-lon-de-tu-ban-hang-188240109123507527.chn,1/9/2024 12:42,1/9/2024,,trung_tinh,trung_tinh,an
373,VRE,https://cafef.vn/doanh-nghiep-so-huu-he-thong-trung-tam-thuong-mai-lon-nhat-viet-nam-bao-lai-quy-3-tang-66-so-voi-cung-ky-nam-truoc-188231024111703943.chn,10/24/2023 11:17,10/24/2023,,tich_cuc,tich_cuc,an
374,SAB,https://cafef.vn/sabeco-sab-gap-kho-khi-nhieu-ho-kinh-doanh-dong-cua-no-luc-tim-kenh-phan-phoi-moi-18825110807332259.chn,11/8/2025 7:33,11/10/2025,tieu_cuc,,tieu_cuc,duyen
375,POW,https://cafef.vn/nt2-chot-quyen-chia-co-tuc-bang-tien-pv-power-sap-bo-tui-120-ty-dong-188240304093335766.chn,3/4/2024 9:28,3/4/2024,trung_tinh,,trung_tinh,duyen
376,SSB,https://cafef.vn/mot-ngan-hang-bao-lai-quy-12025-tang-toi-189-188250416175014417.chn,4/16/2025 17:50,4/17/2025,tich_cuc,,tich_cuc,duyen
377,VHM,https://cafef.vn/vinhomes-rot-21000-ty-dong-xay-nha-xuong-cho-thue-danh-cho-vinfast-tai-ha-tinh-can-toi-15000-lao-dong-188250929152455137.chn,9/29/2025 15:24,9/30/2025,,trung_tinh,trung_tinh,an
378,VJC,https://cafef.vn/vietjet-dat-ke-hoach-van-chuyen-27-trieu-luot-khach-nam-2024-chia-co-tuc-25-188240426194323296.chn,4/26/2024 21:42,4/29/2024,trung_tinh,,trung_tinh,duyen
379,VRE,https://cafef.vn/nu-tuong-than-can-voi-ty-phu-pham-nhat-vuong-tro-thanh-chu-tich-vincom-retail-188240424151118688.chn,4/24/2024 16:22,4/25/2024,trung_tinh,,trung_tinh,duyen
380,VHM,https://cafef.vn/bat-ngo-voi-thu-lao-cua-ong-chu-cac-doanh-nghiep-dia-oc-tham-chi-nguoi-giau-nhat-viet-nam-chi-duoc-tra-luong-0-dong-188240307231016446.chn,4/16/2024 14:55,4/16/2024,trung_tinh,trung_tinh,trung_tinh,nhat_tri
381,FPT,https://cafef.vn/fpt-tiep-tuc-pha-dinh-loi-nhuan-trong-quy-3-tang-truong-gan-20-so-voi-cung-ky-nam-truoc-188231017101044113.chn,10/17/2023 10:10,10/17/2023,tich_cuc,,tich_cuc,duyen
382,VIC,https://cafef.vn/nong-vingroup-muon-rot-14-ty-usd-dau-tu-du-an-khu-ben-cang-va-trung-tam-logistics-tai-hai-phong-188250804091708309.chn,8/4/2025 9:17,8/4/2025,,trung_tinh,trung_tinh,an
383,VHM,https://cafef.vn/vinhomes-len-ke-hoach-phat-hanh-trai-phieu-188240325092208254.chn,3/25/2024 9:14,3/25/2024,trung_tinh,,trung_tinh,duyen
384,HPG,https://cafef.vn/hoa-phat-lap-ky-luc-nop-ngan-sach-13400-ty-dong-tang-gap-ruoi-188250304150258401.chn,3/4/2025 15:02,3/5/2025,trung_tinh,,trung_tinh,duyen
385,MWG,https://cafef.vn/uoc-tinh-dong-200-cua-hang-tai-viet-nam-trong-3-thang-cuoi-nam-2023-the-gioi-di-dong-vua-khai-truong-cua-hang-erablue-thu-50-tai-indonesia-188240125154054776.chn,1/25/2024 15:38,1/26/2024,trung_tinh,,trung_tinh,duyen
386,FPT,https://cafef.vn/da-nang-cong-nhan-fpt-la-doi-tac-chien-luoc-188250428104448053.chn,4/28/2025 10:44,4/28/2025,,trung_tinh,trung_tinh,an
387,VIC,https://cafef.vn/chung-khoan-viet-nam-hoi-gan-40-diem-tu-day-co-phieu-vingroup-ganh-thi-truong-188250404103957969.chn,4/4/2025 10:39,4/4/2025,,trung_tinh,trung_tinh,an
388,VRE,https://cafef.vn/vincom-retail-tung-them-3-tttm-trong-nam-2025-tang-120000-m2-san-cho-thue-188250108085801338.chn,1/8/2025 8:58,1/8/2025,,trung_tinh,trung_tinh,an
389,HPG,https://cafef.vn/qua-nhanh-con-trai-chu-tich-tran-dinh-long-dang-ky-mua-50-trieu-co-phieu-hpg-khi-gia-cham-day-6-thang-18826030920320776.chn,3/9/2026 20:32,3/10/2026,,trung_tinh,trung_tinh,an
390,VNM,https://cafef.vn/tang-120-tu-dau-nam-von-hoa-masan-consumer-vuot-qua-vinamilk-tro-thanh-cong-ty-lon-nhat-nganh-thuc-pham-do-uong-tren-san-chung-khoan-188240601185314302.chn,6/2/2024 8:16,6/3/2024,trung_tinh,,trung_tinh,duyen
391,HPG,https://cafef.vn/ong-thep-hoa-phat-lan-dau-tien-tham-nhap-vao-chuoi-ban-le-cua-quoc-gia-kho-tinh-hang-dau-chau-a-188240229091311299.chn,2/29/2024 9:13,2/29/2024,,trung_tinh,trung_tinh,an
392,VJC,https://cafef.vn/vietjet-cong-bo-bctc-kiem-toan-2025-tang-truong-loi-nhuan-vuot-ke-hoach-mo-rong-dich-vu-va-thi-truong-quoc-te-188260330224159241.chn,3/30/2026 22:44,3/31/2026,tich_cuc,,tich_cuc,duyen
393,HPG,https://cafef.vn/loat-dn-thep-bds-det-may-bao-hiem-bao-kqkd-q32024-hoa-phat-giu-doanh-thu-tren-30000-ty-doanh-thu-phat-dat-hon-2-ty-nhung-lai-51-ty-188241012074919411.chn,10/12/2024 7:49,10/14/2024,,trung_tinh,trung_tinh,an
394,VIC,https://cafef.vn/20-nguoi-giau-nhat-san-chung-khoan-tai-san-ty-phu-tran-dinh-long-tang-them-nghin-ty-ong-nguyen-van-tuan-tang-manh-nhat-tu-dau-thang-7-18825070509452767.chn,7/5/2025 9:43,7/7/2025,,trung_tinh,trung_tinh,an
395,PLX,https://cafef.vn/petrolimex-va-pjico-lam-an-ra-sao-duoi-thoi-ong-dao-nam-hai-188250508115251981.chn,5/8/2025 13:55,5/8/2025,,trung_tinh,trung_tinh,an
396,TCB,https://cafef.vn/sapo-va-techcombank-hop-tac-chien-luoc-nang-tam-giai-phap-tai-chinh-so-188240624201756074.chn,6/24/2024 20:30,6/25/2024,,trung_tinh,trung_tinh,an
397,SSI,https://cafef.vn/ssi-hoan-tat-tang-von-dieu-le-len-gan-20000-ty-lay-lai-vi-tri-so-1-ve-quy-mo-von-nganh-chung-khoan-188241225165323795.chn,12/25/2024 16:53,12/26/2024,trung_tinh,trung_tinh,trung_tinh,nhat_tri
398,HPG,https://cafef.vn/10-cau-hoi-cho-ong-tran-dinh-long-truoc-them-dhcd-hoa-phat-chong-ban-pha-gia-cac-sieu-du-an-chuyen-giao-the-he-188250416110922632.chn,4/16/2025 11:09,4/16/2025,trung_tinh,,trung_tinh,duyen
399,ACB,https://cafef.vn/cong-bo-100-doanh-nghiep-tu-nhan-nop-ngan-sach-lon-nhat-viet-nam-tong-nop-244400-ty-dong-48-don-vi-nop-tren-nghin-ty-188250817184036191.chn,8/18/2025 8:08,8/18/2025,trung_tinh,,trung_tinh,duyen
400,VCB,https://cafef.vn/vietcombank-bo-nhiem-ke-toan-truong-moi-188231208105628686.chn,12/8/2023 10:58,12/8/2023,trung_tinh,,trung_tinh,duyen
401,MWG,https://cafef.vn/chu-tich-mwg-nguyen-duc-tai-noi-ve-cach-bach-hoa-xanh-dam-bao-chat-luong-hang-chon-ban-co-tam-ma-choi-188250427221342295.chn,4/28/2025 0:05,4/28/2025,trung_tinh,,trung_tinh,duyen
402,MWG,https://cafef.vn/bach-hoa-xanh-tuyen-bo-hoa-von-sau-nhieu-nam-lo-hen-quyen-giam-doc-pham-van-trong-sap-duoc-nhan-luong-sau-1-nam-cong-hien-khong-luong-188240130154233508.chn,1/30/2024 15:45,1/31/2024,,trung_tinh,trung_tinh,an
403,POW,https://cafef.vn/du-an-dien-khi-lng-dau-tien-cua-viet-nam-cham-tien-do-vi-van-de-thue-dat-co-phieu-pv-power-pow-van-tang-boc-dau-dieu-gi-dang-xay-ra-188240603223643971.chn,6/4/2024 0:02,6/4/2024,trung_tinh,,trung_tinh,duyen
404,VIC,https://cafef.vn/vingroup-cua-ty-phu-pham-nhat-vuong-dat-moc-doanh-thu-ky-luc-188250124211955341.chn,1/24/2025 21:19,1/27/2025,,tich_cuc,tich_cuc,an
405,VIC,https://cafef.vn/ong-pham-nhat-vuong-thanh-lap-cong-ty-moi-bom-tan-o-linh-vuc-ma-viet-nam-nam-top-12-tg-hang-dau-asean-188251006220115147.chn,10/6/2025 22:00,10/7/2025,,trung_tinh,trung_tinh,an
406,FPT,https://cafef.vn/fpt-choi-lon-tai-nhat-ban-mua-them-1-toa-nha-400m2-o-trung-tam-tokyo-188250225115705224.chn,2/25/2025 11:57,2/25/2025,trung_tinh,,trung_tinh,duyen
407,VIC,https://cafef.vn/da-can-gio-3-mat-giap-bien-cua-vingroup-dau-tu-3200-ty-dong-xay-luong-tam-dai-29000m-de-chuyen-nguyen-vat-lieu-tau-22000-tan-va-tau-5000-tan-co-the-chay-cung-luc-188250923074359519.chn,9/23/2025 7:43,9/23/2025,,trung_tinh,trung_tinh,an
408,VPB,https://cafef.vn/vpbank-cong-bo-danh-sach-co-dong-so-huu-tren-1-von-hai-quy-ngoai-va-nguoi-lien-quan-nam-giu-hon-62-co-phan-188240723161506536.chn,7/23/2024 16:11,7/24/2024,,trung_tinh,trung_tinh,an
409,HPG,https://cafef.vn/bat-ngo-hung-yen-sieu-du-an-20-nam-cua-hoa-phat-thuc-giac-voi-14-ty-usd-keo-theo-dong-von-ky-luc-45-ty-usd-18825061109455179.chn,6/11/2025 9:47,6/11/2025,tieu_cuc,trung_tinh,trung_tinh,bat_dong_uu_tien_an
410,FPT,https://cafef.vn/tin-vui-cho-co-dong-fpt-tang-truong-loi-nhuan-tro-lai-muc-20-188250617231923208.chn,6/18/2025 0:01,6/18/2025,tich_cuc,,tich_cuc,duyen
411,TCB,https://cafef.vn/neu-nha-dau-tu-ngoai-so-huu-89-von-roi-di-techcombank-se-can-nhac-ban-15-co-phan-cho-nha-dau-tu-chien-luoc-moi-188241128143910927.chn,11/28/2024 14:39,11/28/2024,,trung_tinh,trung_tinh,an
412,VNM,https://cafef.vn/thaibev-cua-ty-phu-thai-lan-nhan-hon-3000-ty-dong-co-tuc-tu-vinamilk-trong-2-nam-188260101224710798.chn,1/2/2026 0:07,1/2/2026,,trung_tinh,trung_tinh,an
413,FPT,https://cafef.vn/fpt-tung-bo-tien-mua-90-co-phan-mot-hop-tac-xa-may-nhung-mat-sach-ca-von-phai-tu-bo-linh-vuc-cot-loi-thuo-dau-188240311235755272.chn,3/14/2024 0:05,3/14/2024,trung_tinh,,trung_tinh,duyen
414,SAB,https://cafef.vn/chi-5-ty-usd-thau-tom-sabeco-ty-phu-thai-da-nhan-ve-hon-14000-ty-co-tuc-tiet-lo-ganh-nang-no-khien-vien-ngoc-quy-can-tiep-tuc-tra-co-tuc-tien-mat-tu-35-den-50-188251019232554103.chn,10/20/2025 0:04,10/20/2025,tich_cuc,trung_tinh,trung_tinh,bat_dong_uu_tien_an
415,HPG,https://cafef.vn/hoa-phat-ho-tro-nguoi-dan-dak-lak-100000m2-ton-lop-khac-phuc-hau-qua-bao-lu-188251126135726898.chn,11/26/2025 13:57,11/26/2025,trung_tinh,,trung_tinh,duyen
416,TCB,https://cafef.vn/vi-sao-lanh-dao-techcombank-de-xuat-tra-co-tuc-tien-mat-trong-nhieu-nam-188240125130321894.chn,1/25/2024 12:57,1/25/2024,,trung_tinh,trung_tinh,an
417,GVR,https://cafef.vn/1-dn-vua-cong-bo-co-76000-nhan-vien-dong-nhat-san-chung-khoan-loi-nhuan-quy-3-tang-gap-doi-tong-tai-san-gan-85000-ty-trong-do-co-22000-ty-tien-mat-188251029090252355.chn,10/29/2025 9:16,10/29/2025,tich_cuc,tich_cuc,tich_cuc,nhat_tri
418,VRE,https://cafef.vn/nhan-vat-la-tren-thuong-tang-vincom-retail-sau-vu-vingroup-thoai-von-la-tgd-cua-dn-so-huu-khach-san-sheraton-ha-noi-long-beach-phu-quoc-188240401153041689.chn,4/1/2024 15:31,4/2/2024,,trung_tinh,trung_tinh,an
419,VHM,https://cafef.vn/vinhomes-vua-huy-dong-thanh-cong-2000-ty-trai-phieu-lai-suat-12nam-188231127112740416.chn,11/27/2023 11:41,11/27/2023,,trung_tinh,trung_tinh,an
420,ACB,https://cafef.vn/7-thang-sau-man-nhay-duoi-mua-cua-chu-tich-hdqt-tran-hung-huy-co-phieu-acb-len-dinh-lich-su-von-hoa-cham-nguong-100000-ty-188240112151718852.chn,1/12/2024 15:17,1/15/2024,trung_tinh,,trung_tinh,duyen
421,HPG,https://cafef.vn/dai-gia-an-do-muon-canh-tranh-voi-ty-phu-tran-dinh-long-tai-du-an-nam-trong-goi-5-ty-usd-cua-hoa-phat-o-phu-yen-188240512215628345.chn,5/13/2024 0:08,5/13/2024,trung_tinh,,trung_tinh,duyen
422,STB,https://cafef.vn/sacombank-lai-khien-co-dong-va-cac-nha-dau-tu-bat-ngo-voi-to-trinh-moi-188260318135509511.chn,3/18/2026 14:40,3/18/2026,,trung_tinh,trung_tinh,an
423,VRE,https://cafef.vn/vincom-retail-vre-dat-coc-nhan-chuyen-nhuong-mot-phan-sieu-du-an-lan-bien-cua-vingroup-188250624090739586.chn,6/24/2025 9:05,6/24/2025,trung_tinh,,trung_tinh,duyen
424,VJC,https://cafef.vn/con-trai-ty-phu-nguyen-thi-phuong-thao-dang-ky-mua-vao-2-trieu-don-vi-188260310172555877.chn,3/10/2026 17:28,3/11/2026,,trung_tinh,trung_tinh,an
425,MSN,https://cafef.vn/xuat-hien-thoa-thuan-khung-hon-5600-ty-dong-tren-co-phieu-masan-khoi-ngoai-nghieng-ve-chieu-ban-188241031145631213.chn,10/31/2024 14:56,10/31/2024,trung_tinh,,trung_tinh,duyen
426,VNM,https://cafef.vn/sang-tay-6000-ty-dong-trong-2-phut-ty-phu-thai-lan-chinh-thuc-mua-them-96-trieu-co-phieu-vinamilk-188251222144132698.chn,12/22/2025 14:44,12/22/2025,trung_tinh,,trung_tinh,duyen
427,FPT,https://cafef.vn/noi-buon-giua-uptrend-fpt-dgc-cung-mat-moc-100000-dongcp-trong-mot-ngay-188250821000843529.chn,8/21/2025 0:08,8/21/2025,trung_tinh,,trung_tinh,duyen
428,TCB,https://cafef.vn/chu-tich-ho-hung-anh-muc-tieu-lon-nhat-cua-techcombank-la-dat-von-hoa-20-ty-usd-vao-cuoi-nam-2025-khi-thoi-diem-den-gia-tri-se-bung-no-188250426113635913.chn,4/26/2025 11:35,4/28/2025,,trung_tinh,trung_tinh,an
429,VCB,https://cafef.vn/fpt-shop-bat-tay-vietcombank-bien-hon-600-cua-hang-tro-thanh-cay-atm-rut-chuyen-tien-188250516140613458.chn,5/16/2025 14:06,5/16/2025,trung_tinh,,trung_tinh,duyen
430,HPG,https://cafef.vn/ty-phu-tran-dinh-long-lap-ky-luc-moi-106-trieu-tan-thep-188260109082821074.chn,1/9/2026 8:28,1/9/2026,trung_tinh,,trung_tinh,duyen
431,TCB,https://cafef.vn/techcombank-lap-ky-luc-moi-sau-khi-ong-ho-hung-anh-noi-ve-muc-tieu-von-hoa-20-ty-usd-188250512151752905.chn,5/12/2025 15:17,5/13/2025,trung_tinh,,trung_tinh,duyen
432,MSN,https://cafef.vn/chu-tich-masan-group-nguyen-dang-quang-tro-lai-danh-sach-ty-phu-usd-cua-forbes-18824022523595169.chn,2/26/2024 0:30,2/26/2024,trung_tinh,trung_tinh,trung_tinh,nhat_tri
433,VNM,https://cafef.vn/tin-vui-gan-6000-ty-dong-sap-chay-ve-tui-co-dong-vinamilk-ngay-trong-thang-10-188251001115023137.chn,10/1/2025 11:50,10/1/2025,,tich_cuc,tich_cuc,an
434,BID,https://cafef.vn/bidv-bao-lai-truoc-thue-hon-27400-ty-dong-trong-nam-2023-18824010616440736.chn,1/6/2024 16:38,1/8/2024,tich_cuc,,tich_cuc,duyen
435,GAS,https://cafef.vn/viet-nam-se-co-don-vi-phan-phoi-khi-lng-dau-tien-tu-153-188240306072641141.chn,3/6/2024 8:24,3/6/2024,,trung_tinh,trung_tinh,an
436,HPG,https://cafef.vn/ong-thep-hoa-phat-lan-dau-tien-vao-chuoi-ban-le-cua-nhat-ban-nguoi-dan-mua-ve-lam-gian-giao-trong-cay-ke-chua-go-188240229085631206.chn,2/29/2024 8:53,2/29/2024,trung_tinh,,trung_tinh,duyen
437,VPB,https://cafef.vn/ngan-hang-dua-gdragon-ve-viet-nam-chi-3-thang-ghi-nhan-tong-thu-15600-ty-dong-188250514112309086.chn,5/14/2025 12:00,5/14/2025,trung_tinh,,trung_tinh,duyen
438,MWG,https://cafef.vn/them-mot-thu-pham-khien-the-gioi-di-dong-giam-sut-doanh-thu-chua-tung-co-qua-khu-co-luc-dong-gop-toi-35-nay-rot-manh-188231211163818972.chn,12/11/2023 16:38,12/12/2023,,trung_tinh,trung_tinh,an
439,TCB,https://cafef.vn/techcombank-investment-summit-2025-viet-nam-moi-tam-nhin-kien-tao-gia-tri-188250710144712965.chn,7/10/2025 14:47,7/10/2025,trung_tinh,trung_tinh,trung_tinh,nhat_tri
440,POW,https://cafef.vn/evn-tang-gia-ban-le-dien-them-45-dn-nganh-dien-hut-tien-co-phieu-noi-song-du-vnindex-co-luc-giam-hon-10-diem-18823111011134563.chn,11/10/2023 11:13,11/10/2023,trung_tinh,,trung_tinh,duyen
441,FPT,https://cafef.vn/8-gia-toc-dang-nam-giu-24-trieu-ty-dong-chi-phoi-13-thi-truong-chung-khoan-viet-nam-188250720074912229.chn,7/20/2025 7:49,7/21/2025,,trung_tinh,trung_tinh,an
442,PLX,https://cafef.vn/2-nha-ban-le-xang-dau-lon-nhat-ca-nuoc-ton-kho-hon-1-ty-usd-khi-gia-xang-len-cao-nhat-trong-vong-14-thang-188231101222941603.chn,11/2/2023 0:01,11/2/2023,,trung_tinh,trung_tinh,an
443,HPG,https://cafef.vn/san-luong-ban-thep-cua-hoa-phat-thang-112023-cao-nhat-20-thang-vuot-moc-700000-tan-188231206104526759.chn,12/6/2023 13:32,12/6/2023,tich_cuc,tich_cuc,tich_cuc,nhat_tri
444,HPG,https://cafef.vn/chi-ruot-sep-lon-hoa-phat-ban-ra-gan-nua-luong-co-phan-nam-giu-188250505223407566.chn,5/6/2025 5:06,5/6/2025,trung_tinh,,trung_tinh,duyen
445,VJC,https://cafef.vn/ty-phu-nguyen-thi-phuong-thao-vietjet-cam-ket-tiep-tuc-la-cau-noi-tang-truong-giua-viet-nam-va-the-gioi-18825053015543712.chn,5/30/2025 15:55,6/2/2025,trung_tinh,trung_tinh,trung_tinh,nhat_tri
446,VIC,https://cafef.vn/con-trai-ca-cua-ong-pham-nhat-vuong-bat-tay-doi-tac-nhat-ban-dua-du-an-pin-luu-tru-nang-luong-chinh-thuc-hoat-dong-188241220172922109.chn,12/20/2024 17:29,12/23/2024,trung_tinh,,trung_tinh,duyen
447,VNM,https://cafef.vn/thanh-vien-thuoc-scic-muon-mua-vao-co-phieu-vnm-ngay-truoc-khi-vinamilk-chia-co-tuc-khung-188231212171511279.chn,12/12/2023 17:15,12/13/2023,trung_tinh,,trung_tinh,duyen
448,VJC,https://cafef.vn/vietjet-air-cua-ty-phu-nguyen-thi-phuong-thao-lai-quy-4-gap-24-lan-doanh-thu-pha-dinh-lich-su-82000-ty-dong-188260131103807536.chn,1/31/2026 10:37,2/2/2026,,tich_cuc,tich_cuc,an
449,VRE,https://cafef.vn/vincom-retail-co-quy-thu-5-lien-tiep-lai-tren-nghin-ty-18824042611452885.chn,4/26/2024 11:47,4/26/2024,,tich_cuc,tich_cuc,an
450,HPG,https://cafef.vn/hoa-phat-duc-giang-vinamilk-se-chi-them-bao-nhieu-sau-khi-gia-dien-dieu-chinh-tang-48-188250513004551573.chn,5/13/2025 0:45,5/13/2025,trung_tinh,,trung_tinh,duyen
451,MWG,https://cafef.vn/loi-khang-dinh-dong-cac-cua-hang-he-an-bam-nhung-khong-hut-nguon-thu-cua-ong-nguyen-duc-tai-co-them-co-so-tien-ban-dien-thoai-laptop-cua-mwg-tro-lai-vuot-doanh-thu-ban-thit-rau-188231127233258307.chn,11/28/2023 0:02,11/28/2023,,trung_tinh,trung_tinh,an
452,MWG,https://cafef.vn/bi-shopee-lazada-gam-nham-thi-phan-the-gioi-di-dong-thuc-thi-chien-luoc-nuoc-chay-cho-trung-dung-cuoc-chien-gia-188240229154431635.chn,2/29/2024 16:05,3/1/2024,,tieu_cuc,tieu_cuc,an
453,PLX,https://cafef.vn/tap-doan-xang-dau-viet-nam-petrolimex-len-tieng-ve-viec-tam-dung-quyen-tong-giam-doc-voi-ong-dao-nam-hai-18825050816020873.chn,5/8/2025 16:02,5/9/2025,trung_tinh,tieu_cuc,tieu_cuc,bat_dong_uu_tien_an
454,MWG,https://cafef.vn/cuoc-dua-nuoc-rut-cua-bach-hoa-xanh-wincommerce-tien-den-vach-dich-loi-nhuan-duong-188240417132119689.chn,4/17/2024 13:21,4/17/2024,trung_tinh,,trung_tinh,duyen
455,MWG,https://cafef.vn/bach-hoa-xanh-tang-toc-so-luong-cua-hang-mo-trong-thang-8-gap-5-lan-cua-6-thang-dau-nam-ssi-chi-ra-bi-mat-de-giam-chi-phi-van-hanh-188240909134958348.chn,9/9/2024 13:49,9/9/2024,trung_tinh,,trung_tinh,duyen
456,VHM,https://cafef.vn/soi-vi-tien-cua-vinhomes-novaland-phat-dat-dat-xanhxuat-hien-ong-lon-bat-dong-san-co-tien-mat-tang-gap-7-lan-188240205020720784.chn,2/5/2024 6:58,2/5/2024,trung_tinh,,trung_tinh,duyen
457,VIC,https://cafef.vn/vingroup-tang-gap-doi-tong-muc-dau-tu-du-an-ha-long-xanh-len-456639-ty-dong-188251019082409275.chn,10/19/2025 8:24,10/20/2025,,trung_tinh,trung_tinh,an
458,VIB,https://cafef.vn/pho-tong-giam-doc-ngan-hang-muon-ban-luong-lon-co-phieu-188241003135205162.chn,10/3/2024 14:13,10/3/2024,trung_tinh,,trung_tinh,duyen
459,VIC,https://cafef.vn/vingroup-ky-ket-mou-voi-bang-tamil-nadu-cung-co-he-sinh-thai-da-nganh-tai-dat-nuoc-ty-dan-188260204144932617.chn,2/4/2026 14:50,2/4/2026,trung_tinh,trung_tinh,trung_tinh,nhat_tri
460,HDB,https://cafef.vn/mot-ngan-hang-duoc-nhnn-chap-thuan-tang-von-dieu-le-them-gan-3500-ty-dong-188251014172908882.chn,10/14/2025 17:42,10/15/2025,trung_tinh,trung_tinh,trung_tinh,nhat_tri
461,VIC,https://cafef.vn/sau-khi-ban-vinbrain-cho-nvidia-vingroup-con-nhung-doanh-nghiep-nao-trong-mang-cong-nghe-188241211081603499.chn,12/11/2024 8:15,12/11/2024,trung_tinh,,trung_tinh,duyen
462,TCB,https://cafef.vn/techcombank-ba-nam-lien-tiep-duoc-vinh-danh-ngan-hang-so-tot-nhat-viet-nam-tai-giai-thuong-the-asset-digital-awards-188250319154904659.chn,3/19/2025 15:48,3/20/2025,trung_tinh,,trung_tinh,duyen
463,FPT,https://cafef.vn/trai-nguoc-voi-pyn-elite-fund-lo-ngai-bong-bong-cong-nghe-mot-quy-ngoai-van-dat-niem-tin-lon-vao-fpt-188250328102639751.chn,3/28/2025 10:26,3/28/2025,trung_tinh,,trung_tinh,duyen
464,GAS,https://cafef.vn/co-phieu-dau-khi-se-huong-loi-the-nao-khi-gia-dau-tang-vot-188231009113733264.chn,10/9/2023 11:37,10/9/2023,,trung_tinh,trung_tinh,an
465,VIC,https://cafef.vn/he-lo-so-tien-ong-pham-nhat-vuong-rot-cho-vinfast-188251104085304962.chn,11/4/2025 9:18,11/4/2025,trung_tinh,,trung_tinh,duyen
466,BID,https://cafef.vn/dn-cho-thue-may-bay-duy-nhat-tai-viet-nam-co-cau-co-dong-toan-cac-doanh-nghiep-lon-moi-ngay-lai-ca-ty-dong-188231214011823454.chn,12/14/2023 7:17,12/14/2023,,trung_tinh,trung_tinh,an
467,BCM,https://cafef.vn/becamex-idc-bat-ngo-mien-nhiem-tong-giam-doc-da-giu-chuc-7-nam-bo-nhiem-nguoi-cu-len-thay-188250625231848653.chn,6/26/2025 0:09,6/26/2025,,trung_tinh,trung_tinh,an
468,MWG,https://cafef.vn/the-gioi-di-dong-lai-bi-khoi-ngoai-ngo-lo-co-phieu-roi-ve-day-10-thang-sau-dong-thai-nghin-ty-cua-doanh-nghiep-188250218222346494.chn,2/19/2025 0:01,2/19/2025,tieu_cuc,,tieu_cuc,duyen
469,MWG,https://cafef.vn/ly-do-thuc-su-khien-gan-5000-nhan-vien-the-gioi-di-dong-nghi-viec-188240515061747611.chn,5/15/2024 7:03,5/15/2024,,trung_tinh,trung_tinh,an
470,STB,https://cafef.vn/sacombank-giu-vung-da-tang-truong-san-sang-noi-luc-hoan-thanh-de-an-tai-co-cau-188240201161041936.chn,2/1/2024 15:58,2/2/2024,,tich_cuc,tich_cuc,an
471,FPT,https://cafef.vn/viettel-global-va-fpt-keo-nhom-cong-nghe-vien-thong-tang-toc-ngoan-muc-chung-khoan-viet-nam-khong-con-la-san-choi-rieng-cua-co-phieu-ngan-hang-bat-dong-san-188240529233305256.chn,5/30/2024 1:36,5/30/2024,tich_cuc,trung_tinh,trung_tinh,bat_dong_uu_tien_an
472,ACB,https://cafef.vn/acb-giai-phap-so-hoa-toan-dien-cho-ho-kinh-doanh-thich-ung-giai-doan-moi-188250814225617991.chn,8/15/2025 7:00,8/15/2025,trung_tinh,,trung_tinh,duyen
473,FPT,https://cafef.vn/co-phieu-fpt-bat-ngo-giam-san-fpt-telecom-nguoc-dong-tang-manh-188250416145047196.chn,4/16/2025 15:01,4/17/2025,,trung_tinh,trung_tinh,an
474,FPT,https://cafef.vn/fpt-ke-chuyen-tu-giai-cuu-thuy-dien-hoa-binh-den-giai-cuu-hose-ong-truong-gia-binh-tu-hao-chung-toi-da-song-het-minh-cho-dat-nuoc-188240307111223898.chn,3/7/2024 11:30,3/7/2024,,trung_tinh,trung_tinh,an
475,TCB,https://cafef.vn/tiktok-smb-summit-2024-techcombank-cong-bo-goi-tien-ich-danh-rieng-cho-nha-ban-hang-online-188240702132359654.chn,7/2/2024 13:30,7/2/2024,,trung_tinh,trung_tinh,an
476,FPT,https://cafef.vn/mot-nam-buon-cua-co-phieu-ai-tren-san-chung-khoan-khi-nhung-ga-khong-lo-fpt-dgc-bo-lo-bua-tiec-188251220232227153.chn,12/21/2025 0:03,12/22/2025,,trung_tinh,trung_tinh,an
477,ACB,https://cafef.vn/mot-quy-ngoai-ban-sach-co-phieu-acb-sau-6-nam-dau-tu-thu-ve-gan-5500-ty-dong-188240401181759876.chn,4/1/2024 19:46,4/2/2024,,trung_tinh,trung_tinh,an
478,FPT,https://cafef.vn/fpt-shop-ban-dieu-hoa-gia-re-tu-5-trieuchiec-cho-tra-gop-chi-voi-31000-dongngay-188240408162320526.chn,4/8/2024 16:21,4/9/2024,trung_tinh,trung_tinh,trung_tinh,nhat_tri
479,POW,https://cafef.vn/chu-tich-pvn-tin-nghia-doi-gia-thue-dat-qua-cao-thi-gia-dien-se-doi-len-nguoi-dan-khong-the-chap-nhan-188240511095248849.chn,5/11/2024 9:49,5/13/2024,,trung_tinh,trung_tinh,an
480,SSB,https://cafef.vn/seabank-lai-6739-ty-dong-trong-9-thang-vuot-ke-hoach-ca-nam-2025-188251028151008669.chn,10/28/2025 15:09,10/29/2025,,tich_cuc,tich_cuc,an
481,HPG,https://cafef.vn/tap-doan-hoa-phat-lien-tuc-tang-gia-ban-san-pham-thep-ton-ma-188231121090839656.chn,11/21/2023 9:06,11/21/2023,trung_tinh,,trung_tinh,duyen
482,MBB,https://cafef.vn/mb-chia-tay-6-thanh-vien-hdqt-bau-bo-sung-7-nguoi-nguoi-tre-nhat-nam-nay-37-tuoi-188240527184448922.chn,5/27/2024 18:44,5/28/2024,,trung_tinh,trung_tinh,an
483,TCB,https://cafef.vn/lo-dien-quan-quan-mua-1-ai-thuc-chien-chu-nhan-giai-thuong-len-den-1-trieu-usd-tu-techcombank-188260112133546008.chn,1/12/2026 13:36,1/12/2026,trung_tinh,,trung_tinh,duyen
484,SAB,https://cafef.vn/co-phieu-sabeco-ve-gan-day-lich-su-khoan-dau-tu-bay-35-ty-usd-ke-tu-khi-thau-tom-nhung-sabeco-co-thuc-su-la-ngum-bia-dang-cua-ty-phu-thai-lan-188240227160436477.chn,2/28/2024 0:17,2/28/2024,trung_tinh,,trung_tinh,duyen
485,VHM,https://cafef.vn/vinhomes-da-dua-vao-van-hanh-hon-110000-can-ho-188250415165819513.chn,4/15/2025 16:58,4/16/2025,trung_tinh,,trung_tinh,duyen
486,BCM,https://cafef.vn/becamex-group-sap-chi-hon-1100-ty-dong-tra-co-tuc-nam-2024-188260204133705115.chn,2/4/2026 13:55,2/4/2026,,trung_tinh,trung_tinh,an
487,BID,https://cafef.vn/ban-do-ty-do-tai-ha-noi-hoan-kiem-la-dia-ban-cua-nhom-ngan-hang-1-cong-ty-ho-vingroup-chuyen-nha-phut-chot-ly-do-fpt-om-cau-giay-188250119215141865.chn,1/20/2025 0:03,1/20/2025,trung_tinh,trung_tinh,trung_tinh,nhat_tri
488,TCB,https://cafef.vn/techcombank-bao-lai-7802-ty-dong-trong-quy-dau-nam-2024-ty-le-casa-tang-tiep-len-405-giu-vung-ngoi-vi-quan-quan-188240422174944747.chn,4/22/2024 18:28,4/23/2024,,tich_cuc,tich_cuc,an
489,TCB,https://cafef.vn/techcombank-chot-danh-sach-co-dong-ngay-216-thuong-co-phieu-ty-le-100-188240610200715961.chn,6/10/2024 20:07,6/11/2024,,trung_tinh,trung_tinh,an
490,HPG,https://cafef.vn/hoa-phat-hoan-tat-phat-hanh-gan-13-ty-co-phieu-tra-co-tuc-18825070409521258.chn,7/4/2025 10:53,7/4/2025,,trung_tinh,trung_tinh,an
491,GVR,https://cafef.vn/tap-doan-cao-su-gvr-dieu-chinh-giam-ke-hoach-kinh-doanh-2023-vao-phut-chot-188231222144716695.chn,12/22/2023 14:36,12/22/2023,,tieu_cuc,tieu_cuc,an
492,FPT,https://cafef.vn/fpt-he-lo-chien-luoc-aifirst-sau-khi-khong-con-hop-nhat-fpt-telecom-dat-muc-tieu-loi-nhuan-tang-15-188260320175819832.chn,3/20/2026 17:58,3/23/2026,trung_tinh,,trung_tinh,duyen
493,VPB,https://cafef.vn/vnexpress-marathon-ho-chi-minh-city-midnight-2024-tro-lai-voi-su-dong-hanh-cua-vp-bank-188240102180602243.chn,1/2/2024 18:30,1/3/2024,,trung_tinh,trung_tinh,an
494,MSN,https://cafef.vn/vi-khach-sop-chiem-67-doanh-thu-phot-pho-vang-cua-duc-giang-dang-lam-thuong-vu-khung-voi-vingroup-masan-tay-choi-nhiet-dien-va-o-to-sung-so-188241130225415876.chn,12/1/2024 0:05,12/2/2024,trung_tinh,,trung_tinh,duyen
495,VIC,https://cafef.vn/ty-phu-pham-nhat-vuong-lap-ky-luc-vo-tien-khoang-hau-von-hoa-vingroup-lan-dau-vuot-900000-ty-188251124095509394.chn,11/24/2025 10:00,11/24/2025,trung_tinh,,trung_tinh,duyen
496,TCB,https://cafef.vn/con-trai-chu-tich-ho-hung-anh-lo-dien-tai-mot-doanh-nghiep-lien-quan-den-cong-nghe-18825061108333655.chn,6/11/2025 9:25,6/11/2025,,trung_tinh,trung_tinh,an
497,HDB,https://cafef.vn/co-phieu-cua-ty-phu-nguyen-dang-quang-va-nguyen-thi-phuong-thao-bat-ngo-tang-boc-dau-nhung-ngay-cuoi-nam-thiet-lap-muc-dinh-lich-su-moi-1882412302340519.chn,12/31/2024 0:02,12/31/2024,,tich_cuc,tich_cuc,an
498,VHM,https://cafef.vn/co-phieu-vingroup-tang-tran-nhieu-chung-quyen-lien-quan-bat-tang-phi-ma-3080-trong-ngay-188240827101932991.chn,8/27/2024 10:46,8/27/2024,tich_cuc,trung_tinh,trung_tinh,bat_dong_uu_tien_an
499,VIC,https://cafef.vn/bat-ngo-voi-muc-thu-nhap-cua-ong-pham-nhat-vuong-tai-vingroup-188250903154023318.chn,9/3/2025 15:47,9/4/2025,,trung_tinh,trung_tinh,an
500,VNM,https://cafef.vn/nu-doanh-nhan-viet-nam-duy-nhat-2-nam-lien-tiep-duoc-tap-chi-my-vinh-danh-top-100-phu-nu-quyen-luc-nhat-chau-a-188251013185758525.chn,10/13/2025 19:00,10/14/2025,trung_tinh,,trung_tinh,duyen
501,FPT,https://cafef.vn/co-phieu-fpt-vua-tai-sinh-cong-ty-chung-khoan-bat-ngo-chi-ra-lo-ngai-18825032410192885.chn,3/24/2025 10:19,3/24/2025,,trung_tinh,trung_tinh,an
502,TCB,https://cafef.vn/techcombank-cam-ket-co-hoi-lam-viec-va-tao-dieu-kien-de-nhan-tai-tro-thanh-trieu-phu-usd-duoi-30-tuoi-18825080516562052.chn,8/5/2025 16:55,8/6/2025,trung_tinh,,trung_tinh,duyen
503,VHM,https://cafef.vn/80-can-ho-tam-trung-cua-khang-dien-vinhomes-nam-long-mo-ban-lien-co-chu-dn-bat-dong-san-da-qua-roi-con-bi-cuc-188231214135625361.chn,12/14/2023 13:56,12/14/2023,,trung_tinh,trung_tinh,an
504,BID,https://cafef.vn/4-dai-gia-bidv-pv-gas-gvr-petrolimex-boc-hoi-60000-ty-von-hoa-trong-1-phien-dieu-gi-dang-xay-ra-188260210153124278.chn,2/10/2026 15:31,2/11/2026,tieu_cuc,trung_tinh,trung_tinh,bat_dong_uu_tien_an
505,TCB,https://cafef.vn/cfo-techcombank-thach-thuc-lon-nhat-cua-chung-toi-la-vuot-qua-chinh-minh-de-vuon-den-cot-moc-vuot-troi-hon-188240412085520517.chn,4/12/2024 13:27,4/12/2024,,trung_tinh,trung_tinh,an
506,VIC,https://cafef.vn/1-nam-tai-cau-truc-quyet-liet-cua-ty-phu-pham-nhat-vuong-qua-hang-loat-thuong-vu-lon-188241225224831615.chn,12/26/2024 0:03,12/26/2024,,trung_tinh,trung_tinh,an
507,VIC,https://cafef.vn/tong-thong-bulgaria-de-nghi-vinfast-nghien-cuu-hop-tac-dau-tu-vao-nuoc-nay-188241127001716797.chn,11/27/2024 0:18,11/27/2024,trung_tinh,trung_tinh,trung_tinh,nhat_tri
508,HPG,https://cafef.vn/lam-chu-san-nha-ong-pham-nhat-vuong-va-tran-dinh-long-ba-chu-2-nganh-cong-nghiep-nang-tai-mien-bac-cac-doanh-nhan-mien-nam-chiem-linh-thi-truong-ban-le-188241012233423797.chn,10/13/2024 0:05,10/14/2024,,trung_tinh,trung_tinh,an
509,HPG,https://cafef.vn/ty-phu-tran-dinh-long-chot-don-1000-vo-container-cho-ong-trum-van-tai-bien-viet-nam-188250603000257521.chn,6/3/2025 6:01,6/3/2025,,trung_tinh,trung_tinh,an
510,VRE,https://cafef.vn/the-tran-bds-ban-le-viet-nam-truoc-them-tan-binh-ty-usd-central-pattana-gia-nhap-vincom-retail-van-so-1-ty-phu-viet-no-luc-dau-voi-dai-gia-ngoai-188240221113438381.chn,2/21/2024 11:34,2/21/2024,,trung_tinh,trung_tinh,an
511,FPT,https://cafef.vn/von-hoa-fpt-giam-44000-ty-tu-khi-ong-truong-gia-binh-hat-tai-sinh-188250319145824102.chn,3/19/2025 14:58,3/19/2025,,trung_tinh,trung_tinh,an
512,VJC,https://cafef.vn/vietjet-huy-dong-thanh-cong-1000-ty-dong-tu-kenh-trai-phieu-18825092810502084.chn,9/28/2025 10:50,9/29/2025,,trung_tinh,trung_tinh,an
513,HDB,https://cafef.vn/hdbank-phat-hanh-thanh-cong-50-trieu-usd-trai-phieu-xanh-quoc-te-188251002203320478.chn,10/2/2025 20:33,10/3/2025,,trung_tinh,trung_tinh,an
514,HPG,https://cafef.vn/hoa-phat-dong-9000-ty-vao-ngan-sach-nha-nuoc-thap-nhat-trong-vong-3-nam-tro-lai-day-da-dung-quat-chiem-hon-60-18824020709595832.chn,2/7/2024 10:01,2/7/2024,trung_tinh,,trung_tinh,duyen
515,MWG,https://cafef.vn/mwg-he-ho-kqkd-thang-102023-lan-dau-tien-trong-nam-2023-doanh-thu-theo-thang-tang-truong-duong-so-voi-cung-ky-nam-truoc-188231113153938227.chn,11/13/2023 15:39,11/14/2023,,tich_cuc,tich_cuc,an
516,HPG,https://cafef.vn/von-hoa-vingroup-vuot-hoa-phat-ong-pham-nhat-vuong-ap-sat-top-500-ty-phu-giau-nhat-the-gioi-188250310151243417.chn,3/10/2025 15:12,3/11/2025,,trung_tinh,trung_tinh,an
517,HPG,https://cafef.vn/hoa-phat-chinh-thuc-can-moc-8-trieu-tan-thep-can-nong-hrc-sau-hon-3-nam-san-xuat-188231026163134631.chn,10/26/2023 16:31,10/27/2023,trung_tinh,trung_tinh,trung_tinh,nhat_tri
518,VIC,https://cafef.vn/ubcknn-phan-hoi-ve-thuong-vu-lon-nhat-lich-su-cua-vingroup-188251126140218408.chn,11/26/2025 14:02,11/26/2025,,trung_tinh,trung_tinh,an
519,GAS,https://cafef.vn/xuat-hien-nhung-cong-ty-bao-lai-nghin-ty-dau-tien-2-dai-gia-nha-nuoc-hoi-sinh-ngat-mach-thua-lo-188250108100330151.chn,1/8/2025 10:15,1/8/2025,,trung_tinh,trung_tinh,an
520,FPT,https://cafef.vn/fpt-ky-thoa-thuan-hop-tac-toan-dien-voi-hai-phong-188250411134212776.chn,4/11/2025 14:04,4/11/2025,trung_tinh,,trung_tinh,duyen
521,HPG,https://cafef.vn/co-phieu-tang-boc-dau-tai-san-ban-lanh-dao-1-cong-ty-vuot-100000-ty-dong-co-6-gia-dinh-so-huu-tren-1000-ty-dong-18825090422390973.chn,9/5/2025 0:03,9/5/2025,trung_tinh,,trung_tinh,duyen
522,VIC,https://cafef.vn/thanh-pho-truc-thuoc-trung-uong-thu-6-cua-viet-nam-hop-tac-voi-vingroup-cua-ty-phu-pham-nhat-vuong-188250210231558345.chn,2/11/2025 0:05,2/11/2025,trung_tinh,,trung_tinh,duyen
523,MBB,https://cafef.vn/chu-tich-mb-luu-trung-thai-du-no-tin-dung-voi-novaland-dang-xep-o-nhom-1-tiet-lo-moi-quan-he-tin-dung-voi-vinfast-18824030616245102.chn,3/6/2024 16:35,3/7/2024,,trung_tinh,trung_tinh,an
524,VHM,https://cafef.vn/vinhomes-tat-toan-hon-1500-ty-dong-trai-phieu-188250426111721278.chn,4/26/2025 13:16,4/28/2025,,trung_tinh,trung_tinh,an
525,POW,https://cafef.vn/ga-khong-lo-35000-tycua-nganh-dien-lan-dau-muon-tang-von-them-7000-ty-chao-ban-281-trieu-co-phieu-moi-gia-10000-dong-188250911164458674.chn,9/11/2025 16:47,9/12/2025,trung_tinh,,trung_tinh,duyen
526,FPT,https://cafef.vn/khi-nha-dau-tu-chot-loi-co-phieu-cong-nghe-viettel-global-tra-lai-vi-tri-cong-ty-gia-tri-thu-2-san-chung-khoan-cho-bidv-fpt-khop-lenh-ky-luc-khoi-ngoai-ban-rong-350-ty-188240524153448981.chn,5/24/2024 15:49,5/27/2024,trung_tinh,,trung_tinh,duyen
527,MWG,https://cafef.vn/the-gioi-di-dong-sap-phat-hanh-co-phieu-esop-tri-gia-nghin-ty-cho-nhan-vien-sau-nam-lai-khung-18825021217231187.chn,2/12/2025 17:23,2/13/2025,trung_tinh,,trung_tinh,duyen
528,HPG,https://cafef.vn/gia-thep-the-gioi-bat-tang-manh-tu-day-hoa-phat-hoa-sen-nam-kim-cung-loat-co-phieu-thep-dua-xanh-tim-bat-chap-con-dau-dau-chong-ban-pha-gia-188240821101647249.chn,8/21/2024 10:16,8/21/2024,trung_tinh,,trung_tinh,duyen
529,VIC,https://cafef.vn/vingroup-tiep-tuc-chon-thu-do-am-nhac-lam-diem-niem-yet-lo-trai-phieu-ngoai-quy-mo-hon-8700-ty-dong-188260315172118079.chn,3/15/2026 17:43,3/16/2026,trung_tinh,,trung_tinh,duyen
530,MWG,https://cafef.vn/thu-hep-quy-mo-the-gioi-di-dong-manh-tay-cat-ca-van-nhan-vien-fpt-retail-thua-thang-xong-len-tuyen-vai-nghin-nguoi-di-ban-thuoc-188240202011026654.chn,2/2/2024 7:34,2/2/2024,,trung_tinh,trung_tinh,an
531,FPT,https://cafef.vn/sep-dragon-capital-chon-hang-nhung-dn-duoc-giao-pho-su-menh-quoc-gia-188250715093532568.chn,7/15/2025 9:35,7/15/2025,trung_tinh,,trung_tinh,duyen
532,VCB,https://cafef.vn/trinh-quoc-hoi-dau-tu-bo-sung-20695-ti-dong-von-nha-nuoc-tai-vietcombank-188241023155015269.chn,10/23/2024 16:18,10/24/2024,trung_tinh,trung_tinh,trung_tinh,nhat_tri
533,GAS,https://cafef.vn/che-do-phuc-loi-nghi-thai-san-cho-nhan-vien-pv-gas-ra-sao-188251005150232396.chn,10/5/2025 15:02,10/6/2025,trung_tinh,,trung_tinh,duyen
534,ACB,https://cafef.vn/acb-dat-muc-tieu-loi-nhuan-22000-ty-dong-trong-nam-2024-du-kien-chia-co-tuc-bang-tien-mat-ty-le-10-188240314104303056.chn,3/14/2024 10:42,3/14/2024,trung_tinh,,trung_tinh,duyen
535,HPG,https://cafef.vn/san-luongphat-dienluy-ke-cua-nha-may-nhiet-dien-cua-hoa-phat-dat-gan-13-ty-kwh-sau-8-nam-van-hanh-tuong-duong-23400-ty-dong-188260101080616102.chn,1/1/2026 8:06,1/1/2026,,trung_tinh,trung_tinh,an
536,MWG,https://cafef.vn/co-phieu-de-che-ban-le-cua-ong-nguyen-duc-tai-hot-tro-lai-trong-mat-nha-dau-tu-nuoc-ngoai-hon-2000-ty-duoc-tung-ra-lap-gan-3-room-ngoai-tai-the-gioi-di-dong-chi-trong-1-thang-188240504115916552.chn,5/6/2024 0:08,5/6/2024,trung_tinh,,trung_tinh,duyen
537,MWG,https://cafef.vn/buon-cua-co-dong-the-gioi-di-dong-mwg-doanh-nghiep-bao-lai-boc-hoi-96-co-phieu-giam-kich-san-188231031153725162.chn,10/31/2023 15:38,11/1/2023,tieu_cuc,,tieu_cuc,duyen
538,VIC,https://cafef.vn/metro-can-gio-100000-ty-khoi-cong-ngay-1912-ty-phu-pham-nhat-vuong-va-ky-luc-duyet-du-an-nhanh-nhat-lich-su-188251212112818116.chn,12/12/2025 11:48,12/12/2025,trung_tinh,,trung_tinh,duyen
539,VHM,https://cafef.vn/mot-pho-tong-giam-doc-cua-vinhomes-roi-cong-ty-vi-ly-do-ca-nhan-188240824131220578.chn,8/24/2024 13:12,8/26/2024,trung_tinh,,trung_tinh,duyen
540,MWG,https://cafef.vn/lo-trinh-xoa-lo-luy-ke-huong-toi-muc-tieu-ipo-cua-bach-hoa-xanh-188251126221330265.chn,11/27/2025 0:02,11/27/2025,,trung_tinh,trung_tinh,an
541,VIC,https://cafef.vn/sau-viettel-fpt-vinachem-ty-phu-pham-nhat-vuong-bat-tay-hiep-hoi-co-250-doanh-nghiep-thanh-vien-de-chuyen-doi-xanh-188250226164951378.chn,2/26/2025 16:49,2/27/2025,trung_tinh,,trung_tinh,duyen
542,VJC,https://cafef.vn/lanh-dao-hang-bay-keu-kho-sap-kiem-tra-chuyen-gia-ve-may-bay-vietnam-airlines-va-vietjet-van-dua-co-dong-bay-cao-khi-co-phieu-tang-soc-188240506160518282.chn,5/6/2024 16:06,5/7/2024,trung_tinh,,trung_tinh,duyen
543,TCB,https://cafef.vn/duoc-ba-noi-chuyen-giao-hang-tram-trieu-co-phieu-ngan-hang-3-ca-nhan-gen-z-so-huu-khoi-tai-san-13000-ty-dong-188231226100654021.chn,12/26/2023 10:09,12/26/2023,,trung_tinh,trung_tinh,an
544,CTG,https://cafef.vn/vietinbank-he-lo-ke-hoach-chia-co-tuc-trong-nam-2024-188240408163452302.chn,4/8/2024 16:34,4/9/2024,,trung_tinh,trung_tinh,an
545,FPT,https://cafef.vn/giau-nhu-fpt-cam-hon-1-ty-usd-di-gui-ngan-hang-moi-ngay-thu-hon-3-ty-dong-tien-lai-188241025161759802.chn,10/25/2024 16:18,10/28/2024,trung_tinh,,trung_tinh,duyen
546,FPT,https://cafef.vn/bat-trend-cong-nghe-toan-cau-fpt-di-len-miet-mai-khong-thay-dinh-dgc-cung-tang-bang-lan-voi-chia-khoa-cua-nganh-ban-dan-188240303211340717.chn,3/4/2024 0:02,3/4/2024,trung_tinh,,trung_tinh,duyen
547,POW,https://cafef.vn/pv-power-uoc-lo-hon-47-ty-dong-trong-quy-32023-188231004164818986.chn,10/4/2023 16:48,10/5/2023,,tieu_cuc,tieu_cuc,an
548,VIC,https://cafef.vn/vingroup-duoc-chap-thuan-du-an-21400-ty-dong-o-ha-tinh-188250921205751326.chn,9/21/2025 20:57,9/22/2025,,trung_tinh,trung_tinh,an
549,SAB,https://cafef.vn/rung-rinh-nghin-ty-tien-mat-hang-bia-lon-nhat-viet-nam-sap-chi-co-tuc-khung-ty-phu-thai-lan-bo-tui-2100-ty-188250506231010321.chn,5/7/2025 6:09,5/7/2025,,tich_cuc,tich_cuc,an
550,VHM,https://cafef.vn/sau-du-an-hon-1-ty-usd-vinhomes-tiep-tuc-nham-toi-du-an-gan-1100ha-tong-von-dau-tu-3-ty-usd-tai-cua-ngo-tp-hcm-noi-co-vanh-dai-3-chay-qua-188240211231706164.chn,2/12/2024 7:02,2/12/2024,,trung_tinh,trung_tinh,an
551,HPG,https://cafef.vn/doanh-thu-hoa-phat-cua-ty-phu-tran-dinh-long-duoc-du-bao-phinh-to-gap-doi-ngay-sau-khi-sieu-du-an-dung-quat-2-di-vao-hoat-dong-tu-2025-18824051511353189.chn,5/15/2024 11:35,5/15/2024,trung_tinh,,trung_tinh,duyen
552,VIC,https://cafef.vn/sieu-du-an-lan-bien-85-ty-usd-cua-vingroup-tai-tphcm-duoc-day-nhanh-tien-do-188241203083857782.chn,12/3/2024 8:39,12/3/2024,trung_tinh,,trung_tinh,duyen
553,BCM,https://cafef.vn/dai-gia-bat-dong-san-khu-cong-nghiep-becamex-muon-huy-dong-1500-ty-dong-trai-phieu-rieng-le-188240629085815789.chn,6/29/2024 10:28,7/1/2024,trung_tinh,,trung_tinh,duyen
554,MWG,https://cafef.vn/moi-ngay-mo-2-sieu-thi-mot-dai-gia-ban-le-sap-do-bo-ha-noi-188251227003431687.chn,12/27/2025 0:34,12/29/2025,trung_tinh,,trung_tinh,duyen
555,SAB,https://cafef.vn/sabeco-hoan-tat-thuong-vu-thau-tom-gan-nghin-ty-lon-nhat-tu-khi-ve-tay-nguoi-thai-188241228095339508.chn,12/28/2024 9:53,12/30/2024,,trung_tinh,trung_tinh,an
556,FPT,https://cafef.vn/truong-cao-dang-fpt-buoc-thoi-viec-giang-vien-vi-phe-binh-thieu-te-nhi-sinh-vien-trong-group-lop-188240901221114266.chn,9/1/2024 22:11,9/2/2024,,trung_tinh,trung_tinh,an
557,MWG,https://cafef.vn/vua-dong-200-cua-hang-va-giam-gan-3000-nhan-su-quy-cuoi-nam-the-gioi-di-dong-lien-thong-bao-mua-lai-154000-co-phieu-quy-18824020808320642.chn,2/8/2024 8:31,2/8/2024,,trung_tinh,trung_tinh,an
558,VIC,https://cafef.vn/vingroup-dong-loat-khoi-cong-4-du-an-hon-100000-ty-tai-ha-tinh-trong-ngay-1912-188251208141654506.chn,12/8/2025 14:19,12/8/2025,trung_tinh,,trung_tinh,duyen
559,SAB,https://cafef.vn/ceo-sabeco-chung-toi-ung-ho-hoan-toan-nghi-dinh-100-da-uong-thi-khong-lai-188240606073559197.chn,6/6/2024 7:35,6/6/2024,trung_tinh,,trung_tinh,duyen
560,VIC,https://cafef.vn/bom-tan-vinpearl-len-san-chung-khoan-viet-nam-giai-con-khat-hang-hoa-moi-188250513143926711.chn,5/13/2025 15:15,5/14/2025,trung_tinh,trung_tinh,trung_tinh,nhat_tri
561,SAB,https://cafef.vn/nhung-nguyen-nhan-giup-sabeco-lai-hon-1200-ty-trong-quy-22024-cao-nhat-7-quy-188240726111709492.chn,7/26/2024 14:27,7/26/2024,trung_tinh,tich_cuc,tich_cuc,bat_dong_uu_tien_an
562,MSN,https://cafef.vn/ong-lon-nganh-tieu-dung-ban-le-nop-ngan-sach-hon-4000-ty-moi-nam-188240830151608957.chn,8/30/2024 15:29,9/2/2024,trung_tinh,,trung_tinh,duyen
563,MBB,https://cafef.vn/mb-chao-ban-rieng-le-73-trieu-co-phieu-cho-viettel-va-scic-188240130004722083.chn,1/30/2024 0:41,1/30/2024,trung_tinh,,trung_tinh,duyen
564,VHM,https://cafef.vn/vinhomes-se-lam-2-khu-cong-nghiep-co-von-dau-tu-gan-10000-ty-dong-o-hai-phong-188250603150835029.chn,6/3/2025 15:07,6/4/2025,trung_tinh,,trung_tinh,duyen
565,HPG,https://cafef.vn/hon-581-trieu-co-phieu-hoa-phat-sap-ve-tai-khoan-nha-dau-tu-188240627151728801.chn,6/27/2024 15:12,6/28/2024,trung_tinh,,trung_tinh,duyen
566,SSI,https://cafef.vn/du-no-cho-vay-cua-ssi-cao-ky-luc-tang-hon-11000-ty-tu-dau-nam-18825071822191492.chn,7/19/2025 0:01,7/21/2025,tich_cuc,tich_cuc,tich_cuc,nhat_tri
567,MSN,https://cafef.vn/tong-giam-doc-masan-danny-le-tran-an-co-dong-khong-can-lo-lang-ve-viec-sk-thoai-von-18824050915154217.chn,5/9/2024 15:16,5/10/2024,,trung_tinh,trung_tinh,an
568,MWG,https://cafef.vn/von-hoa-the-gioi-di-dong-mwg-lap-ky-luc-moi-sau-khi-he-lo-loat-ke-hoach-khung-188250828230308383.chn,8/29/2025 0:01,8/29/2025,,tich_cuc,tich_cuc,an
569,MSN,https://cafef.vn/ty-phu-nguyen-dang-quang-tiet-lo-manh-ghep-de-xoa-bo-dinh-kien-truyen-thong-da-nganh-ve-masan-hoc-walmart-amazon-alibaba-apple-188250425084832974.chn,4/25/2025 10:24,4/25/2025,trung_tinh,,trung_tinh,duyen
570,POW,https://cafef.vn/viet-nam-lan-dau-tieu-thu-dien-vuot-1-ty-kwhngay-co-phieu-pv-power-len-cao-nhat-8-thang-ga-khong-lo-nganh-dien-thuc-giac-sau-khi-nhieu-thong-tin-quan-trong-duoc-he-lo-188240530172234984.chn,5/31/2024 0:02,5/31/2024,trung_tinh,,trung_tinh,duyen
571,HPG,https://cafef.vn/cong-bo-10-cong-ty-thep-vat-lieu-xay-dung-nop-ngan-sach-lon-nhat-viet-nam-188250822094153932.chn,8/22/2025 9:45,8/22/2025,,trung_tinh,trung_tinh,an
572,FPT,https://cafef.vn/chinh-thuc-fpt-telecom-tro-thanh-cong-ty-lien-ket-cua-fpt-sau-khi-ve-bo-cong-an-188260319021831267.chn,3/19/2026 2:18,3/19/2026,trung_tinh,trung_tinh,trung_tinh,nhat_tri
573,BID,https://cafef.vn/bidv-se-som-thuc-hien-ban-von-cho-nha-dau-tu-nuoc-ngoai-18824022317182076.chn,2/23/2024 20:19,2/26/2024,trung_tinh,,trung_tinh,duyen
574,VHM,https://cafef.vn/vingroup-chinh-thuc-thong-bao-ve-ket-qua-phat-hanh-trai-phieu-ly-giai-viec-nha-dau-tu-ban-ra-co-phieu-vinhomes-188231026125736943.chn,10/26/2023 13:01,10/26/2023,trung_tinh,,trung_tinh,duyen
575,POW,https://cafef.vn/dai-gia-nha-nuoc-bat-tay-vingroup-phat-trien-he-thong-tram-sac-xe-dien-bao-lai-quy-32025-vuot-1000-ty-cao-nhat-4-nam-18825103111365005.chn,10/31/2025 11:36,10/31/2025,tich_cuc,tich_cuc,tich_cuc,nhat_tri
576,VIC,https://cafef.vn/vinfast-san-sang-80000-ty-de-tieu-chop-co-hoi-truoc-tinh-hinh-gia-xang-tang-cao-188260318080434389.chn,3/18/2026 8:04,3/18/2026,trung_tinh,,trung_tinh,duyen
577,VIC,https://cafef.vn/vingroup-cua-ty-phu-pham-nhat-vuong-chinh-thuc-lan-san-sang-mang-ha-tang-va-nang-luong-xanh-188250811152508738.chn,8/11/2025 15:24,8/12/2025,,trung_tinh,trung_tinh,an
578,MWG,https://cafef.vn/cong-ty-con-sap-niem-yet-cua-mwg-lan-dau-cong-bo-bao-cao-thang-tang-truong-doanh-thu-gay-bat-ngo-188260319215644385.chn,3/19/2026 21:56,3/20/2026,,tich_cuc,tich_cuc,an
579,HPG,https://cafef.vn/chua-day-1-thang-nua-hoa-phat-se-khoi-cong-nha-may-san-xuat-ray-thep-tau-phuc-vu-du-an-duong-sat-cao-toc-bac-nam-188250720100210134.chn,7/20/2025 10:12,7/21/2025,trung_tinh,trung_tinh,trung_tinh,nhat_tri
580,VIC,https://cafef.vn/vingroup-tiep-tuc-huy-dong-thanh-cong-2000-ty-dong-trai-phieu-188250513165133088.chn,5/13/2025 20:05,5/14/2025,trung_tinh,,trung_tinh,duyen
581,HPG,https://cafef.vn/hoa-phat-bao-lai-gan-3900-ty-quy-42025-tang-truong-38-188260130121500582.chn,1/30/2026 12:14,1/30/2026,tich_cuc,,tich_cuc,duyen
582,VJC,https://cafef.vn/cong-ty-dich-vu-hang-khong-lon-top-dau-viet-nam-chinh-thuc-lap-dn-moi-de-khai-thac-mo-vang-san-bay-long-thanh-188250319100451141.chn,3/19/2025 10:04,3/19/2025,,trung_tinh,trung_tinh,an
583,VIC,https://cafef.vn/co-dong-hoi-lam-gi-de-dam-bao-nguon-von-ty-phu-pham-nhat-vuong-noi-ngan-gon-1-cau-188250424131426736.chn,4/24/2025 13:19,4/24/2025,trung_tinh,,trung_tinh,duyen
584,STB,https://cafef.vn/ba-nguyen-duc-thach-diem-thoi-lam-tong-giam-doc-sacombank-bo-nhiem-cuu-ceo-vietbank-vao-ghe-nong-188250522121135762.chn,5/22/2025 12:11,5/22/2025,trung_tinh,,trung_tinh,duyen
585,STB,https://cafef.vn/sacombank-bat-ngo-bo-sung-to-trinh-quan-trong-truoc-them-dhcd-co-phieu-tang-vot-lap-dinh-moi-1882504211459262.chn,4/21/2025 15:45,4/22/2025,,trung_tinh,trung_tinh,an
586,TCB,https://cafef.vn/anh-tai-tien-dat-va-hanh-trinh-10-nam-re-huong-kinh-doanh-tu-suy-nghi-mua-mot-ban-hai-la-loi-roi-cho-den-buoc-ngoat-ve-tu-duy-quan-ly-dong-tien-nhan-roi-188250529131921811.chn,5/30/2025 10:51,5/30/2025,,trung_tinh,trung_tinh,an
587,TCB,https://cafef.vn/techcombank-tao-da-dua-doanh-nghiep-xuat-nhap-khau-ve-dich-3-thang-cuoi-nam-188241024075644756.chn,10/24/2024 8:00,10/24/2024,,trung_tinh,trung_tinh,an
588,HPG,https://cafef.vn/ty-phu-pham-nhat-vuong-nhay-vao-lam-thep-doi-thu-cu-cua-hoa-phat-hoi-sinh-vua-thep-tran-dinh-long-co-dau-dau-188251220231351105.chn,12/21/2025 0:05,12/22/2025,trung_tinh,,trung_tinh,duyen
589,MSN,https://cafef.vn/doi-ban-ty-phu-nguyen-dang-quang-ho-hung-anh-masan-muon-chinh-phuc-moc-100000-ty-dong-von-hoa-techcombank-vot-len-cao-nhat-20-thang-18824022316185277.chn,2/23/2024 16:25,2/26/2024,tieu_cuc,trung_tinh,trung_tinh,bat_dong_uu_tien_an
590,BVH,https://cafef.vn/tap-doan-bao-viet-bau-bo-sung-them-nhan-su-cap-cao-18824123113492119.chn,12/31/2024 15:28,1/1/2025,trung_tinh,,trung_tinh,duyen
591,FPT,https://cafef.vn/khong-con-hop-nhat-fpt-telecom-loi-nhuan-fpt-van-tang-18-188260326215034033.chn,3/26/2026 21:50,3/27/2026,,tich_cuc,tich_cuc,an
592,MSN,https://cafef.vn/masan-group-chinh-thuc-nhan-khoan-dau-tu-250-trieu-usd-bang-tien-mat-tu-bain-capital-nang-so-von-da-huy-dong-duoc-trong-hai-nam-qua-len-15-ty-usd-188240423093737216.chn,4/23/2024 9:38,4/23/2024,,tich_cuc,tich_cuc,an
593,FPT,https://cafef.vn/fpt-bao-lai-rong-10-thang-tang-truong-hon-19-co-dong-chuan-bi-nhan-hon-1700-ty-dong-tien-co-tuc-188251117174113682.chn,11/17/2025 17:43,11/18/2025,tich_cuc,tich_cuc,tich_cuc,nhat_tri
594,FPT,https://cafef.vn/co-phieu-ho-fpt-noi-song-ga-khong-lo-cong-nghe-25-lan-vuot-dinh-tu-dau-nam-fpt-telecom-tang-bang-lan-sau-5-thang-fpt-retail-gan-cham-nguong-ty-usd-von-hoa-188240604230752504.chn,6/5/2024 0:01,6/5/2024,trung_tinh,,trung_tinh,duyen
595,VIC,https://cafef.vn/vingroup-va-thuc-te-con-so-no-tai-chinh-doanh-thu-tuong-lai-188250903225313062.chn,9/4/2025 0:01,9/4/2025,,trung_tinh,trung_tinh,an
596,MBB,https://cafef.vn/sau-sacombank-techcombank-them-mot-ngan-hang-lap-ky-luc-moi-von-hoa-vuot-150000-ty-188250620145731514.chn,6/20/2025 14:57,6/20/2025,trung_tinh,,trung_tinh,duyen
597,POW,https://cafef.vn/dai-gia-nha-nuoc-vua-bat-tay-vingroup-phat-trien-he-thong-1000-tram-sac-xe-dien-co-the-tang-truong-ra-sao-188241226230554461.chn,12/27/2024 0:02,12/27/2024,trung_tinh,trung_tinh,trung_tinh,nhat_tri
598,VIC,https://cafef.vn/du-an-178000-ty-dong-cua-vingroup-duoc-chot-ten-trong-danh-muc-quan-trong-188251203073210896.chn,12/3/2025 7:33,12/3/2025,,trung_tinh,trung_tinh,an
599,SAB,https://cafef.vn/gia-nhom-tang-vun-vut-de-doa-cong-ty-bia-lon-nhat-viet-nam-188250216085018494.chn,2/16/2025 8:50,2/17/2025,tieu_cuc,trung_tinh,trung_tinh,bat_dong_uu_tien_an
600,FPT,https://cafef.vn/tu-15-phut-xuong-chua-day-60-giay-nhan-vien-van-phong-viet-nam-co-doi-mat-thach-thuc-sa-thai-voi-ai-cua-fpt-188260313105748559.chn,3/13/2026 10:57,3/13/2026,trung_tinh,trung_tinh,trung_tinh,nhat_tri
601,PLX,https://cafef.vn/hai-ong-lon-xang-dau-ung-pho-voi-chuyen-dich-nang-luong-188250429085926391.chn,4/29/2025 13:58,4/29/2025,,trung_tinh,trung_tinh,an
602,FPT,https://cafef.vn/chu-tich-truong-gia-binh-mat-troi-moc-o-dau-fpt-o-do-188240327145621513.chn,3/27/2024 15:00,3/28/2024,trung_tinh,,trung_tinh,duyen
603,VHM,https://cafef.vn/chuyen-dong-moi-nhat-tai-sieu-du-an-khu-do-thi-240ha-hon-23000-ty-cua-vinhomes-vhm-tai-hai-phong-188250115080704395.chn,1/15/2025 8:05,1/15/2025,trung_tinh,,trung_tinh,duyen
604,HPG,https://cafef.vn/ty-phu-tran-dinh-long-khang-dinh-du-nang-luc-san-xuat-thep-duong-sat-cao-toc-bac-nam-hoa-phat-se-huong-loi-the-nao-tu-sieu-du-an-70-ty-usd-188240923092821354.chn,9/23/2024 9:28,9/23/2024,trung_tinh,,trung_tinh,duyen
605,VIC,https://cafef.vn/chuyen-gi-day-von-hoa-cua-vingroup-gan-bang-4-ngan-hang-lon-nhat-cong-lai-188251208231311836.chn,12/9/2025 0:10,12/9/2025,trung_tinh,,trung_tinh,duyen
606,HPG,https://cafef.vn/ty-phu-tran-dinh-long-nhan-nut-du-an-10000-ty-se-ra-lo-thep-ray-made-in-vietnam-som-hon-mot-nam-so-voi-ke-hoach-188251219103849817.chn,12/19/2025 10:38,12/19/2025,,trung_tinh,trung_tinh,an
607,VIC,https://cafef.vn/ty-phu-pham-nhat-vuong-giam-hon-13-ty-usd-tai-san-188260204164650618.chn,2/4/2026 16:46,2/5/2026,trung_tinh,,trung_tinh,duyen
608,VNM,https://cafef.vn/vinamilk-tong-doanh-thu-hop-nhat-quy-3-tien-sat-cot-moc-17-nghin-ty-dong-188251030175042367.chn,10/30/2025 19:00,10/31/2025,tich_cuc,,tich_cuc,duyen
609,VIB,https://cafef.vn/ngan-hang-dau-tien-tra-co-tuc-tien-mat-nam-2024-chot-danh-sach-co-dong-ngay-trong-thang-1-188240108075033764.chn,1/8/2024 7:51,1/8/2024,trung_tinh,,trung_tinh,duyen
610,VJC,https://cafef.vn/chuyen-gi-dang-xay-ra-voi-vietjet-air-cua-ty-phu-nguyen-thi-phuong-thao-188251125144340511.chn,11/25/2025 14:43,11/25/2025,,trung_tinh,trung_tinh,an
611,VHM,https://cafef.vn/so-giao-dich-chung-khoan-singapore-bat-den-xanh-cho-vinhomes-niem-yet-trai-phieu-at-chu-bai-cua-ty-phu-pham-nhat-vuong-sap-huy-dong-500-trieu-usd-tu-quoc-te-188241221154251863.chn,12/21/2024 15:42,12/23/2024,,trung_tinh,trung_tinh,an
612,FPT,https://cafef.vn/bo-truong-nguyen-manh-hung-fpt-dat-cuoc-vao-ai-chip-ban-dan-va-phan-mem-o-to-la-chien-luoc-dung-dan-188240215185947909.chn,2/15/2024 18:44,2/16/2024,,trung_tinh,trung_tinh,an
613,VIC,https://cafef.vn/vinspeed-cua-ty-phu-pham-nhat-vuong-dang-ky-dau-tu-du-an-duong-sat-cao-toc-bac-nam-188250514120213395.chn,5/14/2025 12:01,5/14/2025,,trung_tinh,trung_tinh,an
614,VIC,https://cafef.vn/vic-lap-dinh-lich-su-tai-san-vo-chong-ty-phu-pham-nhat-vuong-tang-them-17000-ty-ba-nguyen-thi-phuong-thao-khong-chiu-thua-khi-vjc-tang-tran-188251121075434712.chn,11/21/2025 7:54,11/21/2025,trung_tinh,,trung_tinh,duyen
615,FPT,https://cafef.vn/tuyen-bo-khong-ai-duoc-mat-viec-cac-cong-ty-nha-fpt-tang-hon-10200-nhan-su-loat-doanh-nghiep-tro-lai-o-at-tuyen-hang-nghin-nguoi-moi-18825021510031081.chn,2/15/2025 10:03,2/17/2025,trung_tinh,,trung_tinh,duyen
616,TCB,https://cafef.vn/vuot-hon-1000-de-cu-techcombank-xac-lap-hattrick-giai-vang-stevie-awards-chau-a-thai-binh-duong-188260324173859262.chn,3/24/2026 17:38,3/25/2026,,trung_tinh,trung_tinh,an
617,FPT,https://cafef.vn/sau-vinh-phuc-khanh-hoa-ba-ria-vung-tau-fpt-tim-dat-xay-to-hop-giao-duc-va-phat-trien-he-thong-minischool-tai-thai-binh-188250228224931427.chn,3/1/2025 0:05,3/3/2025,,trung_tinh,trung_tinh,an
618,VIC,https://cafef.vn/3-thang-tu-khi-ong-pham-nhat-vuong-tra-loi-cau-hoi-chon-vic-hay-vang-1-nghin-co-phieu-vic-da-co-gia-hon-1-cay-vang-188250717101246522.chn,7/17/2025 10:15,7/17/2025,,trung_tinh,trung_tinh,an
619,VJC,https://cafef.vn/chu-tich-sags-mat-di-vietjet-air-la-mat-20-loi-nhuan-dang-quyet-liet-lay-hop-dong-voi-sun-phuquoc-airways-de-bu-dap-188250620145158475.chn,6/20/2025 14:51,6/20/2025,,trung_tinh,trung_tinh,an
620,GVR,https://cafef.vn/phai-hoan-thanh-ke-hoach-tap-doan-cao-su-dieu-chinh-ke-hoach-kinh-doanh-2023-18823122216323827.chn,12/22/2023 16:32,12/25/2023,trung_tinh,,trung_tinh,duyen
621,FPT,https://cafef.vn/co-phieu-fpt-cua-ong-truong-gia-binh-tai-sinh-188251021141948351.chn,10/21/2025 14:19,10/21/2025,trung_tinh,,trung_tinh,duyen
622,VHM,https://cafef.vn/vinhomes-lai-35000-ty-dong-ban-dieu-hanh-duoc-tra-thu-lao-bao-nhieu-18825033115160348.chn,3/31/2025 15:25,4/1/2025,,trung_tinh,trung_tinh,an
623,MWG,https://cafef.vn/dragon-capital-da-ban-rong-gan-18-trieu-co-phieu-the-gioi-di-dong-ha-so-huu-xuong-duoi-6-188240202145114655.chn,2/2/2024 14:53,2/2/2024,,trung_tinh,trung_tinh,an
624,POW,https://cafef.vn/chay-nuoc-rut-du-an-dien-khi-hon-22-ty-usd-o-quang-ninh-188251107181439151.chn,11/7/2025 18:47,11/10/2025,trung_tinh,trung_tinh,trung_tinh,nhat_tri
625,FPT,https://cafef.vn/lanh-dao-chelsea-fpt-la-doi-tac-hoan-hao-dua-chung-toi-tien-vao-ky-nguyen-moi-188250410131120851.chn,4/10/2025 13:11,4/10/2025,trung_tinh,,trung_tinh,duyen
626,HPG,https://cafef.vn/hoa-phat-giao-them-400-vo-container-cho-cong-ty-top-2-ve-san-luong-van-chuyen-noi-dia-188240530162137797.chn,5/30/2024 16:19,5/31/2024,trung_tinh,,trung_tinh,duyen
627,VJC,https://cafef.vn/hang-hang-khong-cua-ty-phu-nguyen-thi-phuong-thao-xin-loi-khach-hang-den-bu-voucher-len-toi-1-trieu-dong-188250422194259199.chn,4/22/2025 19:42,4/23/2025,trung_tinh,,trung_tinh,duyen
628,VIC,https://cafef.vn/top-giau-nhat-the-gioi-ty-phu-pham-nhat-vuong-len-hang-93-vuot-chu-tich-samsung-2-nu-tuong-vingroup-lan-dau-tien-xuat-hien-188260310212026495.chn,3/10/2026 21:21,3/11/2026,trung_tinh,,trung_tinh,duyen
629,FPT,https://cafef.vn/chu-tich-fpt-truong-gia-binh-hat-tai-sinh-giua-luc-con-bao-deepseek-can-quet-co-phieu-cong-nghe-toan-cau-188250203235058551.chn,2/4/2025 0:01,2/4/2025,trung_tinh,trung_tinh,trung_tinh,nhat_tri
630,CTG,https://cafef.vn/co-phieu-ctg-tang-boc-dau-von-hoa-vietinbank-vuot-vingroup-188240110155133529.chn,1/10/2024 15:50,1/11/2024,,trung_tinh,trung_tinh,an
631,MBB,https://cafef.vn/chu-tich-mb-luu-trung-thai-mb-dat-muc-tieu-30-trieu-khach-hang-trong-nam-2024-188240415155653385.chn,4/15/2024 15:56,4/16/2024,,trung_tinh,trung_tinh,an
632,MWG,https://cafef.vn/ong-hieu-em-noi-ve-co-hoi-vang-long-chau-hanh-dong-nhanh-mo-hang-tram-nha-thuoc-an-khang-van-im-ang-18825061023380575.chn,6/11/2025 0:02,6/11/2025,trung_tinh,,trung_tinh,duyen
633,MSN,https://cafef.vn/chu-tich-masan-nguyen-dang-quang-roi-khoi-danh-sach-ty-phu-usd-188240213222432457.chn,2/13/2024 22:24,2/14/2024,trung_tinh,trung_tinh,trung_tinh,nhat_tri
634,GVR,https://cafef.vn/vrg-muon-mo-rong-dien-tich-trong-cao-su-tai-lao-188250223085612365.chn,2/23/2025 9:55,2/24/2025,,trung_tinh,trung_tinh,an
635,BCM,https://cafef.vn/ga-khong-lo-bat-dong-san-kcn-thu-10-dong-lai-gop-7-loi-nhuan-quy-12024-tang-60-so-voi-cung-ky-188240427140156598.chn,4/29/2024 0:06,4/29/2024,trung_tinh,,trung_tinh,duyen
636,MWG,https://cafef.vn/ong-doan-van-hieu-em-chuoi-ban-le-dien-may-ict-tai-indonesia-co-doanh-thu-moi-cua-hang-cao-hon-nhieu-viet-nam-dat-muc-tieu-hoa-von-cap-do-cong-ty-trong-nam-nay-188240413150736973.chn,4/13/2024 15:10,4/15/2024,,trung_tinh,trung_tinh,an
637,MWG,https://cafef.vn/bach-hoa-xanh-quyet-tam-bac-tien-co-phieu-mwg-cua-ong-nguyen-duc-tai-boc-dau-vuot-dinh-188250911151724358.chn,9/11/2025 15:17,9/12/2025,trung_tinh,,trung_tinh,duyen
638,VIC,https://cafef.vn/ky-luc-84000-ty-doanh-thu-cua-vingroup-32-ty-usd-do-ve-tu-nhung-dau-18825050109073146.chn,5/1/2025 9:07,5/1/2025,,tich_cuc,tich_cuc,an
639,VJC,https://cafef.vn/tap-doan-cua-tien-si-nguyen-thi-phuong-thao-nhan-ban-giao-tau-bay-boeing-7378-dau-tien-trong-don-hang-tri-gia-32-ty-usd-188250922074056242.chn,9/22/2025 7:40,9/22/2025,trung_tinh,trung_tinh,trung_tinh,nhat_tri
640,FPT,https://cafef.vn/fpt-lam-he-dieu-hanh-he-thong-phan-mem-cho-6-hang-xe-dien-tren-the-gioi-nhung-khong-co-vinfast-188231014184202079.chn,10/14/2023 18:41,10/16/2023,trung_tinh,,trung_tinh,duyen
641,MWG,https://cafef.vn/the-gioi-di-dong-hoa-sen-bamboo-capital-no-may-khoi-dong-lai-cuoc-choi-ipo-188240409170324247.chn,4/10/2024 8:10,4/10/2024,,trung_tinh,trung_tinh,an
642,MWG,https://cafef.vn/bach-hoa-xanh-chua-co-du-dinh-goi-them-von-sau-thuong-vu-chao-ban-rieng-le-at-chu-bai-cua-the-gioi-di-dong-he-lo-ke-hoach-len-san-chung-khoan-188240413155252305.chn,4/13/2024 15:55,4/15/2024,trung_tinh,,trung_tinh,duyen
643,GVR,https://cafef.vn/tap-doan-cao-su-viet-nam-gvr-duoc-chap-thuan-dau-tu-kcn-minh-hung-iii-hon-483ha-vdt-gan-2300-ty-dong-188250309181147454.chn,3/9/2025 18:11,3/10/2025,,trung_tinh,trung_tinh,an
644,FPT,https://cafef.vn/co-phieu-fpt-but-toc-manh-nhat-trong-1-thang-188250616220235428.chn,6/17/2025 0:01,6/17/2025,trung_tinh,,trung_tinh,duyen
645,SHB,https://cafef.vn/tin-vui-voi-hang-chuc-nghin-co-dong-ngan-hang-shb-188250403004727851.chn,4/3/2025 7:15,4/3/2025,,tich_cuc,tich_cuc,an
646,PLX,https://cafef.vn/hai-nha-ban-le-xang-dau-lon-nhat-viet-nam-petrolimex-va-pv-oil-binh-quan-moi-ngay-thu-gan-1200-ty-co-phieu-cung-tang-phi-ma-du-loi-nhuan-trai-chieu-188240803222818481.chn,8/7/2024 0:02,8/7/2024,trung_tinh,,trung_tinh,duyen
647,VHM,https://cafef.vn/khoi-ngoai-bat-ngo-bom-rong-800-ty-co-phieu-vinhomes-vhm-but-pha-keo-thi-truong-loi-nguoc-dong-188231020151416383.chn,10/20/2023 15:14,10/23/2023,trung_tinh,,trung_tinh,duyen
648,MWG,https://cafef.vn/xac-suat-cao-co-phieu-the-gioi-di-dong-bi-loai-khoi-ro-vndiamond-trong-ky-review-thang-4-188240115233506037.chn,1/16/2024 0:35,1/16/2024,trung_tinh,,trung_tinh,duyen
649,BCM,https://cafef.vn/ong-trum-bds-khu-cong-nghiep-becamex-idc-bat-ngo-boc-dau-truoc-thuong-vu-lich-su-cua-chung-khoan-viet-nam-188250221101945099.chn,2/21/2025 10:19,2/21/2025,trung_tinh,,trung_tinh,duyen
650,GVR,https://cafef.vn/tin-vui-1600-ty-dong-sap-chay-ve-tui-co-dong-gvr-trong-thang-12-188251103154658489.chn,11/3/2025 15:46,11/4/2025,trung_tinh,,trung_tinh,duyen
651,VHM,https://cafef.vn/vinhomes-lai-14-ty-usd-trong-nam-2024-doanh-thu-chua-ghi-nhan-dat-hon-94000-ty-dong-188250124114732171.chn,1/24/2025 11:58,1/24/2025,,tich_cuc,tich_cuc,an
652,FPT,https://cafef.vn/scic-cong-bo-danh-sach-thoai-von-dot-12025-nhieu-doanh-nghiep-hot-tren-san-chung-khoan-gop-mat-18825042816455857.chn,4/28/2025 16:45,4/29/2025,,trung_tinh,trung_tinh,an
653,VIC,https://cafef.vn/warren-buffett-tu-hao-khoe-nop-thue-tndn-chiem-5-cua-my-ty-phu-pham-nhat-vuong-lam-duoc-dieu-kinh-ngac-hon-gan-7-thu-ngan-sach-viet-nam-188260327072412756.chn,3/27/2026 7:24,3/27/2026,trung_tinh,trung_tinh,trung_tinh,nhat_tri
654,TCB,https://cafef.vn/san-pham-techcombank-sinh-loi-tu-dong-gianh-giai-vang-stevie-awards-oscar-trong-linh-vuc-kinh-doanh-quoc-te-188250916101159515.chn,9/17/2025 8:11,9/17/2025,trung_tinh,trung_tinh,trung_tinh,nhat_tri
655,ACB,https://cafef.vn/ngan-hang-acb-co-quyet-dinh-quan-trong-ve-tong-giam-doc-18825011215594392.chn,1/12/2025 15:59,1/13/2025,,trung_tinh,trung_tinh,an
656,TCB,https://cafef.vn/giai-ma-he-sinh-thai-toan-dien-techcombank-masterise-group-one-mount-khi-kieng-ba-chan-hien-thuc-hoa-khat-vong-phung-su-quoc-gia-cua-khoi-kinh-te-tu-nhan-188260104183823507.chn,1/5/2026 7:00,1/5/2026,,trung_tinh,trung_tinh,an
657,FPT,https://cafef.vn/lpbank-muon-mua-5-von-fpt-co-the-phai-bo-ra-gan-10000-ty-dong-188240919135209073.chn,9/19/2024 13:51,9/19/2024,trung_tinh,,trung_tinh,duyen
658,MWG,https://cafef.vn/the-gioi-di-dong-mwg-thu-hon-400-ty-moi-ngay-bach-hoa-xanh-o-at-mo-them-cua-hang-18825042517300791.chn,4/25/2025 17:29,4/28/2025,trung_tinh,,trung_tinh,duyen
659,HPG,https://cafef.vn/dut-mach-tang-gia-hoa-phat-thep-viet-duc-cung-thong-bao-giam-gia-ban-hang-188240320065025911.chn,3/20/2024 6:50,3/20/2024,trung_tinh,tieu_cuc,tieu_cuc,bat_dong_uu_tien_an
660,VHM,https://cafef.vn/trung-hop-thu-vi-vnindex-tang-109-diem-tu-dau-nam-dung-bang-so-diem-nhom-vingroup-dong-gop-188250630230856618.chn,7/1/2025 0:01,7/1/2025,trung_tinh,,trung_tinh,duyen
661,VJC,https://cafef.vn/van-co-cua-ty-phu-phuong-thao-tai-thai-lan-o-at-tuyen-5000-quan-tung-at-chu-bai-50-chiec-boeing-737-max-dinh-hinh-lai-cuoc-choi-188250812141226716.chn,8/12/2025 14:12,8/12/2025,trung_tinh,trung_tinh,trung_tinh,nhat_tri
662,FPT,https://cafef.vn/ong-truong-gia-binh-nhan-nhiem-vu-tu-thu-tuong-co-phieu-fpt-lay-lai-moc-100000-dong-tron-trinh-1882508261534441.chn,8/26/2025 15:53,8/27/2025,trung_tinh,,trung_tinh,duyen
663,TPB,https://cafef.vn/tpbank-lien-tuc-duoc-danh-gia-tich-cuc-xep-hang-tin-nhiem-voi-trien-vong-on-dinh-188240527111239171.chn,5/27/2024 13:07,5/27/2024,trung_tinh,,trung_tinh,duyen
664,FPT,https://cafef.vn/hose-ra-mat-bo-chi-so-dau-tu-co-phieu-cong-nghiep-va-cong-nghe-fpt-hpg-gex-gop-mat-18825081116275418.chn,8/11/2025 16:27,8/12/2025,trung_tinh,,trung_tinh,duyen
665,VHM,https://cafef.vn/ong-lon-dia-oc-nhat-ban-muon-dau-tu-manh-me-vao-cac-du-an-cua-vinhomes-188241219224508249.chn,12/20/2024 0:09,12/20/2024,,trung_tinh,trung_tinh,an
666,VIC,https://cafef.vn/cong-ty-nang-luong-vinenergo-28000-ty-cua-ty-phu-pham-nhat-vuong-xuat-hien-1-co-dong-moi-nam-5-co-phan-188251117074520206.chn,11/17/2025 7:45,11/17/2025,trung_tinh,,trung_tinh,duyen
667,VHM,https://cafef.vn/khoi-ngoai-ban-rong-trong-thoi-gian-vinhomes-tung-tien-mua-co-phieu-quy-18824112123043298.chn,11/22/2024 0:04,11/22/2024,trung_tinh,,trung_tinh,duyen
668,VPB,https://cafef.vn/vpbank-nhan-giai-ngan-hang-xuat-sac-ve-quan-tri-rui-ro-khi-hau-188231011183356666.chn,10/11/2023 18:00,10/12/2023,,trung_tinh,trung_tinh,an
669,SAB,https://cafef.vn/dai-gia-nganh-bia-sabeco-vua-guong-day-sau-cu-dam-thoi-nong-do-con-doanh-so-tang-gan-nghin-ty-chuyen-gia-danh-gia-con-qua-som-de-khang-dinh-da-qua-day-188240511230426177.chn,5/12/2024 0:05,5/13/2024,trung_tinh,,trung_tinh,duyen
670,VJC,https://cafef.vn/2-cong-ty-chuan-bi-rot-5000-ty-vao-mot-hang-hang-khong-188250101170321544.chn,1/1/2025 19:10,1/2/2025,trung_tinh,,trung_tinh,duyen
671,VIC,https://cafef.vn/sk-da-tim-duoc-doi-tac-mua-co-phieu-vic-18825041715355129.chn,4/17/2025 15:46,4/18/2025,tich_cuc,trung_tinh,trung_tinh,bat_dong_uu_tien_an
672,VHM,https://cafef.vn/chuyen-dong-moi-tai-sieu-du-an-ty-usd-cua-vinhomes-o-long-an-188231104100319533.chn,11/4/2023 10:06,11/6/2023,,trung_tinh,trung_tinh,an
673,CTG,https://cafef.vn/nho-dau-loi-nhuan-vietinbank-tang-hon-17-trong-quy-3-188231101122440236.chn,11/1/2023 12:24,11/1/2023,,tich_cuc,tich_cuc,an
674,VHM,https://cafef.vn/sieu-du-an-lan-bien-can-gio-10-ty-usd-cua-vingroup-dong-hon-1-ty-usd-tien-su-dung-thue-dat-trong-nam-nay-188251215123528484.chn,12/15/2025 12:35,12/15/2025,tich_cuc,trung_tinh,trung_tinh,bat_dong_uu_tien_an
675,MSN,https://cafef.vn/masan-bao-lai-rong-quy-12025-gan-400-ty-tang-280-188250424093107672.chn,4/24/2025 9:30,4/24/2025,tich_cuc,tich_cuc,tich_cuc,nhat_tri
676,MWG,https://cafef.vn/lo-dien-nhieu-quy-lon-lien-tuc-ban-ra-ca-chuc-trieu-co-phieu-the-gioi-di-dong-du-tung-co-luc-phai-tra-chenh-toi-45-de-gom-hang-188231103083147806.chn,11/3/2023 8:31,11/3/2023,,trung_tinh,trung_tinh,an
677,VCB,https://cafef.vn/dhdcd-vietcombank-bau-tong-bien-tap-thuoc-ngan-hang-nha-nuoc-vao-hoi-dong-quan-tri-188250426094542578.chn,4/26/2025 9:45,4/28/2025,trung_tinh,trung_tinh,trung_tinh,nhat_tri
678,VPB,https://cafef.vn/tien-vao-o-at-day-thanh-khoan-len-cao-nhat-3-nam-co-phieu-vpbank-noi-song-188240612175130425.chn,6/12/2024 17:47,6/13/2024,tich_cuc,,tich_cuc,duyen
679,SSI,https://cafef.vn/viet-nam-sap-co-cong-ty-chung-khoan-von-dieu-le-25000-ty-dong-188250925225647497.chn,9/26/2025 0:06,9/26/2025,trung_tinh,trung_tinh,trung_tinh,nhat_tri
680,HPG,https://cafef.vn/hon-500-nha-dau-tu-dang-ky-tham-quan-khu-lien-hop-gang-thep-hoa-phat-dung-quat-trong-ngay-dau-tien-mo-dang-ky-188240226181822244.chn,2/26/2024 18:11,2/27/2024,trung_tinh,trung_tinh,trung_tinh,nhat_tri
681,MWG,https://cafef.vn/nhom-vingroup-keo-vnindex-tang-manh-lanh-dao-mwg-se-kho-duoc-esop-lon-188251224094646973.chn,12/24/2025 9:46,12/24/2025,trung_tinh,,trung_tinh,duyen
682,SHB,https://cafef.vn/dhdcd-shb-but-pha-vuon-tam-trong-ky-nguyen-moi-ke-hoach-loi-nhuan-tang-25-co-dong-tin-tuong-dong-hanh-188250423081643583.chn,4/23/2025 8:16,4/23/2025,trung_tinh,,trung_tinh,duyen
683,HPG,https://cafef.vn/loat-dai-gia-san-chung-khoan-kiem-tien-ky-luc-vingroup-lan-dau-soan-ngoi-petrolimex-the-gioi-di-dong-vuot-hoa-phat-188260201233027548.chn,2/2/2026 0:05,2/2/2026,trung_tinh,trung_tinh,trung_tinh,nhat_tri
684,VHM,https://cafef.vn/vinhomes-vhm-vuot-vietcombank-vcb-tro-thanh-doanh-nghiep-co-von-hoa-lon-thu-2-thi-truong-188251014110656425.chn,10/14/2025 11:06,10/14/2025,trung_tinh,,trung_tinh,duyen
685,VIC,https://cafef.vn/vingroup-cua-ty-phu-pham-nhat-vuong-lap-ky-luc-chua-tung-co-tai-cong-trinh-top-10-the-gioi-don-nhan-huan-chuong-lao-dong-hang-nhat-188250819111838221.chn,8/19/2025 11:14,8/19/2025,trung_tinh,,trung_tinh,duyen
686,MWG,https://cafef.vn/mwg-hoc-mo-hinh-hau-mai-cua-nganh-xe-hoi-ong-nguyen-duc-tai-noi-loi-nhuan-lon-cua-dai-ly-o-to-khong-den-tu-ban-xe-ma-tu-dich-vu-bao-duong-188250905113139803.chn,9/5/2025 13:30,9/5/2025,trung_tinh,trung_tinh,trung_tinh,nhat_tri
687,ACB,https://cafef.vn/acb-tang-truong-tin-dung-gap-doi-binh-quan-nganh-dan-dau-thi-truong-ve-muc-do-hieu-qua-trong-6-thang-dau-nam-2024-188240724104735947.chn,7/24/2024 10:46,7/24/2024,,tich_cuc,tich_cuc,an
688,MWG,https://cafef.vn/sep-the-gioi-di-dong-khoe-khoan-dau-tu-nghin-ty-tai-thi-truong-dong-dan-nhat-dna-he-lo-tham-vong-ipo-dua-con-du-hoc-188250312110635246.chn,3/12/2025 11:05,3/12/2025,,trung_tinh,trung_tinh,an
689,FPT,https://cafef.vn/fpt-mua-lai-cong-ty-cong-nghe-20-nam-tuoi-tai-my-danh-dau-cong-ty-thu-3-tai-my-duoc-mua-lai-trong-vong-1-nam-188231106110549458.chn,11/6/2023 11:05,11/6/2023,trung_tinh,,trung_tinh,duyen
690,VJC,https://cafef.vn/vietjet-trien-khai-phuong-an-chao-ban-co-phieu-rieng-le-188231230081138836.chn,12/30/2023 8:11,1/1/2024,,trung_tinh,trung_tinh,an
691,FPT,https://cafef.vn/co-phieu-cong-nghe-chua-ha-nhiet-fpt-nhan-ga-lot-top-5-doanh-nghiep-niem-yet-lon-nhat-viet-nam-188240528173211283.chn,5/28/2024 17:26,5/29/2024,,trung_tinh,trung_tinh,an
692,VIC,https://cafef.vn/vingroup-bat-tay-shopee-phat-trien-ha-tang-thuong-mai-dien-tu-188250606164543866.chn,6/6/2025 16:45,6/9/2025,trung_tinh,,trung_tinh,duyen
693,TPB,https://cafef.vn/tpbank-he-lo-ket-qua-kinh-doanh-6-thang-khoi-ngoai-co-dong-thai-lien-tuc-mua-rong-co-phieu-tpb-188250716093708782.chn,7/16/2025 9:37,7/16/2025,,tich_cuc,tich_cuc,an
694,MSN,https://cafef.vn/lanh-dao-masan-hien-ke-voi-thu-tuong-hut-von-dai-han-chi-phi-thap-tu-ndt-nuoc-ngoai-va-thuc-day-thi-truong-von-ngoai-ngan-hang-188240921122615378.chn,9/21/2024 12:26,9/23/2024,,trung_tinh,trung_tinh,an
695,VHM,https://cafef.vn/co-phieu-bat-dong-san-noi-song-novaland-tang-kich-tran-trang-ben-ban-dieu-gi-dang-xay-ra-188250529150842969.chn,5/29/2025 15:30,5/30/2025,,trung_tinh,trung_tinh,an
696,FPT,https://cafef.vn/fpt-sap-tang-von-them-hon-2200-ty-dong-thong-qua-phat-hanh-co-phieu-188250711105258045.chn,7/11/2025 11:34,7/11/2025,,trung_tinh,trung_tinh,an
697,FPT,https://cafef.vn/lanh-dao-fpt-khoe-da-nhan-350000-ho-so-ung-tuyen-vao-tap-doan-nhung-chi-cham-do-hon-6-trong-nam-2024-gan-ngang-ty-le-choi-tai-harvard-188250101214205902.chn,1/1/2025 21:42,1/2/2025,,trung_tinh,trung_tinh,an
698,VCB,https://cafef.vn/vietcombank-co-tan-chu-tich-hdqt-188240728005229785.chn,7/28/2024 0:52,7/29/2024,,trung_tinh,trung_tinh,an
699,SHB,https://cafef.vn/pho-ct-shb-do-quang-vinh-nguoi-chot-deal-nghin-ty-tren-thuong-truong-18824042207505434.chn,4/22/2024 8:00,4/22/2024,trung_tinh,,trung_tinh,duyen
700,VIC,https://cafef.vn/gop-xong-70-trieu-co-phieu-vao-vinenergo-ty-phu-pham-nhat-vuong-tiep-tuc-tang-von-cho-vinspeed-bang-hang-chuc-trieu-co-phieu-vic-188250619152743918.chn,6/19/2025 15:29,6/20/2025,trung_tinh,,trung_tinh,duyen
701,BCM,https://cafef.vn/becamex-muon-dau-gia-cong-khai-300-trieu-co-phieu-huy-dong-toi-thieu-15000-ty-dong-rot-von-cho-1-loat-khu-cong-nghiep-quan-trong-188240627113429144.chn,6/27/2024 12:19,6/27/2024,trung_tinh,trung_tinh,trung_tinh,nhat_tri
702,MWG,https://cafef.vn/lanh-dao-mwg-ket-qua-kinh-doanh-quy-1-kha-quan-bach-hoa-xanh-co-lai-tham-chi-lai-4-chu-so-trong-khoang-2-nam-toi-188240413144251032.chn,4/13/2024 14:43,4/15/2024,trung_tinh,,trung_tinh,duyen
703,VHM,https://cafef.vn/phia-sau-doanh-thu-ky-luc-170000-ty-sau-9-thang-cua-vingroup-vinfast-tang-truong-80-doanh-so-chua-ghi-nhan-cua-vinhomes-len-den-224000-ty-dong-18825110307545864.chn,11/3/2025 7:54,11/3/2025,trung_tinh,trung_tinh,trung_tinh,nhat_tri
704,VJC,https://cafef.vn/vietjet-cong-bo-bao-cao-kiem-toan-2023-voi-tang-truong-manh-me-mang-bay-quoc-te-loi-nhuan-tu-van-tai-hang-khong-471-ty-dong-188240402121727097.chn,4/2/2024 12:17,4/2/2024,,tich_cuc,tich_cuc,an
705,MWG,https://cafef.vn/tuyen-bo-cua-ong-nguyen-duc-tai-thanh-hien-thuc-bach-hoa-xanh-bat-dau-dem-tien-ve-cho-me-co-the-da-co-lai-trong-thang-4-188240513112807416.chn,5/13/2024 12:25,5/13/2024,tich_cuc,,tich_cuc,duyen
706,FPT,https://cafef.vn/ong-truong-gia-binh-phan-tich-am-duong-ngu-hanh-nam-nay-fpt-vuong-khi-doi-dao-khong-muon-nhan-cung-khong-duoc-thoi-toi-can-khong-kip-188250205145759641.chn,2/5/2025 14:57,2/5/2025,trung_tinh,trung_tinh,trung_tinh,nhat_tri
707,MWG,https://cafef.vn/khong-mo-moi-bat-cu-cua-hang-nao-mot-chuoi-ban-le-cua-the-gioi-di-dong-van-tang-35-doanh-thu-kiem-hon-1200-ty-dong-188250125081126965.chn,1/25/2025 8:11,1/27/2025,tich_cuc,,tich_cuc,duyen
708,MWG,https://cafef.vn/co-dong-hoi-sao-chua-tap-trung-phat-trien-topcare-chu-tich-nguyen-duc-tai-noi-nha-nhieu-con-dua-nao-hoc-gioi-moi-cho-di-du-hoc-188250427041725714.chn,4/27/2025 4:17,4/28/2025,,trung_tinh,trung_tinh,an
709,VIC,https://cafef.vn/von-hoa-vingroup-vuot-500000-ty-cao-nhat-lich-su-188250825104701366.chn,8/25/2025 10:46,8/25/2025,,trung_tinh,trung_tinh,an
710,VPB,https://cafef.vn/von-dieu-le-vpbank-chinh-thuc-vuot-79-nghin-ty-dong-188231129212246741.chn,11/29/2023 21:30,11/30/2023,,trung_tinh,trung_tinh,an
711,VIC,https://cafef.vn/cu-bat-tay-giua-vingroup-va-idico-tien-phong-ap-dung-co-che-mua-ban-dien-truc-tiep-giai-con-khat-dien-sach-cho-fdi-188251226102414399.chn,12/26/2025 10:33,12/26/2025,trung_tinh,,trung_tinh,duyen
712,VHM,https://cafef.vn/nha-dau-tu-chot-loi-co-phieu-vingroup-188250609154711309.chn,6/9/2025 15:47,6/10/2025,trung_tinh,,trung_tinh,duyen
713,VIC,https://cafef.vn/ong-pham-nhat-vuong-noi-chua-ban-la-chua-mat-co-dong-vingroup-sap-ve-bo-sau-gan-2-nam-theo-song-ipo-vinfast-188250415073439606.chn,4/15/2025 7:34,4/15/2025,tich_cuc,trung_tinh,trung_tinh,bat_dong_uu_tien_an
714,STB,https://cafef.vn/no-xau-cua-sacombank-hien-nay-con-bao-nhieu-188240503102855754.chn,5/3/2024 10:28,5/3/2024,trung_tinh,,trung_tinh,duyen
715,PLX,https://cafef.vn/petrolimex-muon-sap-nhap-mot-tong-cong-ty-van-tai-von-dieu-le-300-ti-dong-188250310195231501.chn,3/10/2025 20:52,3/11/2025,trung_tinh,trung_tinh,trung_tinh,nhat_tri
716,TCB,https://cafef.vn/techcombank-chinh-thuc-ket-noi-voi-ung-dung-vneid-ho-tro-khach-hang-nhan-tien-an-sinh-xa-hoi-an-toan-va-tien-loi-188250830132651567.chn,8/30/2025 13:26,9/1/2025,trung_tinh,trung_tinh,trung_tinh,nhat_tri
717,SSI,https://cafef.vn/chuyen-gi-dang-xay-ra-voi-co-phieu-nhom-chung-khoan-1882501161045417.chn,1/16/2025 10:45,1/16/2025,trung_tinh,,trung_tinh,duyen
718,VHM,https://cafef.vn/sieu-du-an-khu-do-thi-240ha-hon-23000-ty-dong-cua-vinhomes-vhm-tai-hai-phong-don-tin-vui-188250325173437455.chn,3/25/2025 17:32,3/26/2025,trung_tinh,trung_tinh,trung_tinh,nhat_tri
719,SAB,https://cafef.vn/tung-la-nuoc-tieu-thu-bia-lon-nhat-dong-nam-a-thi-truong-viet-nam-dang-yeu-di-ro-ret-nhin-tu-kqkd-cua-ong-lon-sabeco-habeco-va-thanh-vien-188231030071727492.chn,10/30/2023 7:17,10/30/2023,tieu_cuc,,tieu_cuc,duyen
720,TCB,https://cafef.vn/nho-dau-loi-nhuan-techcombank-tang-manh-trong-9-thang-dau-nam-dan-dau-nhom-ngan-hang-tu-nhan-188241026171305224.chn,10/26/2024 17:12,10/28/2024,tich_cuc,tich_cuc,tich_cuc,nhat_tri
721,HPG,https://cafef.vn/hoa-phat-no-vay-gan-100000-ty-chi-phi-lai-vay-tang-vot-vi-mot-ly-do-dac-biet-188251030223432631.chn,10/31/2025 0:01,10/31/2025,,trung_tinh,trung_tinh,an
722,TCB,https://cafef.vn/khong-chi-so-ke-tai-tro-2-show-anh-trai-vib-vua-gia-nhap-cuoc-dua-moi-voi-techcombank-trong-mot-mang-kinh-doanh-day-tiem-nang-188250218175929329.chn,2/18/2025 17:59,2/19/2025,,trung_tinh,trung_tinh,an
723,VIC,https://cafef.vn/tu-vom-thep-lon-nhat-hanh-tinh-den-he-sinh-thai-1-trieu-ty-vingroup-2025-cam-re-sau-vao-noi-dia-vuon-tay-siet-chat-chau-a-188251215183916493.chn,12/16/2025 13:00,12/16/2025,,trung_tinh,trung_tinh,an
724,VIC,https://cafef.vn/loi-hua-1000-ty-vingroup-tai-tro-15-phong-cap-cuu-di-dong-cho-bac-ninh-188251101124508606.chn,11/1/2025 12:58,11/3/2025,trung_tinh,,trung_tinh,duyen
725,VJC,https://cafef.vn/hang-hang-khong-cua-ty-phu-nguyen-thi-phuong-thao-dat-hang-20-may-bay-than-rong-a330neo-188250526130008789.chn,5/26/2025 13:20,5/26/2025,trung_tinh,,trung_tinh,duyen
726,TCB,https://cafef.vn/con-trai-ty-phu-ho-hung-anh-da-bat-tay-cung-1-lao-lang-lap-cong-ty-trien-khai-du-an-mang-blockchain-viet-nam-ra-mat-ngay-dau-thang-5-188250429013226252.chn,4/29/2025 1:32,4/29/2025,trung_tinh,trung_tinh,trung_tinh,nhat_tri
727,HPG,https://cafef.vn/hoa-phat-nop-don-khoi-xuong-dieu-tra-chong-ban-pha-gia-hrc-trung-quoc-vao-tuan-truoc-188240326222036405.chn,3/27/2024 0:10,3/27/2024,trung_tinh,trung_tinh,trung_tinh,nhat_tri
728,VNM,https://cafef.vn/co-dong-vinamilk-sap-nhan-hon-4000-ty-dong-tien-co-tuc-chot-danh-sach-trong-thang-5-188250502165339961.chn,5/2/2025 16:53,5/5/2025,,tich_cuc,tich_cuc,an
729,MWG,https://cafef.vn/the-gioi-di-dong-mwg-trien-khai-mua-10-trieu-co-phieu-quy-gia-toi-da-len-den-200000-dongcp-188251019032147541.chn,10/19/2025 3:21,10/20/2025,tich_cuc,tich_cuc,tich_cuc,nhat_tri
730,FPT,https://cafef.vn/fpt-va-fpt-telecom-dinh-nghia-lai-quyen-luc-quan-tri-188260319133353302.chn,3/19/2026 13:33,3/19/2026,,trung_tinh,trung_tinh,an
731,HPG,https://cafef.vn/qua-dam-thep-85000-ty-dong-sieu-du-an-dua-san-pham-made-in-vietnam-but-pha-tren-truong-quoc-te-18825052016515488.chn,5/20/2025 16:51,5/21/2025,trung_tinh,trung_tinh,trung_tinh,nhat_tri
732,MBB,https://cafef.vn/jpmorgan-dang-so-huu-tren-1-von-tai-mb-188240814114043618.chn,8/14/2024 11:40,8/14/2024,,trung_tinh,trung_tinh,an
733,VIC,https://cafef.vn/850000-ty-von-hoa-vingroup-dung-o-dau-tren-ban-do-nhung-ga-khong-lo-lon-nhat-dong-nam-a-188251028222822776.chn,10/29/2025 0:05,10/29/2025,trung_tinh,,trung_tinh,duyen
734,VIC,https://cafef.vn/vinfast-tang-von-dieu-le-vuot-vingroup-188260110093915797.chn,1/10/2026 9:59,1/12/2026,,trung_tinh,trung_tinh,an
735,MWG,https://cafef.vn/chu-tich-the-gioi-di-dong-nguyen-duc-tai-lan-thu-hai-khong-mua-het-luong-co-phieu-mwg-dang-ky-188240110233629833.chn,1/11/2024 0:05,1/11/2024,trung_tinh,tieu_cuc,tieu_cuc,bat_dong_uu_tien_an
736,VIC,https://cafef.vn/co-phieu-hdbank-vietjet-air-lien-tuc-tang-tai-san-ty-phu-nguyen-thi-phuong-thao-tang-them-6000-ty-trong-mot-ngay-188250724111538787.chn,7/24/2025 11:15,7/24/2025,trung_tinh,trung_tinh,trung_tinh,nhat_tri
737,VHM,https://cafef.vn/vinhomes-tai-co-cau-nhan-su-188250811235649286.chn,8/12/2025 0:01,8/12/2025,,trung_tinh,trung_tinh,an
738,MWG,https://cafef.vn/ceo-bach-hoa-xanh-muon-ban-bot-co-phieu-the-gioi-di-dong-mwg-du-thu-ve-hang-chuc-ty-188250818222557993.chn,8/19/2025 0:03,8/19/2025,,trung_tinh,trung_tinh,an
739,BID,https://cafef.vn/bidv-se-phat-hanh-co-phieu-rieng-le-voi-gia-bao-nhieu-188240322171835862.chn,3/22/2024 19:17,3/25/2024,trung_tinh,,trung_tinh,duyen
740,GVR,https://cafef.vn/mot-so-cong-ty-con-cua-gvr-thua-lo-rui-ro-mat-von-nha-nuoc-188260301082350698.chn,3/1/2026 8:23,3/2/2026,,tieu_cuc,tieu_cuc,an
741,VNM,https://cafef.vn/co-phieu-vinamilk-bat-ngo-giao-dich-bung-no-ga-khong-lo-nganh-sua-noi-song-tro-lai-188240216223146326.chn,2/18/2024 0:06,2/19/2024,tich_cuc,tich_cuc,tich_cuc,nhat_tri
742,VIC,https://cafef.vn/thi-cong-than-toc-nha-may-vinfast-tai-an-do-hoan-thanh-90-chi-sau-hon-1-nam-dong-tho-san-sang-san-xuat-trong-3-thang-toi-188250326194159382.chn,3/26/2025 19:50,3/27/2025,trung_tinh,,trung_tinh,duyen
743,SHB,https://cafef.vn/dai-hoi-co-dong-shb-tang-qua-cho-co-dong-du-hop-truoc-gio-khai-mac-co-gan-1400-nguoi-toi-188240425142227438.chn,4/25/2024 14:30,4/25/2024,trung_tinh,,trung_tinh,duyen
744,HPG,https://cafef.vn/vcbs-cac-dn-thep-xay-dung-dang-cat-giam-nhan-su-thanh-ly-tai-san-ban-co-phan-de-duy-tri-nguon-von-hoat-dong-188240809103428253.chn,8/9/2024 11:07,8/9/2024,tieu_cuc,,tieu_cuc,duyen
745,VCB,https://cafef.vn/ban-do-19-ong-lon-quyen-luc-nhat-cac-tinh-thanh-viet-nam-14-trieu-ty-dang-phan-bo-o-dau-188250824075209533.chn,8/24/2025 7:52,8/25/2025,trung_tinh,,trung_tinh,duyen
746,VPB,https://cafef.vn/gan-500-nhan-vien-vpbank-duoc-phan-phoi-hon-30-trieu-co-phieu-esop-gia-hoi-188231004115152877.chn,10/4/2023 11:51,10/4/2023,trung_tinh,trung_tinh,trung_tinh,nhat_tri
747,SSI,https://cafef.vn/ssi-chi-dam-450-ty-dong-mua-toa-nha-van-phong-tai-ha-noi-tu-1-tap-doan-bat-dong-san-lon-18825051523320764.chn,5/16/2025 0:01,5/16/2025,,trung_tinh,trung_tinh,an
748,HPG,https://cafef.vn/hoa-phat-bat-tay-sms-group-se-tro-thanh-doanh-nghiep-duy-nhat-o-dong-nam-a-san-xuat-duoc-thep-ray-cho-duong-sat-cao-toc-188250529101526212.chn,5/29/2025 10:14,5/29/2025,trung_tinh,trung_tinh,trung_tinh,nhat_tri
749,ACB,https://cafef.vn/gan-583-trieu-co-phieu-acb-sap-ve-tai-khoan-nha-dau-tu-18824060721220172.chn,6/7/2024 21:19,6/10/2024,trung_tinh,,trung_tinh,duyen
750,VIC,https://cafef.vn/chuyen-gi-dang-xay-ra-voi-co-phieu-vingroup-188250325104503465.chn,3/25/2025 10:44,3/25/2025,,trung_tinh,trung_tinh,an
751,HPG,https://cafef.vn/thep-cuon-can-nong-hoa-phat-quy-32025-tang-71-so-voi-cung-ky-188251009083856056.chn,10/9/2025 8:39,10/9/2025,trung_tinh,,trung_tinh,duyen
752,HPG,https://cafef.vn/sau-thaco-thu-tuong-tiep-tuc-de-nghi-them-cong-ty-cua-mot-vi-ty-phu-khac-tham-gia-vao-qua-trinh-xay-dung-duong-sat-cao-toc-bac-nam-188250209232622686.chn,2/10/2025 0:01,2/10/2025,,trung_tinh,trung_tinh,an
753,VPB,https://cafef.vn/moodys-giu-nguyen-xep-hang-tin-nhiem-cua-vpbank-va-fe-credit-nang-trien-vong-cua-fe-credit-len-on-dinh-18825042411510672.chn,4/24/2025 11:51,4/24/2025,,tich_cuc,tich_cuc,an
754,MWG,https://cafef.vn/doanh-thu-tren-cua-hang-cua-bach-hoa-xanh-thang-4-len-cao-nhat-tu-truoc-den-nay-vuot-ngoai-mo-uoc-cua-ong-nguyen-duc-tai-188240513100509317.chn,5/13/2024 10:05,5/13/2024,,tich_cuc,tich_cuc,an
755,SAB,https://cafef.vn/doanh-thu-sabeco-len-cao-nhat-2-nam-con-bao-thoi-nong-do-con-da-o-phia-sau-188250218160705114.chn,2/18/2025 16:07,2/19/2025,trung_tinh,,trung_tinh,duyen
756,VHM,https://cafef.vn/vdsc-doanh-so-2024-cua-vinhomes-chu-yeu-den-tu-ocean-park-23-va-vu-yen-se-trien-khai-cac-du-an-moi-tiem-nang-18824040903212304.chn,4/9/2024 6:56,4/9/2024,,trung_tinh,trung_tinh,an
757,VNM,https://cafef.vn/tang-truong-tai-cac-thi-truong-chu-luc-thuc-day-doanh-so-xuat-khau-cua-vinamilk-18824041914435527.chn,4/19/2024 14:37,4/19/2024,tich_cuc,tich_cuc,tich_cuc,nhat_tri
758,VRE,https://cafef.vn/co-phieu-vincom-retail-lan-dau-tang-tran-ke-tu-khi-vingroup-thoai-von-188240625114704968.chn,6/25/2024 11:56,6/25/2024,,trung_tinh,trung_tinh,an
759,VIB,https://cafef.vn/co-dong-mot-ngan-hang-don-tin-vui-du-kien-sap-duoc-tam-ung-co-tuc-tien-mat-188231201145513849.chn,12/1/2023 14:58,12/1/2023,trung_tinh,,trung_tinh,duyen
760,VIC,https://cafef.vn/vinfast-lap-ky-luc-ban-giao-hon-20000-o-to-dien-trong-thang-122024-luy-ke-ca-nam-hon-87000-xe-188250111110116882.chn,1/11/2025 11:01,1/13/2025,,tich_cuc,tich_cuc,an
761,FPT,https://cafef.vn/ong-lon-tai-chinh-nhat-ban-muon-mua-35-von-cong-ty-con-5-ngay-tuoi-cua-fpt-18824121014025991.chn,12/10/2024 14:32,12/10/2024,trung_tinh,trung_tinh,trung_tinh,nhat_tri
762,VIC,https://cafef.vn/vingroup-sap-nhap-2-cong-ty-cong-nghe-vinapp-va-vinsmart-future-188251107075214216.chn,11/7/2025 8:38,11/7/2025,,trung_tinh,trung_tinh,an
763,PLX,https://cafef.vn/doanh-nghiep-nha-nuoc-sap-chi-1500-ty-tra-co-tuc-sau-khi-mien-nhiem-tong-giam-doc-188250605141134197.chn,6/5/2025 14:11,6/5/2025,,trung_tinh,trung_tinh,an
764,VNM,https://cafef.vn/chung-khoan-hsc-vinamilk-o-thoi-diem-thien-thoi-dia-loi-nhan-hoa-188230907182116137.chn,11/7/2023 18:20,11/8/2023,tich_cuc,trung_tinh,trung_tinh,bat_dong_uu_tien_an
765,VIC,https://cafef.vn/bo-cong-thuong-tu-choi-de-xuat-cua-vinenergo-ve-uu-tien-ky-hop-dong-mua-ban-dien-tu-du-an-pin-luu-tru-nang-luong-bess-188251121115037788.chn,11/21/2025 11:50,11/21/2025,trung_tinh,,trung_tinh,duyen
766,HPG,https://cafef.vn/psi-hoa-phat-tang-toc-san-xuat-ton-kho-de-chuan-bi-dai-tu-bao-duong-1-lo-cao-du-bao-lnst-quy-3-dat-hon-2000-ty-dong-188231010155321.chn,10/10/2023 15:53,10/11/2023,trung_tinh,,trung_tinh,duyen
767,SSB,https://cafef.vn/seabank-chinh-thuc-tang-von-dieu-le-len-28450-ty-dong-188250602105211598.chn,6/2/2025 10:52,6/2/2025,trung_tinh,trung_tinh,trung_tinh,nhat_tri
768,TCB,https://cafef.vn/tien-thong-minh-view-bung-no-huy-nl-chia-se-bi-quyet-dan-dau-xu-huong-188250523143235602.chn,5/23/2025 14:54,5/23/2025,trung_tinh,trung_tinh,trung_tinh,nhat_tri
769,FPT,https://cafef.vn/fpt-bat-tay-bo-ke-hoach-phat-trien-quoc-gia-indonesia-day-nhanh-chuyen-doi-so-tai-quoc-gia-van-dao-188250613095310922.chn,6/13/2025 9:52,6/13/2025,trung_tinh,,trung_tinh,duyen
770,SHB,https://cafef.vn/mot-co-phieu-bat-ngo-khop-lenh-hon-tram-trieu-don-vi-188250314114425961.chn,3/14/2025 11:44,3/14/2025,tich_cuc,trung_tinh,trung_tinh,bat_dong_uu_tien_an
771,HPG,https://cafef.vn/hoa-phat-chinh-thuc-khong-bi-an-do-ap-thue-chong-ban-pha-gia-doi-voi-thep-cuon-can-nong-hrc-188250822155852105.chn,8/22/2025 15:59,8/25/2025,,tich_cuc,tich_cuc,an
772,VIC,https://cafef.vn/vingroup-vuot-bidv-tro-thanh-doanh-nghiep-lon-thu-hai-san-chung-khoan-von-hoa-chi-kem-1-ngan-hang-18825041414412619.chn,4/14/2025 14:41,4/14/2025,,trung_tinh,trung_tinh,an
773,VPB,https://cafef.vn/smbc-chuan-bi-dua-nguoi-vao-hdqt-vpbank-ky-ket-hop-dong-gioi-thieu-khach-hang-188240402101307289.chn,4/2/2024 10:11,4/2/2024,,trung_tinh,trung_tinh,an
774,HPG,https://cafef.vn/hoa-phat-vay-no-ky-luc-tien-mat-thap-nhat-15-quy-rot-hon-2-ty-usd-vao-qua-dam-thep-dung-quat-2-188241030225749767.chn,10/31/2024 0:07,10/31/2024,tieu_cuc,,tieu_cuc,duyen
775,HPG,https://cafef.vn/loi-nhuan-nua-dau-nam-gap-4-lan-cung-ky-hoa-phat-manh-tay-chi-106-ty-dong-tra-thu-lao-cho-hdqt-gap-16-lan-ca-nam-2023-188240909074956966.chn,9/9/2024 7:49,9/9/2024,trung_tinh,,trung_tinh,duyen
776,MWG,https://cafef.vn/bach-hoa-xanh-se-chao-ban-rieng-le-toi-da-10-co-phan-ngay-trong-nua-dau-nam-2024-188240118125352364.chn,1/18/2024 12:50,1/18/2024,trung_tinh,,trung_tinh,duyen
777,VCB,https://cafef.vn/loi-nhuan-hon-41000-ty-cua-vietcombank-nam-2023-den-tu-dau-188240131132557341.chn,1/31/2024 13:04,1/31/2024,,tich_cuc,tich_cuc,an
778,VNM,https://cafef.vn/dang-sau-viec-cac-ong-lon-lai-dam-188251031152801989.chn,10/31/2025 16:27,11/3/2025,trung_tinh,,trung_tinh,duyen
779,VJC,https://cafef.vn/vietjet-huy-dong-thanh-cong-2000-ty-dong-tu-kenh-trai-phieu-188250107122510451.chn,1/7/2025 12:25,1/7/2025,trung_tinh,,trung_tinh,duyen
780,HPG,https://cafef.vn/hoa-phat-bao-doanh-thu-9t2024-tang-23-len-hon-4-ty-usd-co-phieu-co-gang-lay-lai-nhung-gi-da-mat-sau-25-thang-188241009183117216.chn,10/9/2024 18:31,10/10/2024,trung_tinh,tich_cuc,tich_cuc,bat_dong_uu_tien_an
781,SAB,https://cafef.vn/cong-ty-bat-dong-san-von-60-ty-vua-chi-2000-ty-dong-tra-co-tuc-co-dong-nha-nuoc-nhan-ve-600-ty-gap-33-lan-von-dau-tu-188240810140405045.chn,8/12/2024 0:01,8/12/2024,trung_tinh,trung_tinh,trung_tinh,nhat_tri
782,VIC,https://cafef.vn/vingroup-muon-do-54-ty-usd-tai-sinh-tuyen-duong-sat-dap-chieu-1-thap-ky-va-ke-hoach-dau-tu-loat-du-an-dinh-hinh-ha-tang-giao-thong-viet-nam-188250721232432462.chn,7/22/2025 0:03,7/22/2025,trung_tinh,,trung_tinh,duyen
783,GVR,https://cafef.vn/vrg-mien-nhiem-mot-nhan-su-cap-cao-188250619153327029.chn,6/19/2025 15:33,6/20/2025,trung_tinh,trung_tinh,trung_tinh,nhat_tri
784,FPT,https://cafef.vn/fpt-software-vua-ky-mot-hop-dong-225-trieu-usd-bang-doanh-so-cua-mot-nam-lanh-dao-khang-dinh-muc-tieu-loi-nhuan-ty-do-khong-con-xa-188241108103123079.chn,11/8/2024 10:33,11/8/2024,,tich_cuc,tich_cuc,an
785,MWG,https://cafef.vn/giai-the-cong-ty-logistics-toan-tin-ong-nguyen-duc-tai-tai-co-cau-hay-da-thoa-uoc-mo-188240512072614044.chn,5/12/2024 7:26,5/13/2024,trung_tinh,,trung_tinh,duyen
786,FPT,https://cafef.vn/chu-tich-truong-gia-binh-uy-tin-thi-truong-chung-khoan-viet-nam-anh-huong-truc-tiep-den-doanh-thu-fpt-188240704090547448.chn,7/4/2024 9:05,7/4/2024,,trung_tinh,trung_tinh,an
787,HPG,https://cafef.vn/xuat-khau-thep-xay-dung-cua-hoa-phat-duoc-du-bao-tang-hon-50-trong-nam-2024-nho-vao-thi-truong-thai-lan-malaysia-188240920104852962.chn,9/20/2024 10:48,9/20/2024,trung_tinh,,trung_tinh,duyen
788,FPT,https://cafef.vn/co-tap-vu-noi-chuyen-toan-cau-hoa-luon-gap-cheo-giay-ve-sinh-va-cach-fpt-chinh-phuc-airbus-hitachi-ai-cung-co-su-menh-giong-het-chu-tich-188231104140437108.chn,11/4/2023 14:04,11/6/2023,,trung_tinh,trung_tinh,an
789,SHB,https://cafef.vn/krungsri-muon-mua-truoc-han-50-von-dieu-le-con-lai-cua-shbfinance-188241105082949732.chn,11/5/2024 8:29,11/5/2024,,trung_tinh,trung_tinh,an
790,HDB,https://cafef.vn/hdbank-hanh-trinh-35-nam-phung-su-va-kien-tao-vi-su-phat-trien-kinh-te-quoc-gia-188240923101513906.chn,9/23/2024 11:22,9/23/2024,trung_tinh,,trung_tinh,duyen
791,MWG,https://cafef.vn/mwg-du-chi-co-tuc-ty-le-20-bo-sung-nganh-nghe-kinh-doanh-bat-dong-san-188260328142147402.chn,3/28/2026 14:34,3/30/2026,,trung_tinh,trung_tinh,an
792,HDB,https://cafef.vn/ty-phu-nguyen-thi-phuong-thao-pham-nhat-vuong-ho-hung-anh-ai-co-sieu-ke-hoach-tham-vong-nhat-viet-nam-188250502235607651.chn,5/3/2025 0:05,5/5/2025,,trung_tinh,trung_tinh,an
793,MSN,https://cafef.vn/cac-co-phieu-lien-quan-ty-phu-nguyen-dang-quang-dong-loat-bien-dong-manh-dieu-gi-dang-xay-ra-188260129153723615.chn,1/29/2026 15:37,1/30/2026,trung_tinh,,trung_tinh,duyen
794,VJC,https://cafef.vn/vietjet-du-kien-chao-ban-50-trieu-co-phieu-rieng-le-188250220071024261.chn,2/20/2025 8:09,2/20/2025,,trung_tinh,trung_tinh,an
795,HPG,https://cafef.vn/tai-san-cua-mot-gia-dinh-ty-phu-viet-giam-gan-3000-ty-sau-tuyen-bo-cua-tong-thong-donald-trump-188250210225703819.chn,2/11/2025 0:01,2/11/2025,,trung_tinh,trung_tinh,an
796,VPB,https://cafef.vn/nhung-con-so-khung-cua-giai-chay-vpim-2023-188231012121404351.chn,10/12/2023 13:30,10/12/2023,trung_tinh,,trung_tinh,duyen
797,HDB,https://cafef.vn/vdsc-du-bao-loi-nhuan-hdbank-vuot-moc-27000-ty-roe-len-gan-26-trong-nam-2026-188260121170406219.chn,1/21/2026 17:03,1/22/2026,trung_tinh,,trung_tinh,duyen
798,VIC,https://cafef.vn/bom-tan-cua-vinfast-80000-ty-dong-no-vay-co-kha-nang-duoc-xoa-18825112622435417.chn,11/27/2025 0:02,11/27/2025,trung_tinh,,trung_tinh,duyen
799,GVR,https://cafef.vn/doanh-nghiep-viet-nam-de-nghi-lao-ho-tro-xu-ly-nan-trom-cap-188250318225746739.chn,3/19/2025 0:08,3/19/2025,trung_tinh,trung_tinh,trung_tinh,nhat_tri
800,FPT,https://cafef.vn/ky-su-ai-data-tai-fpt-co-thu-nhap-len-den-10-ty-dongnam-gap-doi-tong-giam-doc-tap-doan-188240614141439704.chn,6/14/2024 14:17,6/14/2024,,trung_tinh,trung_tinh,an
801,BCM,https://cafef.vn/nhom-co-phieu-bat-dong-san-tinh-binh-duong-day-song-loat-doanh-nghiep-becamex-tang-kich-tran-188250310143833978.chn,3/10/2025 14:38,3/10/2025,trung_tinh,,trung_tinh,duyen
802,FPT,https://cafef.vn/fpt-bay-gan-1-ty-usd-von-hoa-tu-dau-nam-chuyen-gi-dang-xay-ra-18825031223365341.chn,3/13/2025 0:06,3/13/2025,,trung_tinh,trung_tinh,an
803,HPG,https://cafef.vn/hoa-phat-hpg-lai-gan-3000-ty-dong-trong-quy-42023-188240122123740688.chn,1/22/2024 12:38,1/22/2024,tich_cuc,,tich_cuc,duyen
804,FPT,https://cafef.vn/fpt-mo-chuong-trinh-dao-tao-nhan-luc-nganh-o-to-sinh-vien-chi-can-hoc-2-nam-70-la-thuc-hanh-tuyen-sinh-ngay-thang-sau-188250225153106053.chn,2/25/2025 15:31,2/26/2025,trung_tinh,,trung_tinh,duyen
805,SAB,https://cafef.vn/sabeco-sap-chi-gan-3848-ty-dong-tra-co-tuc-con-lai-nam-2024-188250507155440493.chn,5/7/2025 16:03,5/8/2025,trung_tinh,tich_cuc,tich_cuc,bat_dong_uu_tien_an
806,POW,https://cafef.vn/chinh-thuc-van-hanh-thuong-mai-du-an-dien-khi-lng-14-ty-usd-dau-tien-tai-viet-nam-188260106100851693.chn,1/6/2026 10:09,1/6/2026,trung_tinh,,trung_tinh,duyen
807,GAS,https://cafef.vn/pvn-pv-gas-vnvc-vietnam-airlines-ky-loat-hop-tac-cung-cac-tap-doan-nga-truoc-su-chung-kien-cua-tong-bi-thu-to-lam-va-tong-thong-vladimir-putin-188250511120906537.chn,5/11/2025 12:11,5/12/2025,trung_tinh,,trung_tinh,duyen
808,VIC,https://cafef.vn/vingroup-se-kien-toi-cung-le-trung-khoa-chi-la-buoc-khoi-dau-sap-toi-se-co-nhieu-vu-kien-nua-o-duc-my-canada-188251111125557129.chn,11/11/2025 12:55,11/11/2025,trung_tinh,,trung_tinh,duyen
809,SHB,https://cafef.vn/co-dong-shb-lien-tuc-don-tin-vui-von-hoa-cham-moc-3-ty-usd-ngay-198-chot-danh-sach-nhan-them-co-tuc-ty-le-13-188250804122733929.chn,8/4/2025 12:27,8/4/2025,trung_tinh,tich_cuc,tich_cuc,bat_dong_uu_tien_an
810,MWG,https://cafef.vn/the-gioi-di-dong-dat-ke-hoach-loi-nhuan-tang-truong-30-trong-nam-2026-188260130173234429.chn,1/30/2026 17:32,2/2/2026,trung_tinh,trung_tinh,trung_tinh,nhat_tri
811,HDB,https://cafef.vn/lan-dau-tien-trong-lich-su-cac-dn-cua-6-ty-phu-do-la-viet-nam-nop-ngan-sach-len-toi-112000-ty-dong-vuot-xa-ong-lon-nha-nuoc-pvn-188250627111731718.chn,6/27/2025 11:20,6/27/2025,trung_tinh,trung_tinh,trung_tinh,nhat_tri
812,VIC,https://cafef.vn/vingroup-bao-dam-cho-15000-ty-dong-trai-phieu-do-vinhomes-phat-hanh-188250814181301877.chn,8/14/2025 21:59,8/15/2025,trung_tinh,,trung_tinh,duyen
813,FPT,https://cafef.vn/bat-tay-voi-nvidia-chi-200-trieu-usd-xay-cac-ai-factory-voi-he-thong-sieu-may-tinh-ong-truong-gia-binh-mo-viet-nam-co-35-cong-nhan-ai-188240423141809196.chn,4/23/2024 14:17,4/23/2024,,trung_tinh,trung_tinh,an
814,MSN,https://cafef.vn/cfo-wincommerce-he-lo-tuyet-chieu-nguoc-dong-tu-lo-4000-ty-len-mat-dat-ma-khong-phai-lam-dep-so-lieu-188251125133029298.chn,11/25/2025 13:30,11/25/2025,,trung_tinh,trung_tinh,an
815,GVR,https://cafef.vn/tap-doan-cao-su-gvr-muon-nang-co-tuc-tien-mat-len-1600-ty-188250528103253215.chn,5/28/2025 10:32,5/28/2025,tich_cuc,trung_tinh,trung_tinh,bat_dong_uu_tien_an
816,FPT,https://cafef.vn/van-cuoc-lich-su-dau-tien-cua-fpt-truoc-ai-di-vay-ngan-hang-1-trieu-usd-vao-nam-1998-de-theo-duoi-tran-chien-moi-sang-an-do-de-tim-chan-kinh-188240720172200439.chn,7/20/2024 17:21,7/22/2024,,trung_tinh,trung_tinh,an
817,FPT,https://cafef.vn/co-phieu-fpt-lap-dinh-moi-gia-tri-tap-doan-cao-ky-luc-tai-san-cua-dan-lanh-dao-khai-quoc-cong-than-tang-them-hang-nghin-ty-188240425151959431.chn,4/25/2024 15:24,4/26/2024,trung_tinh,trung_tinh,trung_tinh,nhat_tri
818,VIB,https://cafef.vn/vib-dang-tim-doi-tac-chien-luoc-nuoc-ngoai-moi-188250327110646303.chn,3/27/2025 11:06,3/27/2025,trung_tinh,,trung_tinh,duyen
819,HPG,https://cafef.vn/hoa-phat-hpg-don-dap-don-tin-vui-khoi-ngoai-tro-lai-gom-hang-188231106231036703.chn,11/7/2023 0:05,11/7/2023,tich_cuc,,tich_cuc,duyen
820,TCB,https://cafef.vn/me-cach-gioi-tre-ngay-nay-khoi-dong-nam-moi-cuc-vui-ma-chang-so-hao-vi-188240306075539121.chn,3/6/2024 8:00,3/6/2024,trung_tinh,trung_tinh,trung_tinh,nhat_tri
821,STB,https://cafef.vn/quy-ngoai-quy-mo-21000-ty-tiet-lo-ly-do-dat-cuoc-lon-vao-co-phieu-ngan-hang-vua-vuot-dinh-188241225153758346.chn,12/25/2024 15:37,12/26/2024,,trung_tinh,trung_tinh,an
822,VIC,https://cafef.vn/vingroup-cua-ty-phu-pham-nhat-vuong-vuot-qua-vietcombank-tro-lai-vi-tri-so-1-san-chung-khoan-188250917145954344.chn,9/17/2025 14:59,9/17/2025,tich_cuc,,tich_cuc,duyen
823,VHM,https://cafef.vn/quy-etf-ngoai-quy-mo-gan-11000-ty-them-moi-baf-du-kien-ban-manh-2-co-phieu-bluechips-188250614055242329.chn,6/14/2025 5:52,6/16/2025,trung_tinh,,trung_tinh,duyen
824,BCM,https://cafef.vn/co-dong-nha-nuoc-khong-cho-y-kien-thuong-vu-chao-ban-co-phan-cua-becamex-idc-bcm-lai-xit-188250918150651693.chn,9/18/2025 15:06,9/19/2025,tieu_cuc,,tieu_cuc,duyen
825,MWG,https://cafef.vn/mwg-muon-bien-chuoi-dien-may-tai-indonesia-thanh-bieu-tuong-ban-le-moi-cua-dong-nam-a-188251112105516211.chn,11/12/2025 10:55,11/12/2025,,trung_tinh,trung_tinh,an
826,HPG,https://cafef.vn/hoa-phat-mang-container-made-in-vietnam-den-trien-lam-the-gioi-ky-hop-dong-voi-doi-tac-my-va-chau-au-ngay-tai-su-kien-188251024153538081.chn,10/24/2025 15:35,10/27/2025,,trung_tinh,trung_tinh,an
827,BCM,https://cafef.vn/tgd-becamex-idc-noi-gi-ve-viec-tam-hoan-thuong-vu-dau-gia-co-phan-lon-nhat-lich-su-ttck-188250415154949458.chn,4/15/2025 15:49,4/16/2025,trung_tinh,,trung_tinh,duyen
828,SHB,https://cafef.vn/shb-duoc-ubcknn-cap-giay-phep-dang-ky-chao-ban-co-phieu-ra-cong-chung-188260323162739216.chn,3/23/2026 16:27,3/24/2026,,trung_tinh,trung_tinh,an
829,MWG,https://cafef.vn/mwg-f88-khoi-xuong-cuoc-dua-bien-cua-hang-diem-giao-dich-thanh-cay-atm-188241219134633763.chn,12/19/2024 13:47,12/19/2024,,trung_tinh,trung_tinh,an
830,HPG,https://cafef.vn/ty-phu-tran-dinh-long-toi-dang-rut-dan-khoi-hoa-phat-188240411114257775.chn,4/11/2024 11:42,4/11/2024,,trung_tinh,trung_tinh,an
831,VNM,https://cafef.vn/vinamilk-lo-dien-20-ndt-lon-nhat-nam-758-co-phan-co-su-hien-hien-cua-mot-loat-ca-map-hang-dau-the-gioi-188250322094433242.chn,3/22/2025 9:44,3/24/2025,trung_tinh,,trung_tinh,duyen
832,SAB,https://cafef.vn/ty-phu-thai-lan-sap-bo-tui-hon-nghin-ty-dong-nho-con-ga-de-trung-vang-tai-viet-nam-188251112105232299.chn,11/12/2025 10:53,11/12/2025,,trung_tinh,trung_tinh,an
833,HPG,https://cafef.vn/nghi-dinh-319-mo-khoa-thi-truong-100-ty-usd-hoa-phat-vingroup-thaco-gelex-dung-truoc-co-hoi-lich-su-188251215153113714.chn,12/15/2025 15:31,12/16/2025,trung_tinh,,trung_tinh,duyen
834,VIC,https://cafef.vn/dan-nu-tuong-cung-ty-phu-pham-nhat-vuong-cheo-lai-de-che-vingroup-188251018091452795.chn,10/18/2025 9:14,10/20/2025,trung_tinh,,trung_tinh,duyen
835,VCB,https://cafef.vn/vietcombank-chuan-bi-hop-co-dong-ban-phuong-an-phan-phoi-loi-nhuan-va-tang-von-188240224114707078.chn,2/24/2024 14:00,2/26/2024,trung_tinh,trung_tinh,trung_tinh,nhat_tri
836,HPG,https://cafef.vn/co-phieu-tang-gan-20-tu-day-hoa-phat-cong-bo-luong-tieu-thu-thep-quy-1-tang-29-len-238-trieu-tan-188250414151751573.chn,4/14/2025 15:17,4/15/2025,,trung_tinh,trung_tinh,an
837,POW,https://cafef.vn/cong-ty-dien-lon-nhat-san-chung-khoan-muon-dau-tu-to-hop-dien-sach-4-ty-usd-tai-ninh-thuan-188240718112605353.chn,7/18/2024 11:26,7/18/2024,trung_tinh,,trung_tinh,duyen
838,FPT,https://cafef.vn/tin-vui-tu-uae-ong-lon-g42-muon-bat-tay-fpt-va-viet-thai-lam-trung-tam-du-lieu-chu-nhan-thap-burj-khalifa-sap-sang-viet-nam-tim-co-hoi-dau-tu-188250925131608879.chn,9/25/2025 13:16,9/25/2025,trung_tinh,,trung_tinh,duyen
839,MWG,https://cafef.vn/tu-ban-dien-thoai-dien-may-thit-ca-toi-mo-cay-atm-the-gioi-di-dong-mwg-muc-tieu-pha-dinh-doanh-thu-dua-loi-nhuan-2025-ve-sat-thoi-hoang-kim-188250124230357318.chn,1/25/2025 0:03,1/27/2025,trung_tinh,,trung_tinh,duyen
840,MWG,https://cafef.vn/the-gioi-di-dong-mwg-thu-hon-400-ty-moi-ngay-mo-moi-hon-300-cua-hang-bach-hoa-xanh-tu-dau-nam-188250524121342861.chn,5/24/2025 12:13,5/26/2025,tich_cuc,,tich_cuc,duyen
841,HPG,https://cafef.vn/san-luong-thep-cua-hoa-phat-trong-thang-122023-cao-nhat-21-thang-tiep-tuc-tang-gia-ban-188240108100349566.chn,1/8/2024 10:40,1/8/2024,,trung_tinh,trung_tinh,an
842,VPB,https://cafef.vn/vpbank-cung-thanh-pho-ha-noi-dong-to-chuc-le-hoi-thiet-ke-sang-tao-ha-noi-2024-188231130111524598.chn,11/30/2023 11:30,11/30/2023,trung_tinh,trung_tinh,trung_tinh,nhat_tri
843,HPG,https://cafef.vn/ong-thep-hoa-phat-khong-bi-my-ap-thue-chong-ban-pha-gia-trong-vu-dieu-tra-lan-tranh-188250512160425381.chn,5/12/2025 16:04,5/13/2025,trung_tinh,,trung_tinh,duyen
844,MWG,https://cafef.vn/apple-tien-gan-den-viec-rot-ty-usd-vao-indonesia-cac-ty-phu-viet-nam-mung-tham-188241219174439286.chn,12/19/2024 17:44,12/20/2024,,trung_tinh,trung_tinh,an
845,HDB,https://cafef.vn/co-phieu-hdbank-bat-ngo-tim-lim-sau-khi-ty-phu-nguyen-thi-phuong-thao-rung-chuong-tai-san-giao-dich-chung-khoan-new-york-nyse-188250924142844172.chn,9/24/2025 14:28,9/24/2025,trung_tinh,,trung_tinh,duyen
846,TCB,https://cafef.vn/13-to-chuc-va-ca-nhan-nam-giu-co-phieu-tren-1-tai-techcombank-188240731223802744.chn,7/31/2024 22:35,8/1/2024,trung_tinh,,trung_tinh,duyen
847,MWG,https://cafef.vn/bach-hoa-xanh-mo-gan-tram-cua-hang-tu-dau-nam-sap-tien-quan-ra-thanh-hoa-nghe-an-188250213161025772.chn,2/13/2025 16:10,2/14/2025,trung_tinh,,trung_tinh,duyen
848,FPT,https://cafef.vn/fpt-lai-truoc-thue-ky-luc-hon-11000-ty-nam-2024-eps-tang-truong-gan-22-188250124085643033.chn,1/24/2025 8:56,1/24/2025,tich_cuc,,tich_cuc,duyen
849,STB,https://cafef.vn/danh-gia-sacombank-rat-thu-vi-trong-nam-2024-mot-quy-ngoai-mua-them-luong-lon-co-phieu-stb-chinh-thuc-tro-thanh-co-dong-lon-18824040809234102.chn,4/8/2024 9:22,4/8/2024,trung_tinh,,trung_tinh,duyen
850,BVH,https://cafef.vn/danh-muc-dau-tu-gan-10-ty-usd-cua-1-ca-map-nha-nuoc-hon-1-ty-usd-trai-phieu-doanh-nghiep-dau-tu-co-phieu-acb-vnm-ctg-188251102090506224.chn,11/2/2025 9:04,11/3/2025,trung_tinh,tich_cuc,tich_cuc,bat_dong_uu_tien_an
851,SAB,https://cafef.vn/sabeco-nang-ty-le-so-huu-tai-bia-sai-gon-mien-tay-len-gan-85-von-188241116102412606.chn,11/16/2024 10:24,11/18/2024,trung_tinh,,trung_tinh,duyen
852,BCM,https://cafef.vn/ga-khong-lo-capitaland-chinh-thuc-thau-tom-du-an-bat-dong-san-tai-binh-duong-tu-tay-becamex-18823120710133543.chn,12/7/2023 14:35,12/7/2023,,trung_tinh,trung_tinh,an
853,PLX,https://cafef.vn/hai-nha-ban-le-xang-dau-lon-nhat-viet-nam-cung-dat-cot-moc-chua-tung-co-trong-hon-2-nam-188240704202159958.chn,7/5/2024 0:03,7/5/2024,,trung_tinh,trung_tinh,an
854,VIC,https://cafef.vn/dang-sau-viec-ong-pham-nhat-vuong-gop-60-trieu-co-phieu-vic-vao-vinenergo-188251014001937252.chn,10/14/2025 0:18,10/14/2025,,trung_tinh,trung_tinh,an
855,VIC,https://cafef.vn/nhan-nhiem-vu-quan-trong-tu-chinh-phu-vingroup-cua-ty-phu-pham-nhat-vuong-cong-bo-thong-tin-dac-biet-188251015113050365.chn,10/15/2025 11:30,10/15/2025,trung_tinh,,trung_tinh,duyen
856,VJC,https://cafef.vn/ong-trum-phuc-vu-mat-dat-san-bay-tan-son-nhat-lai-gap-24-lan-len-72-ty-co-dong-lon-vietjet-chiem-mot-nua-cac-khoan-phai-thu-ngan-han-188231025152101642.chn,10/25/2023 15:30,10/26/2023,trung_tinh,,trung_tinh,duyen
857,MWG,https://cafef.vn/quan-diem-ve-nhan-tai-cua-ong-nguyen-duc-tai-co-logic-va-cpu-chay-on-nhung-can-1-yeu-to-quan-trong-nua-de-duoc-giao-lam-ceo-18824041411433511.chn,4/14/2024 11:43,4/15/2024,,trung_tinh,trung_tinh,an
858,VRE,https://cafef.vn/chuoi-trung-tam-thuong-mai-vincom-bao-lai-ky-luc-18826012619001327.chn,1/26/2026 19:52,1/27/2026,trung_tinh,,trung_tinh,duyen
859,CTG,https://cafef.vn/vietinbank-chinh-thuc-cong-bo-loi-nhuan-muc-tieu-nam-2023-188231003112029043.chn,10/3/2023 11:20,10/3/2023,,trung_tinh,trung_tinh,an
860,VIB,https://cafef.vn/hai-nha-bang-sap-tang-von-hang-nghin-ty-188240805064648021.chn,8/5/2024 6:45,8/5/2024,,trung_tinh,trung_tinh,an
861,BCM,https://cafef.vn/becamex-group-chi-hon-1253-ty-dong-mua-hon-125-trieu-co-phieu-cua-becamex-ijc-188251026105459858.chn,10/26/2025 11:23,10/27/2025,trung_tinh,,trung_tinh,duyen
862,VCB,https://cafef.vn/20-doanh-nghiep-niem-yet-lai-lon-nhat-6t2025-60-la-ngan-hang-15-la-bat-dong-san-chi-co-1-dn-san-xuat-188250802085619235.chn,8/2/2025 9:13,8/4/2025,,trung_tinh,trung_tinh,an
863,VHM,https://cafef.vn/hien-tuong-cua-lai-suat-trai-phieu-nha-bang-chiu-lai-cao-vingroup-vinhomes-vietjet-huy-dong-von-re-hon-chi-911nam-nhom-chung-khoan-con-thap-nua-188251023100800247.chn,10/23/2025 10:07,10/23/2025,,trung_tinh,trung_tinh,an
864,VJC,https://cafef.vn/chan-dung-hang-may-bay-trung-quoc-muon-dua-san-pham-made-in-china-vao-khai-thac-tai-vn-188241107140850467.chn,11/7/2024 14:12,11/7/2024,,trung_tinh,trung_tinh,an
865,MSN,https://cafef.vn/nui-phao-cua-ty-phu-nguyen-dang-quang-no-min-tro-lai-ky-vong-doanh-thu-vuot-15000-ty-dong-18824032214403102.chn,3/22/2024 14:45,3/22/2024,trung_tinh,,trung_tinh,duyen
866,VIC,https://cafef.vn/giai-ma-suc-nong-cua-co-phieu-vingroup-188250923113454853.chn,9/23/2025 11:34,9/23/2025,trung_tinh,trung_tinh,trung_tinh,nhat_tri
867,FPT,https://cafef.vn/pyn-elite-fund-lai-ho-fpt-chi-vai-thang-sau-khi-chot-loi-o-dinh-va-canh-bao-ve-bong-bong-cong-nghe-18825120600222315.chn,12/6/2025 0:22,12/8/2025,,trung_tinh,trung_tinh,an
868,VJC,https://cafef.vn/tong-bi-thu-to-lam-va-dai-dien-lanh-dao-2-nuoc-chung-kien-vietjet-trao-cac-thoa-thuan-tri-gia-63-ty-usd-voi-cac-doi-tac-my-188260219082701403.chn,2/19/2026 8:26,2/19/2026,,trung_tinh,trung_tinh,an
869,HPG,https://cafef.vn/mot-tinh-thu-ngan-sach-9-thang-hon-18200-ty-hoa-phat-dong-gop-hon-20-188231101164117868.chn,11/1/2023 16:47,11/2/2023,trung_tinh,,trung_tinh,duyen
870,FPT,https://cafef.vn/sep-fpt-trong-lich-su-cua-nhan-loai-khong-co-bat-cu-cong-ty-nao-co-su-tang-truong-gia-tri-nhanh-chong-va-ky-la-nhu-nvidia-188240227072635275.chn,2/27/2024 7:27,2/27/2024,,trung_tinh,trung_tinh,an
871,MSN,https://cafef.vn/bvsc-nam-2024-wincommerce-se-lan-dau-tien-co-loi-nhuan-hoat-dong-duong-188240308104421532.chn,3/8/2024 13:37,3/8/2024,trung_tinh,,trung_tinh,duyen
872,GAS,https://cafef.vn/chua-tung-co-mot-doanh-nghiep-viet-cung-luc-xac-lap-3-ky-luc-quoc-gia-188251026192430073.chn,10/26/2025 19:24,10/27/2025,,trung_tinh,trung_tinh,an
873,HPG,https://cafef.vn/ty-phu-tran-dinh-long-tiep-tuc-lam-dien-mat-troi-ap-mai-bat-tay-cung-ong-lon-an-do-co-75-gw-nang-luong-tai-tao-tren-toan-cau-188260129225511148.chn,1/29/2026 22:55,1/30/2026,,trung_tinh,trung_tinh,an
874,STB,https://cafef.vn/agriseco-dau-gia-thanh-cong-khu-cong-nghiep-phong-phu-se-la-mot-dong-luc-tang-truong-cho-sacombank-188240220171137277.chn,2/20/2024 17:12,2/21/2024,,trung_tinh,trung_tinh,an
875,HDB,https://cafef.vn/hon-2900-ty-dong-sap-do-ve-tai-khoan-co-dong-hdbank-18824071512405998.chn,7/15/2024 13:30,7/15/2024,trung_tinh,tich_cuc,tich_cuc,bat_dong_uu_tien_an
876,TCB,https://cafef.vn/techcombank-one-mount-luan-chuyen-lanh-dao-toi-uu-suc-manh-he-sinh-thai-188250731225418087.chn,8/1/2025 8:00,8/1/2025,trung_tinh,,trung_tinh,duyen
877,SAB,https://cafef.vn/cac-ty-phu-thai-lan-bo-tui-hon-35000-ty-dong-co-tuc-tu-vinamilk-sabeco-nhua-binh-minh-188251117221811278.chn,11/18/2025 0:01,11/18/2025,trung_tinh,trung_tinh,trung_tinh,nhat_tri
878,MWG,https://cafef.vn/dan-lanh-dao-the-gioi-di-dong-sap-nhan-hang-chuc-ty-dong-co-tuc-188250626090953532.chn,6/26/2025 9:42,6/26/2025,,tich_cuc,tich_cuc,an
879,POW,https://cafef.vn/nguoi-nha-kiem-toan-noi-bo-pv-power-len-tieng-ve-viec-mua-chui-co-phieu-pow-ly-do-gay-bat-ngo-188240711150850746.chn,7/11/2024 15:03,7/12/2024,trung_tinh,,trung_tinh,duyen
880,VHM,https://cafef.vn/bds-du-bao-phuc-hoi-vinhomes-dat-xanh-novaland-nam-long-ra-hang-o-at-dat-muc-tieu-lai-lon-18825031909461333.chn,3/19/2025 9:46,3/19/2025,trung_tinh,trung_tinh,trung_tinh,nhat_tri
881,HPG,https://cafef.vn/vua-thep-hoa-phat-di-ban-trung-ga-va-san-xuat-thuc-an-chan-nuoi-lai-ngang-ngua-dan-chuyen-188250417110212302.chn,4/17/2025 13:00,4/17/2025,tich_cuc,tich_cuc,tich_cuc,nhat_tri
882,VPB,https://cafef.vn/vpbank-kien-tao-thinh-vuong-qua-cac-giai-marathon-188240229111323735.chn,2/29/2024 13:30,2/29/2024,trung_tinh,trung_tinh,trung_tinh,nhat_tri
883,VRE,https://cafef.vn/tin-vui-du-an-kdt-nam-dong-ha-quy-mo-hon-13-ha-cua-cong-ty-con-vincom-retail-vre-duoc-go-vuong-188241225104403559.chn,12/25/2024 10:43,12/25/2024,trung_tinh,,trung_tinh,duyen
884,FPT,https://cafef.vn/fpt-mua-lai-cong-ty-phan-mem-30-ty-tung-xu-ly-su-co-nghen-lenh-hose-nam-2021-tu-nhua-an-phat-xanh-aaa-188250507135743689.chn,5/7/2025 13:57,5/7/2025,trung_tinh,,trung_tinh,duyen
885,HPG,https://cafef.vn/cong-bo-10-tap-doan-da-nganh-tu-nhan-nop-ngan-sach-lon-nhat-viet-nam-9-dn-co-mang-bat-dong-san-6-dn-tham-gia-nganh-nang-luong-188250827171641689.chn,8/28/2025 8:08,8/28/2025,trung_tinh,,trung_tinh,duyen
886,GAS,https://cafef.vn/nghich-ly-nha-giau-cong-ty-so-huu-17-ty-usd-tien-tuoi-nhieu-nhat-san-chung-khoan-viet-bao-lai-giam-188240201110951919.chn,2/1/2024 11:14,2/1/2024,,trung_tinh,trung_tinh,an
887,VIC,https://cafef.vn/tang-1-ty-usd-chi-sau-mot-ngay-tai-san-ty-phu-pham-nhat-vuong-lap-ky-luc-moi-dat-115-ty-usd-188250711101203163.chn,7/11/2025 10:13,7/11/2025,,trung_tinh,trung_tinh,an
888,VIC,https://cafef.vn/giai-ma-khoi-tien-mat-khong-lo-80000-ty-cua-vingroup-tien-den-tu-dau-188251106071529431.chn,11/6/2025 7:15,11/6/2025,,trung_tinh,trung_tinh,an
889,GVR,https://cafef.vn/tap-doan-cao-su-viet-nam-sap-chi-1200-ty-dong-tra-co-tuc-2023-188241028104624452.chn,10/28/2024 10:46,10/28/2024,trung_tinh,,trung_tinh,duyen
890,PLX,https://cafef.vn/petrolimex-chinh-thuc-co-tong-giam-doc-moi-188250719075654456.chn,7/19/2025 7:56,7/21/2025,trung_tinh,trung_tinh,trung_tinh,nhat_tri
891,MWG,https://cafef.vn/tung-hua-dau-tu-dai-han-nhom-quy-ngoai-ty-usd-bong-quay-dau-ban-rong-hang-chuc-trieu-co-phieu-mwg-khong-con-la-co-dong-lon-tai-the-gioi-di-dong-188231116223726387.chn,11/17/2023 0:02,11/17/2023,,tieu_cuc,tieu_cuc,an
892,HPG,https://cafef.vn/hoa-phat-hoa-sen-lien-tuc-tang-gia-ban-thep-188231123182445327.chn,11/23/2023 18:24,11/24/2023,trung_tinh,,trung_tinh,duyen
893,SAB,https://cafef.vn/sabeco-ban-bia-chuyen-tu-dung-tai-cho-sang-mua-ve-bat-dau-rai-tren-san-thuong-mai-dien-tu-188240217140736275.chn,2/17/2024 13:48,2/19/2024,,trung_tinh,trung_tinh,an
894,VNM,https://cafef.vn/bien-dong-danh-sach-cac-ca-map-nam-gan-80-von-vinamilk-dragon-capital-vanguard-cac-quy-etf-mua-manh-hsbc-prudential-citigoup-jpmorgan-ban-ra-ca-chuc-trieu-co-phieu-188240321004407512.chn,3/21/2024 7:16,3/21/2024,,trung_tinh,trung_tinh,an
895,VHM,https://cafef.vn/vinhomes-nhan-306-hecta-dat-trong-lua-o-hai-phong-de-lam-khu-cong-nghiep-4000-ty-dong-188250921081055818.chn,9/21/2025 8:10,9/22/2025,,trung_tinh,trung_tinh,an
896,STB,https://cafef.vn/bat-ngo-ong-nguyen-duc-thuy-lam-quyen-tong-giam-doc-sacombank-188251223122854333.chn,12/23/2025 12:29,12/23/2025,,trung_tinh,trung_tinh,an
897,VCB,https://cafef.vn/tien-ngoai-o-at-tro-lai-chung-khoan-viet-nam-co-phieu-nao-con-room-don-song-188250709222028804.chn,7/10/2025 0:01,7/10/2025,,trung_tinh,trung_tinh,an
898,VIC,https://cafef.vn/vingroup-tro-thanh-doanh-nghiep-trieu-ty-von-hoa-dau-tien-cua-viet-nam-188251127101047194.chn,11/27/2025 10:10,11/27/2025,trung_tinh,,trung_tinh,duyen
899,VIC,https://cafef.vn/co-phieu-vic-cham-tran-nguoi-giau-nhat-viet-nam-vua-co-them-hon-2000-ty-dong-trong-1-buoi-sang-188250324105438971.chn,3/24/2025 10:54,3/24/2025,,trung_tinh,trung_tinh,an
900,FPT,https://cafef.vn/ty-gia-usdvnd-vot-len-25000-diem-ten-nhom-doanh-nghiep-huong-loi-va-chiu-thiet-188240406085541361.chn,4/6/2024 9:40,4/8/2024,,trung_tinh,trung_tinh,an
901,VIC,https://cafef.vn/vingroup-lap-ky-luc-moi-ty-phu-pham-nhat-vuong-dung-truoc-nguong-cua-lam-nen-lich-su-188250919154154645.chn,9/19/2025 15:45,9/22/2025,tich_cuc,trung_tinh,trung_tinh,bat_dong_uu_tien_an
902,MSN,https://cafef.vn/truoc-khi-thoai-von-khoi-masan-chaebol-sk-cua-han-quoc-da-lam-gi-188251115070112676.chn,11/15/2025 7:01,11/17/2025,,trung_tinh,trung_tinh,an
903,FPT,https://cafef.vn/fpt-bat-tay-cung-ong-lon-an-do-dao-tao-ky-su-ai-dua-viet-nam-thanh-trung-tam-chuoi-cung-ung-phan-mem-o-to-toan-cau-188250226093139585.chn,2/26/2025 9:32,2/26/2025,trung_tinh,,trung_tinh,duyen
904,TCB,https://cafef.vn/giai-ma-dong-luc-tang-truong-cua-ngan-hang-tu-nhan-hang-dau-viet-nam-188240315174225625.chn,3/15/2024 17:30,3/18/2024,trung_tinh,,trung_tinh,duyen
905,VHM,https://cafef.vn/vinhomes-cua-ty-phu-pham-nhat-vuong-mo-ban-hon-1000-can-nha-o-xa-hoi-tai-thanh-pho-nho-nhat-viet-nam-188251109083435797.chn,11/9/2025 8:48,11/10/2025,trung_tinh,,trung_tinh,duyen
906,BID,https://cafef.vn/bidv-chao-ban-rieng-le-huy-dong-hon-10000-ty-dong-scic-dragon-capital-kim-ssiam-manulife-dang-ky-mua-188260114181832295.chn,1/14/2026 18:18,1/15/2026,,trung_tinh,trung_tinh,an
907,HPG,https://cafef.vn/san-luong-ban-thep-quy-12024-cua-hoa-phat-tang-34-cap-nhat-tien-do-dai-du-an-dung-quat-2-1882404081041432.chn,4/8/2024 10:45,4/8/2024,,tich_cuc,tich_cuc,an
908,MSN,https://cafef.vn/co-phieu-msn-cua-masan-tang-kich-tran-tai-san-ty-phu-nguyen-dang-quang-cham-moc-12-ty-usd-188250811103635018.chn,8/11/2025 10:37,8/11/2025,tich_cuc,trung_tinh,trung_tinh,bat_dong_uu_tien_an
909,HPG,https://cafef.vn/hoa-phat-bo-nhiem-truong-ban-phap-che-tran-thi-thu-hien-lam-pho-tong-giam-doc-188231204151513424.chn,12/4/2023 15:15,12/5/2023,,trung_tinh,trung_tinh,an
910,FPT,https://cafef.vn/chuyen-gi-day-fpt-lap-2-ky-luc-trong-mot-ngay-188250813153405847.chn,8/13/2025 15:33,8/14/2025,trung_tinh,,trung_tinh,duyen
911,MWG,https://cafef.vn/chu-tich-the-gioi-di-dong-dang-ky-mua-1-trieu-co-phieu-giua-luc-khoi-ngoai-ban-rong-188231103230310969.chn,11/3/2023 23:02,11/6/2023,trung_tinh,,trung_tinh,duyen
912,MWG,https://cafef.vn/the-gioi-di-dong-dat-118000-ty-dong-doanh-thu-tivi-may-tinh-bang-dien-thoai-deu-giam-tu-1050-rieng-1-mat-hang-tang-truong-ca-ve-so-luong-va-doanh-thu-188240131131733094.chn,1/31/2024 13:17,1/31/2024,trung_tinh,,trung_tinh,duyen
913,VIC,https://cafef.vn/ty-phu-pham-nhat-vuong-vua-lam-dieu-chua-tung-co-trong-lich-su-188250929105359245.chn,9/29/2025 11:45,9/29/2025,tich_cuc,trung_tinh,trung_tinh,bat_dong_uu_tien_an
914,VHM,https://cafef.vn/doanh-thu-cua-vinhomes-lan-dau-vuot-moc-100000-ty-loi-nhuan-dat-hon-33000-ty-dong-tang-truong-14-188240130155836457.chn,1/30/2024 16:19,1/31/2024,,tich_cuc,tich_cuc,an
915,VNM,https://cafef.vn/vinamilk-doanh-thu-xuat-khau-quy-42023-tang-truong-an-tuong-gan-20-188240131150403123.chn,1/31/2024 14:58,1/31/2024,tich_cuc,tich_cuc,tich_cuc,nhat_tri
916,MWG,https://cafef.vn/nhan-luong-0-dong-ca-nam-ceo-the-gioi-di-dong-sap-duoc-esop-luong-co-phieu-tri-gia-gan-90-ty-188250213150817061.chn,2/13/2025 15:07,2/14/2025,,trung_tinh,trung_tinh,an
917,VHM,https://cafef.vn/loi-nhuan-cua-vinhomes-quay-ve-moc-10000-ty-dong-trong-quy-22024-du-an-dao-hoang-gia-dem-ve-con-mua-tien-188240718182806734.chn,7/18/2024 18:35,7/19/2024,,tich_cuc,tich_cuc,an
918,MWG,https://cafef.vn/at-chu-bai-bach-hoa-xanh-cua-the-gioi-di-dong-ghi-nhan-doanh-thu-quy-12024-tang-truong-44-so-voi-cung-ky-tu-tin-tiep-da-but-pha-trong-quy-2-188240428005934592.chn,4/28/2024 0:50,4/29/2024,tich_cuc,,tich_cuc,duyen
919,VHM,https://cafef.vn/vinhomes-co-quy-dat-hon-18000ha-dat-du-de-trien-khai-du-an-trong-vong-30-nam-toi-188240226014022284.chn,2/26/2024 6:31,2/26/2024,trung_tinh,,trung_tinh,duyen
920,VHM,https://cafef.vn/vinhomes-len-ke-hoach-doanh-thu-120000-ty-cao-nhat-lich-su-loi-nhuan-35000-ty-dong-tang-4-188240403105115078.chn,4/3/2024 10:54,4/3/2024,tich_cuc,trung_tinh,trung_tinh,bat_dong_uu_tien_an
921,BCM,https://cafef.vn/hang-loat-cong-ty-ty-do-tu-pv-gas-bsr-acv-becamex-den-ngan-hang-lon-dung-truoc-nguy-co-huy-tu-cach-dai-chung-roi-san-chung-khoan-188260105234323235.chn,1/6/2026 0:02,1/6/2026,trung_tinh,,trung_tinh,duyen
922,VJC,https://cafef.vn/vietjet-lap-ky-luc-tiep-nhan-22-tau-bay-trong-chua-day-1-thang-188251204212603663.chn,12/4/2025 21:25,12/5/2025,trung_tinh,tich_cuc,tich_cuc,bat_dong_uu_tien_an
923,FPT,https://cafef.vn/ong-truong-gia-binh-noi-ve-cai-bat-tay-lich-su-giua-fpt-va-evn-khong-hinh-thuc-ma-cung-lam-that-cung-dau-tu-cung-chiu-trach-nhiem-188260129195459054.chn,1/29/2026 19:54,1/30/2026,trung_tinh,,trung_tinh,duyen
924,SAB,https://cafef.vn/huyen-thoai-nuoc-giai-khat-74-nam-tuoi-bao-lo-20-quy-lien-tiep-nguy-co-pha-san-vi-khoan-no-gan-490-ty-dong-voi-sabeco-188260122112642945.chn,1/22/2026 11:26,1/22/2026,tieu_cuc,,tieu_cuc,duyen
925,TCB,https://cafef.vn/tien-sy-jens-lottner-tiep-tuc-lam-tong-giam-doc-techcombank-trong-giai-doan-20252030-188250811160920849.chn,8/11/2025 16:09,8/12/2025,trung_tinh,,trung_tinh,duyen
926,FPT,https://cafef.vn/lai-rong-2-thang-dau-nam-cua-fpt-tang-gan-23-mang-dich-vu-cntt-nuoc-ngoai-tang-truong-manh-188240322094824966.chn,3/22/2024 9:44,3/22/2024,,tich_cuc,tich_cuc,an
927,MBB,https://cafef.vn/mb-chuan-bi-hop-dai-hoi-dong-co-dong-nhiem-ky-2024-2029-188240525130018288.chn,5/27/2024 8:00,5/27/2024,trung_tinh,,trung_tinh,duyen
928,VRE,https://cafef.vn/vincom-retail-vre-co-dong-thai-moi-tai-sieu-du-an-khu-do-thi-du-lich-lan-bien-can-gio-188250811224757604.chn,8/12/2025 0:03,8/12/2025,trung_tinh,trung_tinh,trung_tinh,nhat_tri
929,VPB,https://cafef.vn/ngap-tran-uu-dai-hoan-tien-khi-thanh-toan-bang-the-tin-dung-vpbank-188231130191847113.chn,11/30/2023 19:30,12/1/2023,trung_tinh,,trung_tinh,duyen
930,ACB,https://cafef.vn/acb-muon-thanh-lap-cong-ty-bao-hiem-phi-nhan-tho-von-dieu-le-500-ty-tu-thiet-ke-san-pham-thay-vi-phu-thuoc-vao-bancassurance-18825102711321029.chn,10/27/2025 11:31,10/27/2025,trung_tinh,trung_tinh,trung_tinh,nhat_tri
931,MSN,https://cafef.vn/ssi-truy-quet-hang-gia-giup-the-gioi-di-dong-fpt-retail-digiworld-va-winmart-loi-lon-con-pnj-van-gap-ap-luc-tu-viec-thanh-tra-vang-188250621093642503.chn,6/21/2025 9:38,6/23/2025,,trung_tinh,trung_tinh,an
932,VCB,https://cafef.vn/mot-nhan-su-nhom-big4-co-luong-thuong-cao-hon-chu-tich-va-tong-giam-doc-188240131142002987.chn,1/31/2024 14:14,1/31/2024,trung_tinh,,trung_tinh,duyen
933,PLX,https://cafef.vn/co-phieu-hai-ong-trum-ban-le-xang-dau-petrolimex-pv-oil-noi-song-sau-mot-du-thao-nghi-dinh-moi-dau-la-diem-dac-biet-188240706175718815.chn,7/8/2024 0:05,7/8/2024,,trung_tinh,trung_tinh,an
934,MWG,https://cafef.vn/ctck-giam-du-phong-loi-nhuan-2024-cua-the-gioi-di-dong-mwg-vi-chi-phi-bat-thuong-lo-ngai-viec-mo-rong-bach-hoa-xanh-anh-huong-lai-rong-188241128200509949.chn,11/29/2024 0:01,11/29/2024,trung_tinh,,trung_tinh,duyen
935,FPT,https://cafef.vn/chu-tich-fpt-truong-gia-binh-dich-than-don-chiec-cup-danh-gia-nhat-chau-au-den-da-nang-188250807113909394.chn,8/7/2025 11:38,8/7/2025,,trung_tinh,trung_tinh,an
936,POW,https://cafef.vn/nha-may-dien-nhon-trach-3-va-4-do-pv-power-dau-tu-chuan-bi-van-hanh-thuong-mai-vao-cuoi-nam-2025-188251115070239733.chn,11/15/2025 7:02,11/17/2025,,trung_tinh,trung_tinh,an
937,HDB,https://cafef.vn/hdbank-dat-tren-5350-ty-dong-loi-nhuan-quy-1-khoi-dong-mo-hinh-tap-doan-tai-chinh-ngan-hang-hang-dau-viet-nam-188250428145617758.chn,4/28/2025 14:56,4/28/2025,tich_cuc,,tich_cuc,duyen
938,SSI,https://cafef.vn/co-phieu-chung-khoan-dua-nhau-xanh-tim-co-ma-lap-dinh-lich-su-dieu-gi-dang-dien-ra-18825030616392685.chn,3/6/2025 16:39,3/7/2025,trung_tinh,,trung_tinh,duyen
939,VHM,https://cafef.vn/dhcd-vinhomes-tien-ve-tphcm-va-dong-bang-song-cuu-long-don-lan-song-dau-tu-cong-va-ha-tang-188250423092225275.chn,4/23/2025 9:22,4/23/2025,,tich_cuc,tich_cuc,an
940,TPB,https://cafef.vn/nam-2024-tpbank-lai-gan-7600-ty-dong-tang-truong-36-so-voi-nam-truoc-188250119090700256.chn,1/19/2025 9:06,1/20/2025,,tich_cuc,tich_cuc,an
941,VIC,https://cafef.vn/ty-phu-pham-nhat-vuong-hoan-tat-sang-ten-luong-co-phieu-vingroup-tri-gia-hon-8000-ty-dong-vao-cuoi-thang-8-188250704184846758.chn,7/4/2025 18:48,7/7/2025,trung_tinh,,trung_tinh,duyen
942,VPB,https://cafef.vn/lanh-dao-cap-cao-du-chi-hang-tram-ty-mua-co-phieu-vpbank-188250203181613043.chn,2/3/2025 18:15,2/4/2025,,trung_tinh,trung_tinh,an
943,VNM,https://cafef.vn/vinamilk-dieu-chinh-giam-chi-phi-quang-cao-tang-khuyen-mai-gioi-thieu-san-pham-thuc-day-ban-hang-188250324115204165.chn,3/24/2025 12:18,3/24/2025,,trung_tinh,trung_tinh,an
944,FPT,https://cafef.vn/lam-mot-dieu-dac-biet-den-33-lan-tu-dau-nam-gia-tri-tap-doan-cong-nghe-so-1-viet-nam-lan-dau-vuot-moc-200000-ty-18824070515351931.chn,7/5/2024 15:35,7/8/2024,tich_cuc,trung_tinh,trung_tinh,bat_dong_uu_tien_an
945,TCB,https://cafef.vn/von-hoa-techcombank-tang-vot-len-cao-nhat-20-thang-nham-nhe-gianh-lai-vi-tri-ngan-hang-tu-nhan-so-1-tu-tay-vpbank-188240222165439452.chn,2/22/2024 16:54,2/23/2024,tich_cuc,trung_tinh,trung_tinh,bat_dong_uu_tien_an
946,MWG,https://cafef.vn/thay-gi-khi-ong-chu-the-gioi-di-dong-mwg-nguyen-duc-tai-chi-mua-nho-giot-ty-le-co-phieu-dang-ky-188231208100301139.chn,12/8/2023 10:02,12/8/2023,,trung_tinh,trung_tinh,an
947,MSN,https://cafef.vn/masan-group-bao-loi-nhuan-6t2025-tang-hon-80-du-vien-kim-cuong-masan-consumer-sut-giam-mang-thit-heo-boc-dau-188250728092918968.chn,7/28/2025 9:29,7/28/2025,tich_cuc,tich_cuc,tich_cuc,nhat_tri
948,VHM,https://cafef.vn/1-coc-tra-suangay-cai-gia-phai-tra-la-danh-mat-co-hoi-boi-cung-ty-phu-pham-nhat-vuong-bau-hien-188250814081238153.chn,8/14/2025 8:12,8/14/2025,trung_tinh,,trung_tinh,duyen
949,VIC,https://cafef.vn/ty-phu-pham-nhat-vuong-nhap-cuoc-choi-thep-cong-nghe-cao-truc-tiep-lam-ao-giap-cho-vinfast-canh-tranh-ty-phu-tran-dinh-long-lam-thep-ray-cho-duong-sat-cao-toc-188251007075017145.chn,10/7/2025 7:49,10/7/2025,trung_tinh,,trung_tinh,duyen
950,HPG,https://cafef.vn/ty-phu-tran-dinh-long-dau-tu-khu-cong-nghiep-gan-3400-ty-dong-tai-hai-phong-188250708171042623.chn,7/8/2025 17:10,7/9/2025,trung_tinh,,trung_tinh,duyen
951,VNM,https://cafef.vn/dhdcd-vinamilk-quy-12024-loi-nhuan-tang-truong-16-188240425154058836.chn,4/25/2024 15:41,4/26/2024,trung_tinh,,trung_tinh,duyen
952,TCB,https://cafef.vn/techcombank-lap-cong-ty-bao-hiem-nhan-tho-lo-dien-co-dong-gop-von-18825032119165235.chn,3/21/2025 19:16,3/24/2025,trung_tinh,trung_tinh,trung_tinh,nhat_tri
953,VJC,https://cafef.vn/vietjet-du-chi-74-ty-usd-dat-mua-20-may-bay-airbus-than-rong-188240723115149157.chn,7/23/2024 12:10,7/23/2024,trung_tinh,trung_tinh,trung_tinh,nhat_tri
954,SAB,https://cafef.vn/ky-luc-vua-xac-lap-giup-ngum-bia-sabeco-bot-dang-thaibev-go-duoc-3400-ty-sau-hon-mot-tuan-188240306145758773.chn,3/6/2024 14:58,3/6/2024,,trung_tinh,trung_tinh,an
955,STB,https://cafef.vn/dragon-capital-mua-rong-hang-chuc-trieu-co-phieu-sacombank-stb-trong-chua-day-mot-thang-188231109094840667.chn,11/9/2023 9:48,11/9/2023,trung_tinh,tich_cuc,tich_cuc,bat_dong_uu_tien_an
956,MWG,https://cafef.vn/sau-the-gioi-di-dong-dien-may-xanh-bach-hoa-xanh-de-che-ban-le-cua-ong-nguyen-duc-tai-co-ke-hoach-mo-chuoi-moi-188250427005419796.chn,4/27/2025 0:54,4/28/2025,,trung_tinh,trung_tinh,an
957,HPG,https://cafef.vn/cung-luc-dn-viet-nam-de-nghi-dieu-tra-chong-ban-pha-gia-hrc-thai-lan-muon-mo-rong-cac-bien-phap-cbpg-moi-doi-voi-thep-trung-quoc-18824051307261613.chn,5/13/2024 7:16,5/13/2024,,trung_tinh,trung_tinh,an
958,FPT,https://cafef.vn/fpt-chot-ngay-chia-co-tuc-tien-mat-chuan-bi-phat-hanh-them-222-trieu-co-phieu-188250529201447418.chn,5/29/2025 20:14,5/30/2025,trung_tinh,,trung_tinh,duyen
959,VIB,https://cafef.vn/nguoi-than-thanh-vien-hdqt-vib-chuyen-nhuong-hang-trieu-co-phieu-188251230090833282.chn,12/30/2025 9:08,12/30/2025,trung_tinh,,trung_tinh,duyen
960,HPG,https://cafef.vn/an-tuong-nhu-cach-hoa-phat-cua-ty-phu-tran-dinh-long-len-dinh-21-thang-87-trieu-co-phieu-doi-chu-2600-ty-khop-lenh-khoi-ngoai-giup-mot-tay-gan-500-ty-188240227153733532.chn,2/27/2024 15:38,2/28/2024,,trung_tinh,trung_tinh,an
961,TPB,https://cafef.vn/dhdcd-tpbank-chu-tich-do-minh-phu-noi-ve-viec-thay-doi-de-xuat-quyet-dinh-trinh-ke-hoach-chia-ca-co-tuc-tien-mat-va-co-phieu-trong-nam-nay-188240423092146546.chn,4/23/2024 10:05,4/23/2024,trung_tinh,,trung_tinh,duyen
962,VPB,https://cafef.vn/vpbank-dat-muc-tieu-tang-gap-doi-loi-nhuan-nam-trong-nam-nay-tiep-tuc-chia-co-tuc-tien-mat-10-188240403141003768.chn,4/3/2024 14:04,4/3/2024,trung_tinh,trung_tinh,trung_tinh,nhat_tri
963,TCB,https://cafef.vn/giai-phap-nao-cho-doanh-nghiep-don-xu-huong-dich-chuyen-chuoi-cung-ung-toan-cau-188250415153111279.chn,4/15/2025 16:30,4/16/2025,,trung_tinh,trung_tinh,an
964,MWG,https://cafef.vn/loi-nhuan-gap-43-lan-cung-ky-the-gioi-di-dong-mwg-van-giam-gan-5000-nhan-vien-sau-nam-khoc-liet-nhat-lich-su-188240430231225774.chn,5/1/2024 8:44,5/1/2024,,tich_cuc,tich_cuc,an
965,MWG,https://cafef.vn/tay-buon-tien-mang-ten-the-gioi-di-dong-188250328070939331.chn,3/28/2025 7:09,3/28/2025,trung_tinh,,trung_tinh,duyen
966,MSN,https://cafef.vn/he-thong-hon-4000-diem-cua-hang-don-15-trieu-luot-khach-moi-ngay-cfo-wincommerce-noi-chua-la-gi-ca-188251126131306143.chn,11/26/2025 13:12,11/26/2025,,trung_tinh,trung_tinh,an
967,VJC,https://cafef.vn/vietjet-dat-52200-ty-doanh-thu-hop-nhat-trong-9t2024-chuan-bi-nhan-them-may-bay-moi-188241030232950853.chn,10/30/2024 23:34,10/31/2024,tich_cuc,,tich_cuc,duyen
968,MWG,https://cafef.vn/dong-von-ngoai-o-at-tro-lai-lap-room-the-gioi-di-dong-rieng-nhom-dragon-capital-manh-tay-chi-tien-gom-hang-trieu-co-phieu-mwg-188240429141622292.chn,4/30/2024 0:03,4/30/2024,trung_tinh,trung_tinh,trung_tinh,nhat_tri
969,MWG,https://cafef.vn/vu-khi-manh-nhat-dua-the-gioi-di-dong-tro-thanh-de-che-ban-le-so-1-dong-nam-a-188260327223543796.chn,3/28/2026 0:01,3/30/2026,trung_tinh,,trung_tinh,duyen
970,BCM,https://cafef.vn/doanh-nghiep-nha-nuoc-lon-nhat-binh-duong-bi-phat-do-cong-bo-thong-tin-sai-ve-trai-phieu-188250102082922704.chn,1/2/2025 8:29,1/2/2025,tieu_cuc,tieu_cuc,tieu_cuc,nhat_tri
971,GAS,https://cafef.vn/doanh-nghiep-nam-gan-17-ty-usd-tien-tuoi-ngoi-im-van-bo-tui-5-ty-dong-lai-moi-ngay-nhung-loi-nhuan-quy-1-giam-manh-hon-25-188240428132647719.chn,5/2/2024 0:04,5/2/2024,trung_tinh,tieu_cuc,tieu_cuc,bat_dong_uu_tien_an
972,HDB,https://cafef.vn/hdbank-dat-muc-tieu-loi-nhuan-hon-21-nghin-ty-dong-trong-nam-2025-he-lo-ke-hoach-chia-co-tuc-188250405093643365.chn,4/5/2025 10:36,4/7/2025,trung_tinh,trung_tinh,trung_tinh,nhat_tri
973,VRE,https://cafef.vn/nu-tuong-vincom-retail-xuc-dong-khi-co-dong-de-cap-chuyen-doi-ten-nhac-lai-du-an-lam-nen-mong-cho-ca-de-che-vingroup-188240424074257164.chn,4/24/2024 7:41,4/24/2024,trung_tinh,,trung_tinh,duyen
974,VHM,https://cafef.vn/3-dai-du-an-vinhomes-vu-yen-co-loa-wonder-park-duoc-du-bao-mang-ve-cho-vinhomes-gan-92000-ty-dong-trong-2024-188231204135252272.chn,12/4/2023 13:54,12/4/2023,trung_tinh,trung_tinh,trung_tinh,nhat_tri
975,CTG,https://cafef.vn/cuoc-dua-loi-nhuan-ngan-hang-vietinbank-but-pha-cham-dut-chuoi-900-ngay-thong-tri-cua-vietcombank-co-toi-8-nha-bang-lap-ky-luc-188250207003146149.chn,2/7/2025 0:31,2/7/2025,,trung_tinh,trung_tinh,an
976,MWG,https://cafef.vn/dragon-capital-ban-hon-3-trieu-co-phieu-roi-ghe-co-dong-lon-tai-the-gioi-di-dong-188250918095922156.chn,9/18/2025 9:59,9/18/2025,trung_tinh,,trung_tinh,duyen
977,VNM,https://cafef.vn/bao-doanh-thu-ky-luc-va-loi-nhuan-cao-nhat-11-quy-co-phieu-vinamilk-tang-lien-4-phien-lay-lai-nhung-gi-da-mat-trong-4-thang-188240731144635498.chn,7/31/2024 15:06,8/1/2024,tich_cuc,tich_cuc,tich_cuc,nhat_tri
978,FPT,https://cafef.vn/thu-thach-esg-tai-viet-nam-tien-la-van-de-quan-trong-188240830111014577.chn,9/1/2024 12:43,9/2/2024,trung_tinh,trung_tinh,trung_tinh,nhat_tri
979,HPG,https://cafef.vn/vpbanks-nhieu-doanh-nghiep-thep-dang-roi-vao-vong-xoay-vay-no-188240529160059235.chn,5/29/2024 16:02,5/30/2024,,trung_tinh,trung_tinh,an
980,SHB,https://cafef.vn/shb-thong-bao-ngay-chot-quyen-mua-co-phieu-phat-hanh-cho-co-dong-hien-huu-1882603251056135.chn,3/25/2026 10:56,3/25/2026,trung_tinh,trung_tinh,trung_tinh,nhat_tri
981,VJC,https://cafef.vn/co-phieu-vietjet-cua-ty-phu-nguyen-thi-phuong-thao-giam-san-188251127114232832.chn,11/27/2025 11:42,11/27/2025,tieu_cuc,trung_tinh,trung_tinh,bat_dong_uu_tien_an
982,SHB,https://cafef.vn/mot-co-phieu-ngan-hang-tang-kich-tran-lap-ky-luc-khop-lenh-gan-160-trieu-don-vi-188250418150248188.chn,4/18/2025 15:45,4/21/2025,,trung_tinh,trung_tinh,an
983,MSN,https://cafef.vn/masan-group-dat-muc-tieu-loi-nhuan-2024-tang-toi-da-115-se-phat-hanh-them-hang-tram-trieu-co-phieu-cho-co-dong-chien-luoc-188240405092331684.chn,4/5/2024 9:37,4/5/2024,trung_tinh,,trung_tinh,duyen
984,FPT,https://cafef.vn/fpt-len-ke-hoach-loi-nhuan-2024-vuot-10000-ty-dong-chia-co-tuc-ngay-sau-dhdcd-he-lo-da-chot-don-70-trieu-chip-188240314104559722.chn,3/14/2024 10:51,3/14/2024,trung_tinh,,trung_tinh,duyen
985,MWG,https://cafef.vn/the-gioi-di-dong-chi-them-1000-ty-dong-cho-nhan-vien-du-cat-giam-hon-8500-nguoi-so-voi-cung-ky-nam-truoc-188240805152405988.chn,8/5/2024 15:43,8/6/2024,trung_tinh,,trung_tinh,duyen
986,POW,https://cafef.vn/dung-truoc-nguy-co-mat-1000-ty-dong-pv-power-kien-nghi-khan-toi-chinh-phu-va-bo-cong-thuong-188240314201309547.chn,3/14/2024 20:11,3/15/2024,,trung_tinh,trung_tinh,an
987,MSN,https://cafef.vn/bac-co-winmart-nam-co-bach-hoa-xanh-cuoc-dau-nganh-ban-le-ngay-cang-gay-can-188241015111421804.chn,10/15/2024 11:14,10/15/2024,,trung_tinh,trung_tinh,an
988,VHM,https://cafef.vn/vinhomes-lai-cao-nhat-lich-su-42000-ty-dong-ngay-lap-tuc-rot-tien-vao-du-an-cam-lam-285000-ty-dong-rong-10300-ha-188260204111644219.chn,2/4/2026 11:15,2/4/2026,trung_tinh,,trung_tinh,duyen
989,FPT,https://cafef.vn/ong-truong-gia-binh-neu-chinh-phu-da-thuong-yeu-dn-thi-thuong-yeu-nhieu-hon-da-ha-thue-phi-thi-ha-sau-hon-ha-dai-hon-nua-188231011162110596.chn,10/11/2023 16:22,10/12/2023,trung_tinh,,trung_tinh,duyen
990,MWG,https://cafef.vn/the-gioi-di-dong-du-chia-co-tuc-10-mua-lai-co-phieu-quy-esop-phu-thuoc-loi-nhuan-va-hieu-suat-co-phieu-188250405223601569.chn,4/6/2025 0:05,4/7/2025,trung_tinh,tich_cuc,tich_cuc,bat_dong_uu_tien_an
991,MSN,https://cafef.vn/masan-msn-tran-an-ve-tin-don-sk-thoai-von-va-bain-capital-thuc-hien-hedging-cong-bo-bien-lai-gop-quy-3-len-cao-nhat-tu-ke-tu-dau-2020-wincommerce-gan-dat-diem-hoa-von-ebit-188231030105732221.chn,10/30/2023 11:05,10/30/2023,trung_tinh,,trung_tinh,duyen
992,VHM,https://cafef.vn/vingroup-vuot-mat-2-dai-gia-nha-nuoc-vao-top-3-von-hoa-lon-nhat-san-chung-khoan-viet-nam-188250401150440404.chn,4/1/2025 15:04,4/2/2025,,trung_tinh,trung_tinh,an
993,FPT,https://cafef.vn/nong-fpt-cong-bo-ket-qua-kinh-doanh-co-phieu-tai-sinh-188250320081156847.chn,3/20/2025 12:56,3/20/2025,trung_tinh,tich_cuc,tich_cuc,bat_dong_uu_tien_an
994,FPT,https://cafef.vn/dang-sau-ky-luc-pha-dinh-42-lan-trong-nam-2024-cua-tap-doan-tu-nhan-lon-nhat-san-chung-khoan-viet-nam-18825010209363061.chn,1/2/2025 9:41,1/2/2025,trung_tinh,,trung_tinh,duyen
995,HPG,https://cafef.vn/ty-phu-tran-dinh-long-hoa-phat-cam-30000-ty-dong-trong-tay-nhung-co-dam-dung-dau-18824041602025232.chn,4/16/2024 7:20,4/16/2024,trung_tinh,,trung_tinh,duyen
996,VIC,https://cafef.vn/thong-tin-moi-ve-thuong-vu-co-phieu-thuong-lon-nhat-lich-su-188251119212554564.chn,11/19/2025 21:48,11/20/2025,,trung_tinh,trung_tinh,an
997,MWG,https://cafef.vn/mot-yeu-to-quan-trong-giup-the-gioi-di-dong-mwg-gia-tang-loi-nhuan-188250813220110858.chn,8/14/2025 0:01,8/14/2025,,trung_tinh,trung_tinh,an
998,MWG,https://cafef.vn/em-gai-ong-nguyen-duc-tai-ban-ra-gan-nua-luong-co-phan-nam-giu-tai-the-gioi-di-dong-188240327204838787.chn,3/28/2024 6:00,3/28/2024,trung_tinh,,trung_tinh,duyen
999,VIC,https://cafef.vn/doanh-nghiep-moi-thanh-lap-6-thang-so-huu-gan-10-von-vingroup-tri-gia-hon-72000-ty-dong-18825103120065353.chn,10/31/2025 20:19,11/3/2025,trung_tinh,,trung_tinh,duyen
1000,VRE,https://cafef.vn/chan-dung-nu-tuong-than-can-voi-ty-phu-pham-nhat-vuong-se-roi-chuc-chu-tich-vincom-retail-sau-7-nam-dam-nhiem-188240402003606409.chn,4/2/2024 12:46,4/2/2024,,trung_tinh,trung_tinh,an
1001,VIC,https://cafef.vn/them-3500-ty-dong-sap-chay-ve-mot-tap-doan-dinh-dam-188251001094728447.chn,10/1/2025 11:04,10/1/2025,trung_tinh,,trung_tinh,duyen
1002,VIC,https://cafef.vn/ty-phu-pham-nhat-vuong-da-dung-hang-tram-trieu-co-phieu-vic-gop-von-vao-nhung-doanh-nghiep-nao-188250622083104219.chn,6/22/2025 8:34,6/23/2025,trung_tinh,,trung_tinh,duyen
1003,MBB,https://cafef.vn/dau-tu-scic-muon-thoai-toan-bo-von-tai-mb-188240217105532712.chn,2/17/2024 11:00,2/19/2024,trung_tinh,,trung_tinh,duyen
1004,HDB,https://cafef.vn/hdbank-tien-phong-cong-bo-khung-tai-chinh-ben-vung-18824121817302873.chn,12/18/2024 17:30,12/19/2024,,trung_tinh,trung_tinh,an
1005,SAB,https://cafef.vn/co-hon-22000-ty-de-gui-ngan-hang-thu-ve-gan-370-ty-dong-tien-lai-sabeco-van-bao-loi-nhuan-quy-32023-giam-22-188231027104535383.chn,10/27/2023 11:13,10/27/2023,tieu_cuc,,tieu_cuc,duyen
1006,VIC,https://cafef.vn/vingroup-cua-ong-pham-nhat-vuong-chot-ngay-trien-khai-thuong-vu-lon-nhat-lich-su-188251127135100493.chn,11/27/2025 13:50,11/27/2025,tich_cuc,trung_tinh,trung_tinh,bat_dong_uu_tien_an
1007,SSI,https://cafef.vn/ssi-phat-hanh-10-trieu-co-phieu-esop-cho-307-nhan-vien-188250520163107665.chn,5/20/2025 16:31,5/21/2025,trung_tinh,,trung_tinh,duyen
1008,VRE,https://cafef.vn/lo-dien-nhom-nha-dau-tu-mua-lai-cong-ty-nam-415-von-cua-vincom-retail-188240406010353259.chn,4/6/2024 7:18,4/8/2024,trung_tinh,trung_tinh,trung_tinh,nhat_tri
1009,GVR,https://cafef.vn/tap-doan-cao-su-gvr-uoc-lai-truoc-thue-quy-2-tang-27-188240722105919874.chn,7/22/2024 10:53,7/22/2024,,tich_cuc,tich_cuc,an
1010,SHB,https://cafef.vn/chuyen-gi-day-mot-co-phieu-giao-dich-hon-2000-ty-dong-chi-trong-phien-sang-188250707114230286.chn,7/7/2025 12:30,7/7/2025,,trung_tinh,trung_tinh,an
1011,VIC,https://cafef.vn/vingroup-muon-phat-hanh-325-trieu-usd-trai-phieu-quoc-te-188251017190725343.chn,10/17/2025 19:07,10/20/2025,,trung_tinh,trung_tinh,an
1012,SAB,https://cafef.vn/mua-say-cung-euro-sap-den-co-phieu-dai-gia-nganh-bia-sabeco-sab-bat-ngo-chay-hang-18824060510570837.chn,6/5/2024 10:57,6/5/2024,tich_cuc,trung_tinh,trung_tinh,bat_dong_uu_tien_an
1013,FPT,https://cafef.vn/fpt-tiep-tuc-tang-truong-deu-nhu-vat-tranh-voi-dong-luc-tu-mang-cntt-nuoc-ngoai-he-lo-ke-hoach-xay-dung-to-hop-giao-duc-tai-hai-duong-188240618082325556.chn,6/18/2024 8:17,6/18/2024,tich_cuc,tich_cuc,tich_cuc,nhat_tri
1014,VHM,https://cafef.vn/vinhomes-lai-9-thang-hon-15000-ty-doanh-so-chua-ghi-nhan-cao-ky-luc-188251030145156872.chn,10/30/2025 14:51,10/30/2025,tich_cuc,,tich_cuc,duyen
1015,MWG,https://cafef.vn/bat-tay-voi-loat-thuong-hieu-trung-quoc-the-gioi-di-dong-dat-muc-tieu-ban-45-trieu-smartphone-trong-nam-2025-188241213112047497.chn,12/13/2024 11:39,12/13/2024,,trung_tinh,trung_tinh,an
1016,FPT,https://cafef.vn/doanh-nghiep-tu-nhan-lon-nhat-viet-nam-ho-room-khoi-ngoai-hon-3-1882411202317047.chn,11/21/2024 0:01,11/21/2024,,trung_tinh,trung_tinh,an
1017,FPT,https://cafef.vn/fpt-dat-cot-moc-moi-sau-khi-bat-tay-nvidia-mo-nha-may-ai-dat-muc-tieu-lot-top-cong-ty-lon-o-nhat-vao-nam-2027-188250205125919324.chn,2/5/2025 13:00,2/5/2025,trung_tinh,,trung_tinh,duyen
1018,VIC,https://cafef.vn/ubcknn-nhan-duoc-ho-so-cua-vingroup-chao-ban-325-trieu-usd-trai-phieu-quoc-te-188251113232915458.chn,11/14/2025 0:08,11/14/2025,trung_tinh,,trung_tinh,duyen
1019,VHM,https://cafef.vn/khanh-hoa-duyet-du-an-khu-tai-dinh-cu-239ha-do-vinhomes-lam-chu-dau-tu-188250504103705808.chn,5/4/2025 10:36,5/5/2025,,trung_tinh,trung_tinh,an
1020,HPG,https://cafef.vn/co-phieu-hoa-phat-len-dinh-3-nam-tai-san-cua-ty-phu-tran-dinh-long-tang-vot-188250708114313913.chn,7/8/2025 11:43,7/8/2025,tich_cuc,trung_tinh,trung_tinh,bat_dong_uu_tien_an
1021,VHM,https://cafef.vn/khoi-ngoai-chi-tram-ty-mua-rong-vinhomes-3-co-phieu-cua-ty-phu-pham-nhat-vuong-tang-manh-nhat-nhom-vn30-188250303111712649.chn,3/3/2025 11:26,3/3/2025,,tich_cuc,tich_cuc,an
1022,MWG,https://cafef.vn/len-ke-hoach-dong-200-cua-hang-the-gioi-di-dong-mwg-co-dong-thai-moi-voi-viettel-18823120414381802.chn,12/4/2023 15:07,12/5/2023,trung_tinh,,trung_tinh,duyen
1023,VHM,https://cafef.vn/vinhomes-choi-lon-chua-tung-co-mua-lai-370-trieu-co-phieu-du-chi-ca-chuc-nghin-ty-dong-188240807000118948.chn,8/7/2024 9:02,8/7/2024,,tich_cuc,tich_cuc,an
1024,HPG,https://cafef.vn/bo-cong-thuong-co-dong-thai-moi-voi-cac-vu-kien-chong-ban-pha-gia-thep-ma-va-hrc-nhap-khau-co-phieu-hoa-phat-ton-dong-a-hoa-sen-nam-kim-dong-loat-noi-song-188240617112648118.chn,6/17/2024 11:27,6/17/2024,trung_tinh,,trung_tinh,duyen
1025,FPT,https://cafef.vn/ong-truong-gia-binh-hoi-han-neu-ngay-xua-toi-hieu-ve-ban-dan-thi-gio-da-khac-dang-de-xuat-cap-visa-dac-biet-de-ky-su-viet-nam-vao-my-188240414153625287.chn,4/15/2024 10:41,4/15/2024,,trung_tinh,trung_tinh,an
1026,HPG,https://cafef.vn/gia-thep-tang-nong-sau-quyet-dinh-quan-trong-cua-trung-quoc-hoa-phat-cua-ty-phu-tran-dinh-long-vuot-ngan-chong-gai-tu-khoi-ngoai-188240930223458637.chn,10/1/2024 0:03,10/1/2024,trung_tinh,,trung_tinh,duyen
1027,VIC,https://cafef.vn/co-phieu-vingroup-tang-tran-tai-san-ty-phu-pham-nhat-vuong-tang-ca-tram-trieu-usd-moi-ngay-len-gan-7-ty-usd-188250313101708126.chn,3/13/2025 10:16,3/13/2025,trung_tinh,,trung_tinh,duyen
1028,FPT,https://cafef.vn/chu-tich-truong-gia-binh-dat-muc-tieu-tao-mo-hinh-ai-nho-gon-hieu-qua-nhat-the-gioi-188250415153712682.chn,4/15/2025 15:36,4/16/2025,tich_cuc,trung_tinh,trung_tinh,bat_dong_uu_tien_an
1029,MWG,https://cafef.vn/bach-hoa-xanh-lam-the-nao-de-co-lai-trong-nam-nay-188240229173558707.chn,3/1/2024 0:13,3/1/2024,,trung_tinh,trung_tinh,an
1030,HPG,https://cafef.vn/chuyen-cua-co-dong-hoa-phat-nguoi-dua-ca-chau-di-dai-hoi-de-hoc-dau-tu-nguoi-gom-tien-dua-mua-theo-mai-phuong-thuy-188250417192414478.chn,4/17/2025 19:24,4/18/2025,trung_tinh,,trung_tinh,duyen
1031,STB,https://cafef.vn/sacombank-dat-5342-ty-dong-loi-nhuan-trong-6-thang-dau-nam-2024-188240801110329657.chn,8/1/2024 11:03,8/1/2024,trung_tinh,,trung_tinh,duyen
1032,VHM,https://cafef.vn/thi-truong-bat-dong-san-vao-da-phuc-hoi-loat-dai-gia-dat-ke-hoach-muc-tieu-lai-lon-vinhomes-dat-muc-ky-luc-18824040814295328.chn,4/8/2024 14:40,4/8/2024,trung_tinh,,trung_tinh,duyen
1033,VJC,https://cafef.vn/ty-phu-nguyen-thi-phuong-thao-dam-phan-voi-ong-donald-trump-elon-musk-cung-loat-tap-doan-hang-dau-hoa-ky-them-nhieu-deal-lon-188250113002834175.chn,1/13/2025 0:28,1/13/2025,trung_tinh,,trung_tinh,duyen
1034,STB,https://cafef.vn/sacombank-bat-ngo-trinh-co-dong-ke-hoach-chia-co-tuc-mua-lai-cong-ty-chung-khoan-188250421155351905.chn,4/21/2025 15:53,4/22/2025,tich_cuc,trung_tinh,trung_tinh,bat_dong_uu_tien_an
1035,FPT,https://cafef.vn/ky-luc-buon-cua-fpt-ho-room-hon-200-trieu-co-phieu-sau-khi-khoi-ngoai-ban-o-at-188260225234529492.chn,2/26/2026 0:01,2/26/2026,trung_tinh,,trung_tinh,duyen
1036,MWG,https://cafef.vn/tien-noi-o-at-vao-bat-day-co-phieu-the-gioi-di-dong-mwg-khop-lenh-ky-luc-188231101153129783.chn,11/1/2023 15:31,11/2/2023,,trung_tinh,trung_tinh,an
1037,FPT,https://cafef.vn/thang-thau-loat-du-an-lon-fpt-bao-lai-rong-tang-truong-gan-21-trong-quy-dau-nam-188250422172153409.chn,4/22/2025 17:21,4/23/2025,,tich_cuc,tich_cuc,an
1038,MWG,https://cafef.vn/gat-bo-chien-luoc-ban-dat-hon-12-trieu-so-voi-doi-thu-the-gioi-di-dong-duoc-va-mat-nhung-gi-188231113162749753.chn,11/14/2023 9:54,11/14/2023,trung_tinh,,trung_tinh,duyen
1039,VHM,https://cafef.vn/vinhomes-muon-lam-khu-do-thi-300ha-o-nghe-an-188240228103716486.chn,2/28/2024 10:39,2/28/2024,trung_tinh,,trung_tinh,duyen
1040,ACB,https://cafef.vn/hang-loat-ngan-hang-an-dinh-lich-hop-dai-hoi-co-dong-nam-2026-188260302120449237.chn,3/2/2026 12:04,3/2/2026,trung_tinh,,trung_tinh,duyen
1041,MWG,https://cafef.vn/the-gioi-di-dong-hoa-sen-tan-hiep-phat-va-loat-dn-dinh-dam-tai-binh-duong-ba-ria-vung-tau-chuyen-ho-khau-thanh-tphcm-188250701232213423.chn,7/2/2025 0:01,7/2/2025,,trung_tinh,trung_tinh,an
1042,VCB,https://cafef.vn/cong-bo-200-doanh-nghiep-nop-ngan-sach-lon-nhat-viet-nam-tong-nop-794000-ty-dong-vingroup-thu-hep-khoang-cach-voi-vi-tri-so-1-cua-petrovietnam-188250824225436112.chn,8/25/2025 8:08,8/25/2025,trung_tinh,,trung_tinh,duyen
1043,TCB,https://cafef.vn/ty-le-casa-cua-techcombank-quy-42023-phuc-hoi-ngoan-muc-len-gan-40-thu-nhap-tu-dich-vu-cao-ky-luc-188240122190109838.chn,1/22/2024 19:09,1/23/2024,,tich_cuc,tich_cuc,an
1044,PLX,https://cafef.vn/dhdcd-bat-thuong-petrolimex-thong-qua-viec-sap-nhap-tct-dich-vu-xang-dau-petrolimex-vao-tap-doan-188250328145140945.chn,3/28/2025 14:51,3/28/2025,trung_tinh,trung_tinh,trung_tinh,nhat_tri
1045,FPT,https://cafef.vn/fpt-telecom-fox-dat-muc-tieu-loi-nhuan-2025-cao-ky-luc-co-tuc-tien-mat-5000-dongcp-188250320135758682.chn,3/20/2025 13:57,3/20/2025,,trung_tinh,trung_tinh,an
1046,VHM,https://cafef.vn/ngoai-suc-tuong-tuong-nhom-vingroup-dong-gop-320-diem-vao-vnindex-tu-dau-nam-188251201223033964.chn,12/2/2025 0:01,12/2/2025,trung_tinh,,trung_tinh,duyen
1047,MWG,https://cafef.vn/cong-ty-lam-dao-ban-gia-do-ngam-hoa-chat-vao-bach-hoa-xanh-tu-bao-gio-188241229134200162.chn,12/29/2024 13:42,12/30/2024,tieu_cuc,,tieu_cuc,duyen
1048,MWG,https://cafef.vn/the-gioi-di-dong-mwg-bao-lai-ky-luc-quy-22025-tang-truong-41-so-voi-cung-ky-18825072918184841.chn,7/29/2025 18:18,7/30/2025,,tich_cuc,tich_cuc,an
1049,VIC,https://cafef.vn/vingroup-trinh-co-dong-mien-nhiem-thanh-vien-hdqt-188250213120802524.chn,2/13/2025 12:09,2/13/2025,trung_tinh,,trung_tinh,duyen
1050,FPT,https://cafef.vn/doanh-nhan-do-cao-bao-ke-ve-hanh-trinh-tro-thanh-cong-ty-toan-cau-tu-1-trieu-usd-cua-fpt-va-bi-quyet-188250130121224391.chn,1/30/2025 12:32,1/30/2025,trung_tinh,trung_tinh,trung_tinh,nhat_tri
1051,SHB,https://cafef.vn/shb-dong-luc-kep-tu-chien-luoc-tang-von-va-co-hoi-hut-dong-von-ngoai-188251127103708067.chn,11/27/2025 11:00,11/27/2025,trung_tinh,,trung_tinh,duyen
1052,VHM,https://cafef.vn/vinhomes-co-dong-thai-moi-tai-sieu-du-an-vinh-cam-ranh-gan-1300ha-tong-von-dau-tu-hon-85000-ty-dong-tai-khanh-hoa-188231119001717219.chn,11/19/2023 6:25,11/20/2023,,trung_tinh,trung_tinh,an
1053,VPB,https://cafef.vn/vpbank-them-garmin-pay-vao-he-sinh-thai-thanh-toan-mot-cham-188231122150154476.chn,11/22/2023 15:30,11/23/2023,trung_tinh,,trung_tinh,duyen
1054,HPG,https://cafef.vn/ty-phu-tran-dinh-long-chay-nuoc-rut-truoc-khi-vinmetal-kip-hanh-dong-ky-luc-585000-tan-thep-xay-dung-lan-dau-tien-sau-34-nam-188260105123622169.chn,1/5/2026 12:36,1/5/2026,tich_cuc,,tich_cuc,duyen
1055,BCM,https://cafef.vn/ong-nguyen-van-duoc-tphcm-phai-co-it-nhat-2-tap-doan-kinh-te-manh-nhu-becamex-188250705095347626.chn,7/5/2025 9:51,7/7/2025,,trung_tinh,trung_tinh,an
1056,VIC,https://cafef.vn/chu-tich-pham-nhat-vuong-noi-ve-3-yeu-to-cuc-ky-quan-trong-cua-vinfast-tai-dai-hoi-co-dong-188250424110513625.chn,4/24/2025 12:00,4/24/2025,trung_tinh,trung_tinh,trung_tinh,nhat_tri
1057,VJC,https://cafef.vn/vietjet-tat-toan-1000-ty-dong-trai-phieu-sau-1-nam-phat-hanh-188251025075745344.chn,10/25/2025 8:56,10/27/2025,,trung_tinh,trung_tinh,an
1058,VHM,https://cafef.vn/tai-san-cua-ty-phu-pham-nhat-vuong-tang-vot-khi-tung-bom-tan-len-san-chung-khoan-188250507150121077.chn,5/7/2025 15:01,5/8/2025,trung_tinh,,trung_tinh,duyen
1059,FPT,https://cafef.vn/lao-tuong-sang-lap-fpt-noi-ve-cau-hoi-co-phieu-cong-nghe-toan-cau-giam-manh-ai-da-qua-thoi-chatgpt-la-cu-lua-188240905154643131.chn,9/5/2024 15:48,9/6/2024,,trung_tinh,trung_tinh,an
1060,MWG,https://cafef.vn/mwg-nhan-duoc-177-nghin-ty-dong-trong-thuong-vu-ban-5-bach-hoa-xanh-188240508090657737.chn,5/8/2024 9:06,5/8/2024,,trung_tinh,trung_tinh,an
1061,HPG,https://cafef.vn/tin-vui-o-at-den-voi-ty-phu-tran-dinh-long-khi-tai-san-ca-gia-dinh-len-gan-70000-ty-dong-van-con-mot-moi-lo-188250713090314838.chn,7/13/2025 9:03,7/14/2025,trung_tinh,,trung_tinh,duyen
1062,VRE,https://cafef.vn/vincom-retail-bao-lai-sau-thue-quy-22025-dat-1200-ty-dong-tang-hon-20-so-voi-cung-ky-188250729115401722.chn,7/29/2025 12:01,7/29/2025,,tich_cuc,tich_cuc,an
1063,VIC,https://cafef.vn/doanh-nghiep-nha-nuoc-bat-tay-vingroup-khuyen-khich-40000-nhan-vien-su-dung-xe-dien-vinfast-188250515102531751.chn,5/15/2025 10:25,5/15/2025,trung_tinh,,trung_tinh,duyen
1064,FPT,https://cafef.vn/doanh-nghiep-dung-sau-trung-tam-du-lieu-lon-nhat-viet-nam-bao-lai-ky-luc-tien-mat-hon-12000-ty-co-phieu-tang-boc-dau-188250121121505336.chn,1/21/2025 12:14,1/21/2025,tich_cuc,trung_tinh,trung_tinh,bat_dong_uu_tien_an
1065,STB,https://cafef.vn/he-lo-vai-tro-ong-nguyen-duc-thuy-o-sacombank-doi-voi-mon-325-co-phan-stb-cua-nhom-ong-tram-be-188251229142845188.chn,12/29/2025 14:28,12/29/2025,trung_tinh,,trung_tinh,duyen
1066,STB,https://cafef.vn/dau-an-niem-tin-tren-hanh-trinh-32-nam-phat-trien-khong-ngung-cua-sacombank-188231219132120221.chn,12/19/2023 13:30,12/19/2023,,trung_tinh,trung_tinh,an
1067,VIC,https://cafef.vn/ty-phu-pham-nhat-vuong-lai-lap-them-ky-luc-moi-chua-tung-co-o-viet-nam-tham-chi-dung-top-2-the-gioi-188251013113935768.chn,10/13/2025 11:39,10/13/2025,trung_tinh,,trung_tinh,duyen
1068,HPG,https://cafef.vn/co-phieu-thep-bat-ngo-noi-song-hoa-phat-hpg-khop-lenh-chong-mat-188240227103641067.chn,2/27/2024 10:37,2/27/2024,,trung_tinh,trung_tinh,an
1069,VRE,https://cafef.vn/vincom-retail-lai-hon-4000-ty-dong-trong-nam-2024-mo-moi-them-5-trung-tam-thuong-mai-188250123103001005.chn,1/23/2025 10:29,1/23/2025,trung_tinh,,trung_tinh,duyen
1070,VNM,https://cafef.vn/vinamilk-cam-gan-1-ty-usd-tien-mat-va-tien-gui-tang-truong-duong-quy-thu-3-lien-tuc-188240131140617348.chn,1/31/2024 14:06,1/31/2024,trung_tinh,,trung_tinh,duyen
1071,ACB,https://cafef.vn/co-dong-lo-ngai-chia-co-tuc-tien-mat-lien-tuc-trong-6-nam-se-mat-di-mot-ngan-hang-acb-nhu-hien-tai-chu-tich-tran-hung-huy-noi-gi-188250408133728596.chn,4/8/2025 14:12,4/8/2025,,trung_tinh,trung_tinh,an
1072,VNM,https://cafef.vn/vinamilk-20-nam-tham-gia-hoi-cho-fb-lon-nhat-chau-a-kiem-duoc-nhung-hop-dong-trung-thanh-hang-thap-ky-tu-san-pham-khong-phai-the-manh-cua-viet-nam-188250604120656019.chn,6/4/2025 12:10,6/4/2025,trung_tinh,,trung_tinh,duyen
1073,FPT,https://cafef.vn/fpt-du-kien-phat-hanh-hon-222-trieu-co-phieu-de-tang-von-18825053008231025.chn,5/30/2025 8:45,5/30/2025,trung_tinh,,trung_tinh,duyen
1074,VIC,https://cafef.vn/quang-ninh-thong-tin-ve-du-an-khu-do-thi-phuc-hop-ha-long-xanh-18-ty-usd-cua-vingroup-ban-giao-cho-chu-dau-tu-80-mat-bang-1882511191932119.chn,11/20/2025 0:20,11/20/2025,trung_tinh,,trung_tinh,duyen
1075,VJC,https://cafef.vn/vietjet-du-kien-mua-lai-lo-trai-phieu-1000-ty-dong-sau-1-nam-phat-hanh-188250923152056483.chn,9/23/2025 15:20,9/24/2025,trung_tinh,,trung_tinh,duyen
1076,HPG,https://cafef.vn/thi-truong-thep-viet-vinmetal-vao-cuoc-pomina-cuoi-hoa-phat-lo-188251230131711667.chn,12/30/2025 13:17,12/30/2025,,trung_tinh,trung_tinh,an
1077,VHM,https://cafef.vn/trien-khai-loat-du-an-moi-vinhomes-dat-ke-hoach-doanh-thu-sieu-khung-180000-dong-loi-nhuan-tang-truong-20-188250410001327451.chn,4/10/2025 0:13,4/10/2025,,trung_tinh,trung_tinh,an
1078,FPT,https://cafef.vn/fpt-du-kien-dieu-chinh-ke-hoach-tang-truong-doanh-thu-ca-nam-la-15-xuat-hien-dau-hieu-phuc-hoi-trong-thang-7-18825081307544634.chn,8/13/2025 7:54,8/13/2025,tieu_cuc,tieu_cuc,tieu_cuc,nhat_tri
1079,VHM,https://cafef.vn/vingroup-dat-doanh-thu-cao-nhat-lich-su-188250124160228437.chn,1/24/2025 16:02,1/27/2025,,tich_cuc,tich_cuc,an
1080,MSN,https://cafef.vn/doanh-nghiep-5-ty-usd-cua-ty-phu-nguyen-dang-quang-chot-ngay-chia-co-tuc-masan-sap-bo-tui-hon-1700-ty-dong-188250626150917773.chn,6/26/2025 15:09,6/27/2025,,tich_cuc,tich_cuc,an
1081,VIB,https://cafef.vn/vib-loi-nhuan-nam-2024-dat-9000-ty-dong-tang-truong-tin-dung-22-188250123072142665.chn,1/23/2025 7:21,1/23/2025,,tich_cuc,tich_cuc,an
1082,HPG,https://cafef.vn/hoa-phat-cap-hon-5000-tan-thep-xay-dung-chat-luong-cao-cho-du-an-khu-phuc-hop-dai-su-quan-hoa-ky-tai-ha-noi-18824120412155836.chn,12/4/2024 15:19,12/5/2024,,trung_tinh,trung_tinh,an
1083,MWG,https://cafef.vn/dong-loat-cua-hang-doanh-thu-the-gioi-di-dong-sut-giam-sau-khi-vua-tang-truong-manh-trong-thang-10-188231225111253721.chn,12/25/2023 11:15,12/25/2023,,tieu_cuc,tieu_cuc,an
1084,SAB,https://cafef.vn/co-dong-sabeco-sap-nhan-gan-2000-ty-vao-ngay-28-tet-188231206161921898.chn,12/6/2023 16:33,12/7/2023,trung_tinh,tich_cuc,tich_cuc,bat_dong_uu_tien_an
1085,HPG,https://cafef.vn/ctck-uoc-tinh-kqkd-quy-3-nganh-thep-hoa-phat-nam-kim-ton-dong-a-tang-truong-2-con-so-dot-bien-voi-hoa-sen-18825092411170362.chn,9/24/2025 11:17,9/24/2025,trung_tinh,,trung_tinh,duyen
1086,MWG,https://cafef.vn/co-gai-dep-dang-am-tham-cuop-mieng-banh-cua-cac-dai-gia-ban-le-khong-co-cua-hang-van-ban-hon-8500-ty-dong-smartphone-the-gioi-di-dong-chinh-phuc-bat-thanh-18824010518440416.chn,1/5/2024 19:15,1/8/2024,,trung_tinh,trung_tinh,an
1087,PLX,https://cafef.vn/petrolimex-plx-bao-lai-tang-hon-40-so-voi-cung-ky-cam-hon-26700-ty-tien-mat-va-tien-gui-moi-ngay-thu-lai-28-ty-dong-188240731000719222.chn,7/31/2024 8:55,7/31/2024,trung_tinh,,trung_tinh,duyen
1088,HPG,https://cafef.vn/ty-phu-tran-dinh-long-co-dong-thai-la-voi-nong-nghiep-hoa-phat-sau-nua-nam-bao-lai-nghin-ty-de-doa-dabaco-va-vuot-troi-so-voi-baf-hagl-du-quy-mo-von-khiem-ton-188250916000004957.chn,9/16/2025 0:09,9/16/2025,trung_tinh,,trung_tinh,duyen
1089,MSN,https://cafef.vn/masan-bao-lanh-khoan-vay-200-trieu-usd-tu-hsbc-cho-the-sherpa-188250710230339953.chn,7/11/2025 0:03,7/11/2025,trung_tinh,trung_tinh,trung_tinh,nhat_tri
1090,VRE,https://cafef.vn/vincom-retail-cua-ty-phu-pham-nhat-vuong-mo-trung-tam-thuong-mai-rong-gan-70000-m2-ong-lon-aeon-lan-dau-gop-mat-18825100314380926.chn,10/3/2025 14:37,10/3/2025,trung_tinh,,trung_tinh,duyen
1091,MWG,https://cafef.vn/tang-truong-dot-bien-sep-mwg-mo-bien-erablue-thanh-dien-may-xanh-tai-indonesia-188260319224227389.chn,3/20/2026 0:07,3/20/2026,trung_tinh,,trung_tinh,duyen
1092,HPG,https://cafef.vn/ty-phu-tran-dinh-long-dich-than-kiem-tra-doc-thuc-tien-do-cu-dam-thep-85000-ty-cua-hoa-phat-188240822143444639.chn,8/22/2024 14:32,8/22/2024,,trung_tinh,trung_tinh,an
1093,BCM,https://cafef.vn/moi-tinh-thanh-co-mot-becamex-nhu-ky-vong-cua-thu-tuong-nhung-cai-ten-sang-gia-tai-dong-nai-tpho-chi-minh-va-khanh-hoa-188240619071040197.chn,6/19/2024 7:10,6/19/2024,trung_tinh,,trung_tinh,duyen
1094,VPB,https://cafef.vn/vpbank-bao-loi-nhuan-truoc-thue-hop-nhat-quy-12024-tang-64-so-voi-cung-ky-188240424191125414.chn,4/24/2024 19:10,4/25/2024,tich_cuc,tich_cuc,tich_cuc,nhat_tri
1095,HPG,https://cafef.vn/tai-nan-tai-hoa-phat-dung-quat-su-co-ro-ri-gang-long-khong-nghiem-trong-chi-mat-12-tuan-khac-phuc-188250512130459798.chn,5/12/2025 13:04,5/12/2025,,trung_tinh,trung_tinh,an
1096,BID,https://cafef.vn/ngan-hang-viet-dau-tien-can-moc-25-trieu-ty-dong-tong-tai-san-188240731165341154.chn,7/31/2024 16:53,8/1/2024,trung_tinh,,trung_tinh,duyen
1097,VPB,https://cafef.vn/chua-co-ve-dem-nhac-the-wild-dreams-tour-da-co-vpbank-lo-188231030192620703.chn,10/30/2023 19:30,10/31/2023,trung_tinh,,trung_tinh,duyen
1098,POW,https://cafef.vn/nha-may-dien-khi-lng-dau-tien-cua-viet-nam-vdt-14-ty-usd-chinh-thuc-hoa-luoi-dien-quoc-gia-188250205150914489.chn,2/5/2025 15:10,2/6/2025,,trung_tinh,trung_tinh,an
1099,HDB,https://cafef.vn/hdbank-khoa-room-ngoai-con-175-san-sang-cho-cac-du-an-chien-luoc-188240611120807757.chn,6/11/2024 12:04,6/11/2024,trung_tinh,,trung_tinh,duyen
1100,MSN,https://cafef.vn/masan-bom-them-toi-da-510-ty-dong-cho-sherpa-de-mua-co-phan-cong-ty-pin-lithiumion-sac-xe-dien-trong-6-phut-188241205111110578.chn,12/5/2024 11:11,12/5/2024,,trung_tinh,trung_tinh,an
1101,CTG,https://cafef.vn/co-phieu-vietinbank-len-cao-nhat-lich-su-188241225153633639.chn,12/25/2024 15:35,12/26/2024,,trung_tinh,trung_tinh,an
1102,PLX,https://cafef.vn/cac-seu-dau-dan-pvn-petrolimex-vitas-sua-th-dang-dan-dat-nen-kinh-te-esg-viet-nam-188241102102248448.chn,11/2/2024 14:25,11/4/2024,,trung_tinh,trung_tinh,an
1103,MSN,https://cafef.vn/masan-consumer-chot-gia-phien-chao-san-hose-188251218111818485.chn,12/18/2025 11:51,12/18/2025,trung_tinh,,trung_tinh,duyen
1104,MSN,https://cafef.vn/sk-group-da-ban-76-trieu-co-phieu-cua-masan-khong-con-la-co-dong-lon-188241101085458564.chn,11/1/2024 8:54,11/1/2024,,trung_tinh,trung_tinh,an
1105,SAB,https://cafef.vn/tan-ceo-cua-sabeco-28-nam-kinh-nghiem-trong-nganh-bia-tung-lam-ceo-heineken-myanmar-1882310070718062.chn,10/7/2023 7:17,10/9/2023,,trung_tinh,trung_tinh,an
1106,VPB,https://cafef.vn/vpbank-don-dau-xu-huong-quan-ly-tai-san-may-do-rieng-cho-khach-hang-vip-188231103130046128.chn,11/3/2023 13:30,11/3/2023,,trung_tinh,trung_tinh,an
1107,FPT,https://cafef.vn/fpt-bao-loi-nhuan-sau-thue-11-thang-tang-truong-21-thang-thau-45-du-an-lon-voi-quy-mo-tren-5-trieu-usd-188241216211305061.chn,12/16/2024 21:13,12/17/2024,tich_cuc,,tich_cuc,duyen
1108,HPG,https://cafef.vn/hoa-phat-sap-mo-may-dung-quat-2-ty-phu-tran-dinh-long-chuan-bi-cho-bai-toan-lai-vay-188250314090847782.chn,3/14/2025 9:08,3/14/2025,trung_tinh,,trung_tinh,duyen
1109,MSN,https://cafef.vn/ga-khong-lo-han-quoc-sk-group-va-dong-thai-voi-khoan-dau-tu-15-ty-usd-vao-co-phieu-vingroup-va-masan-188250326234157749.chn,3/27/2025 0:09,3/27/2025,trung_tinh,trung_tinh,trung_tinh,nhat_tri
1110,HPG,https://cafef.vn/13200-co-dong-roi-tau-hoa-phat-sau-1-nam-ai-khong-du-kien-nhan-gong-lo-ai-huong-trai-ngot-nho-cuoc-phuc-hoi-ngoan-muc-cua-hpg-188240412085658231.chn,4/12/2024 8:53,4/12/2024,trung_tinh,,trung_tinh,duyen
1111,HPG,https://cafef.vn/ong-tran-dinh-long-khong-co-quoc-gia-nao-chap-nhan-tinh-trang-thep-nhap-khau-con-lon-hon-luong-san-xuat-trong-nuoc-188240411095044362.chn,4/11/2024 9:42,4/11/2024,tieu_cuc,,tieu_cuc,duyen
1112,FPT,https://cafef.vn/lo-dien-3-dai-gia-viet-nam-cung-qualcomm-google-samsung-lap-1-lien-minh-quyet-dinh-tuong-lai-the-gioi-188260303112330581.chn,3/3/2026 11:24,3/3/2026,trung_tinh,,trung_tinh,duyen
1113,VHM,https://cafef.vn/doanh-so-chua-ghi-nhan-den-het-quy-1-cua-vinhomes-dat-112000-ty-dong-sieu-du-an-vu-yen-co-gan-2000-booking-sau-1-thang-ra-mat-188240426160507995.chn,4/26/2024 16:09,4/29/2024,trung_tinh,tich_cuc,tich_cuc,bat_dong_uu_tien_an
1114,VHM,https://cafef.vn/vinhomes-trien-khai-them-kcn-hon-220ha-tai-noi-ty-phu-pham-nhat-vuong-rot-von-dau-tu-75-ty-usd-188250719123739902.chn,7/19/2025 13:07,7/21/2025,,trung_tinh,trung_tinh,an
1115,MWG,https://cafef.vn/ssi-research-du-bao-bach-hoa-xanh-co-the-lai-228-ty-trong-nam-2024-188240815092910297.chn,8/15/2024 9:28,8/15/2024,,trung_tinh,trung_tinh,an
1116,FPT,https://cafef.vn/kha-nang-sinh-loi-khong-thua-kem-lam-bat-dong-san-va-tai-chinh-kinh-doanh-truong-dai-hoc-dang-mang-ve-hang-nghin-ty-moi-nam-cho-rmit-van-lang-fpt-18824032809325202.chn,3/28/2024 9:44,3/28/2024,,trung_tinh,trung_tinh,an
1117,MSN,https://cafef.vn/con-gai-ty-phu-nguyen-dang-quang-gay-chu-y-188241025170027062.chn,10/25/2024 17:18,10/28/2024,trung_tinh,,trung_tinh,duyen
1118,MWG,https://cafef.vn/sau-loi-khang-dinh-co-hoi-mua-mwg-chi-den-het-quy-1-cua-chu-tich-the-gioi-di-dong-nguyen-duc-tai-gia-co-phieu-but-pha-len-dinh-5-thang-khoi-ngoai-voi-tro-lai-gom-hang-nhung-chinh-ong-chu-chi-mua-nho-giot-188240306002523766.chn,3/6/2024 0:32,3/6/2024,,trung_tinh,trung_tinh,an
1119,VNM,https://cafef.vn/gia-tri-thuong-hieu-vinamilk-thang-hang-dat-3-ty-usd-tiep-tuc-khang-dinh-vi-tri-dan-dau-nganh-thuc-pham-188230817155427096.chn,11/17/2023 15:54,11/20/2023,trung_tinh,,trung_tinh,duyen
1120,SHB,https://cafef.vn/nam-ban-le-trien-khai-chien-luoc-chuyen-doi-lai-truoc-thue-cua-shb-nam-2024-tang-25-dat-11543-ty-dong-vuot-xa-ke-hoach-18825012415014799.chn,1/24/2025 15:01,1/27/2025,trung_tinh,,trung_tinh,duyen
1121,MWG,https://cafef.vn/bat-ngo-von-dieu-le-cua-the-gioi-di-dong-188260105101007643.chn,1/5/2026 10:09,1/5/2026,trung_tinh,,trung_tinh,duyen
1122,VJC,https://cafef.vn/tin-vui-cho-vietnam-airlines-va-vietjet-chinh-phu-ban-hanh-nghi-dinh-mo-duong-nhap-khau-may-bay-tu-nga-trung-quoc-brazil-canada-va-anh-188250415093617567.chn,4/15/2025 9:36,4/15/2025,trung_tinh,tich_cuc,tich_cuc,bat_dong_uu_tien_an
1123,HPG,https://cafef.vn/fpts-ngoai-kien-chong-ban-pha-gia-ty-phu-tran-dinh-long-co-the-thang-gia-hrc-trung-quoc-nho-mot-yeu-to-188240620153539181.chn,6/21/2024 0:06,6/21/2024,,trung_tinh,trung_tinh,an
1124,MWG,https://cafef.vn/tong-giam-doc-mwg-tu-tin-hoan-thanh-ke-hoach-chia-co-tuc-tien-mat-va-mua-co-phieu-quy-188250522233223655.chn,5/23/2025 0:01,5/23/2025,trung_tinh,,trung_tinh,duyen
1125,FPT,https://cafef.vn/viettel-fpt-vnpt-deu-cong-bo-so-huu-trung-tam-du-lieu-lon-nhat-viet-nam-ai-noi-that-188250213065211489.chn,2/13/2025 6:52,2/13/2025,trung_tinh,,trung_tinh,duyen
1126,SSI,https://cafef.vn/cong-ty-chung-khoan-lon-nhat-viet-nam-dat-muc-tieu-loi-nhuan-cao-ky-luc-188250322092407909.chn,3/22/2025 9:23,3/24/2025,trung_tinh,,trung_tinh,duyen
1127,VIC,https://cafef.vn/vingroup-lai-sau-thue-11146-ty-dong-nam-2025-tong-tai-san-vuot-12-trieu-ty-188260130140523853.chn,1/30/2026 14:05,1/30/2026,tich_cuc,,tich_cuc,duyen
1128,VIC,https://cafef.vn/ty-phu-pham-nhat-vuong-lam-gi-trong-thoi-gian-co-phieu-vingroup-tang-140-188250601223450466.chn,6/2/2025 0:01,6/2/2025,trung_tinh,trung_tinh,trung_tinh,nhat_tri
1129,MWG,https://cafef.vn/quy-dau-tu-cua-ty-phu-bill-gates-bat-ngo-hien-dien-tai-the-gioi-di-dong-188260213150218419.chn,2/13/2026 15:03,2/16/2026,trung_tinh,,trung_tinh,duyen
1130,FPT,https://cafef.vn/fpt-mua-cong-ty-cong-nghe-20-tuoi-tai-my-ky-vong-tang-gap-doi-doanh-thu-dvkt-san-pham-trong-2-nam-toi-188231106112640866.chn,11/6/2023 11:26,11/6/2023,trung_tinh,,trung_tinh,duyen
1131,VIC,https://cafef.vn/cong-ty-bat-dong-san-nam-giu-so-co-phieu-vingroup-tri-gia-44000-ty-dong-bat-ngo-co-dien-bien-moi-188251008001053568.chn,10/8/2025 0:10,10/8/2025,trung_tinh,,trung_tinh,duyen
1132,MWG,https://cafef.vn/tong-giam-doc-bach-hoa-xanh-da-ban-ra-gan-95000-co-phieu-the-gioi-di-dong-188250620103034995.chn,6/20/2025 10:31,6/20/2025,trung_tinh,,trung_tinh,duyen
1133,VIC,https://cafef.vn/con-trai-thu-2-cua-ty-phu-pham-nhat-vuong-don-tiep-tong-thong-bulgaria-tham-nha-may-vinfast-188241201114159682.chn,12/1/2024 11:42,12/2/2024,trung_tinh,,trung_tinh,duyen
1134,VCB,https://cafef.vn/ctck-chi-ra-15-co-phieu-co-the-hut-tien-manh-khi-nang-hang-tam-diem-nhom-vingroup-188250713231056485.chn,7/14/2025 0:08,7/14/2025,,trung_tinh,trung_tinh,an
1135,SAB,https://cafef.vn/vung-day-sau-cu-dam-thoi-nong-do-con-doanh-thu-cua-ga-khong-lo-nganh-bia-sabeco-tang-nghin-ty-loi-nhuan-cham-dut-chuoi-5-quy-di-lui-188240425100340435.chn,4/25/2024 10:03,4/25/2024,trung_tinh,,trung_tinh,duyen
1136,PLX,https://cafef.vn/ong-trum-xang-dau-petrolimex-don-cung-luc-thien-thoi-lan-dia-loi-se-dai-thang-nam-2024-18824031116273506.chn,3/11/2024 16:27,3/12/2024,trung_tinh,,trung_tinh,duyen
1137,VHM,https://cafef.vn/vinhomes-vhm-huy-dong-thanh-cong-2000-ty-trai-phieu-18824041710001816.chn,4/17/2024 10:19,4/17/2024,trung_tinh,,trung_tinh,duyen
1138,VHM,https://cafef.vn/vinhomes-co-nguoi-moi-quan-ly-dong-tien-hang-chuc-nghin-ty-moi-nam-188250623135145469.chn,6/23/2025 13:52,6/23/2025,trung_tinh,,trung_tinh,duyen
1139,VPB,https://cafef.vn/nim-cua-vpbank-bao-toan-trong-boi-canh-thi-truong-bien-dong-188250219164315715.chn,2/19/2025 17:30,2/20/2025,,trung_tinh,trung_tinh,an
1140,FPT,https://cafef.vn/fpt-thanh-lap-cong-ty-ve-phan-mem-o-to-tai-my-huong-den-muc-tieu-ty-usd-188231214093512749.chn,12/14/2023 9:28,12/14/2023,,trung_tinh,trung_tinh,an
1141,SSI,https://cafef.vn/soi-dinh-gia-co-phieu-cac-cong-ty-chung-khoan-sau-khi-thi-truong-vuot-1500-diem-bat-ngo-voi-vix-vnd-shs-188250722223248585.chn,7/23/2025 0:09,7/23/2025,,trung_tinh,trung_tinh,an
1142,HPG,https://cafef.vn/hoa-phat-da-cu-nguoi-nghien-cuu-cong-nghe-lam-du-an-duong-sat-cao-toc-bac-nam-khang-dinh-san-xuat-duoc-loai-thep-kho-hon-ca-duong-ray-18824112206440975.chn,11/22/2024 6:44,11/22/2024,trung_tinh,trung_tinh,trung_tinh,nhat_tri
1143,VNM,https://cafef.vn/gan-nua-the-ky-kien-dinh-mot-su-menh-cham-soc-thuong-hieu-quoc-gia-vinamilk-vung-vang-vuon-minh-cung-viet-nam-18825011123051643.chn,1/12/2025 0:04,1/13/2025,,trung_tinh,trung_tinh,an
1144,HPG,https://cafef.vn/cong-ty-lien-quan-den-sep-hoa-phat-khong-ban-het-so-co-phieu-hpg-dang-ky-188231205141410908.chn,12/5/2023 14:12,12/5/2023,trung_tinh,tieu_cuc,tieu_cuc,bat_dong_uu_tien_an
1145,MWG,https://cafef.vn/giai-ma-ho-so-ipo-dien-may-xanh-tai-dinh-vi-chien-luoc-va-chu-ky-tang-truong-moi-188260312230959533.chn,3/13/2026 0:03,3/13/2026,trung_tinh,,trung_tinh,duyen
1146,MWG,https://cafef.vn/suc-mua-suy-giam-cac-dai-gia-tren-san-chung-khoan-that-thu-tu-ban-sua-bia-yen-sao-den-dien-thoai-trang-suc-o-to-188231105233921247.chn,11/6/2023 0:05,11/6/2023,trung_tinh,,trung_tinh,duyen
1147,FPT,https://cafef.vn/fpt-cmg-bao-lai-ky-luc-co-phieu-cong-nghe-van-lac-nhip-188250505221854425.chn,5/6/2025 0:06,5/6/2025,trung_tinh,,trung_tinh,duyen
1148,MWG,https://cafef.vn/bach-hoa-xanh-bhx-dat-diem-hoa-von-trong-thang-122023-sau-nhieu-nam-cho-doi-188240130144932842.chn,1/30/2024 14:45,1/30/2024,,tich_cuc,tich_cuc,an
1149,VIC,https://cafef.vn/vingroup-tang-gap-doi-von-dieu-le-len-77000-ty-gia-co-phieu-chia-ve-mat-bang-100000-dong-dieu-gi-se-xay-ra-188251106231530717.chn,11/7/2025 0:01,11/7/2025,,trung_tinh,trung_tinh,an
1150,HDB,https://cafef.vn/chu-tich-hdbank-kim-byoungho-minh-bach-la-nen-tang-niem-tin-la-tai-san-lon-nhat-188250425132554504.chn,4/25/2025 13:25,4/25/2025,trung_tinh,,trung_tinh,duyen
1151,FPT,https://cafef.vn/fpt-muon-dau-tu-gan-10000-ty-dong-xay-khu-do-thi-cong-nghe-co-trung-tam-ai-81600m2-va-to-hop-giao-duc-tai-nha-trang-188250219190354786.chn,2/19/2025 19:04,2/20/2025,,trung_tinh,trung_tinh,an
1152,VPB,https://cafef.vn/vpbank-thong-bao-chot-ngay-dang-ky-cuoi-cung-chia-co-tuc-10-bang-tien-188231016115958599.chn,10/16/2023 11:59,10/16/2023,,tich_cuc,tich_cuc,an
1153,MWG,https://cafef.vn/the-tran-cuoc-chien-chuoi-nha-thuoc-viet-pharmacity-lien-tuc-thay-ghe-nong-long-chau-tam-ap-dao-voi-gan-1400-cua-hang-trung-son-pharma-tham-vong-moi-188231130070445668.chn,11/30/2023 7:04,11/30/2023,,trung_tinh,trung_tinh,an
1154,VIC,https://cafef.vn/nong-vingroup-muon-phat-hanh-hon-385-ty-co-phieu-vuot-hoa-phat-tro-thanh-dn-phi-tai-chinh-co-von-dieu-le-lon-nhat-san-chung-khoan-188251106092730164.chn,11/6/2025 9:27,11/6/2025,,trung_tinh,trung_tinh,an
1155,HPG,https://cafef.vn/chung-khoan-viet-nam-sang-cua-duoc-nang-hang-co-phieu-du-suc-don-dong-tien-lon-tuong-nhieu-ma-it-188250305231528303.chn,3/6/2025 0:08,3/6/2025,trung_tinh,trung_tinh,trung_tinh,nhat_tri
1156,MWG,https://cafef.vn/the-gioi-di-dong-lan-dau-he-lo-so-lo-cua-chuoi-era-blue-sau-tham-vong-thang-lon-tai-indonesia-18824043000005541.chn,5/1/2024 0:03,5/1/2024,,trung_tinh,trung_tinh,an
1157,VIC,https://cafef.vn/vingroup-khoi-kien-68-to-chuc-ca-nhan-dua-thong-tin-sai-su-that-ve-tap-doan-188250909073340468.chn,9/9/2025 7:33,9/9/2025,trung_tinh,trung_tinh,trung_tinh,nhat_tri
1158,VNM,https://cafef.vn/vinamilk-phan-hoi-chinh-thuc-ve-viec-kol-hoa-trang-halloween-thanh-ong-tho-yeu-cau-ngung-su-dung-188251031093404678.chn,10/31/2025 9:37,10/31/2025,trung_tinh,,trung_tinh,duyen
1159,VNM,https://cafef.vn/vinamilk-minh-bach-188260102233314011.chn,1/2/2026 23:33,1/5/2026,trung_tinh,,trung_tinh,duyen
1160,VIC,https://cafef.vn/chart-lich-su-2017-dang-lap-lai-voi-vingroup-co-phieu-tang-du-doi-von-hoa-vuot-xa-moc-400000-ty-dong-188250712134605536.chn,7/12/2025 13:45,7/14/2025,trung_tinh,,trung_tinh,duyen
1161,POW,https://cafef.vn/doanh-nghiep-nha-nuoc-bat-tay-vingroup-phat-trien-he-thong-tram-sac-xe-dien-thu-hon-23000-ty-tu-ban-dien-sau-8-thang-188250918154453836.chn,9/18/2025 15:45,9/19/2025,,trung_tinh,trung_tinh,an
1162,FPT,https://cafef.vn/mo-app-thay-tai-khoan-bay-ca-cai-nha-xe-o-to-trong-chieu-154-dung-buon-vi-nhieu-nguoi-mat-ca-nghin-ty-van-binh-than-188240415153758144.chn,4/15/2024 15:44,4/16/2024,tieu_cuc,,tieu_cuc,duyen
1163,ACB,https://cafef.vn/acb-va-misa-bat-tay-nhau-cung-ho-tro-doanh-nghiep-ho-kinh-doanh-chuyen-doi-so-188240619221617253.chn,6/20/2024 7:32,6/20/2024,,trung_tinh,trung_tinh,an
1164,VHM,https://cafef.vn/dien-bien-moi-nhat-tai-sieu-du-an-khu-do-thi-35-ty-usd-cua-vinhomes-o-khanh-hoa-188240226143101793.chn,2/26/2024 14:31,2/26/2024,trung_tinh,,trung_tinh,duyen
1165,MWG,https://cafef.vn/khong-phai-ngan-hang-nhung-co-hon-3000-atm-mot-dai-gia-viet-mo-ve-luong-tien-10-ty-usd-luu-thong-188260322223207624.chn,3/23/2026 0:01,3/23/2026,trung_tinh,,trung_tinh,duyen
1166,HPG,https://cafef.vn/gan-300000-co-dong-so-huu-co-phieu-cua-hoa-phat-tang-50-so-nam-truoc-vo-dich-san-chung-khoan-viet-188260326101359804.chn,3/26/2026 10:14,3/26/2026,trung_tinh,trung_tinh,trung_tinh,nhat_tri
1167,VIC,https://cafef.vn/vingroup-muon-tu-bo-kinh-phi-nghien-cuu-khao-sat-dau-tu-tuyen-metro-noi-trung-tam-tphcm-voi-can-gio-188250119193650092.chn,1/19/2025 19:42,1/20/2025,,trung_tinh,trung_tinh,an
1168,VIC,https://cafef.vn/vingroup-chot-quyen-tham-du-dhdcd-thuong-nien-2026-18826022813483642.chn,2/28/2026 14:47,3/2/2026,trung_tinh,,trung_tinh,duyen
1169,FPT,https://cafef.vn/co-phieu-fpt-giao-dich-bung-no-vuot-dinh-lich-su-sau-tin-bat-tay-nvidia-mo-nha-may-ai-188240424103404216.chn,4/24/2024 10:34,4/24/2024,,trung_tinh,trung_tinh,an
1170,GVR,https://cafef.vn/sieu-uy-ban-quan-ly-von-nha-nuoc-sap-ket-thuc-hoat-dong-nam-giu-7-co-phieu-co-tri-gia-515000-ty-dong-cung-scic-nam-giu-10-von-hoa-ttck-viet-nam-188241207093026437.chn,12/7/2024 9:29,12/9/2024,trung_tinh,trung_tinh,trung_tinh,nhat_tri
1171,FPT,https://cafef.vn/pyn-elite-fund-canh-bao-ve-bong-bong-dotcom-sau-khi-chot-loi-fpt-cmg-188250324233936829.chn,3/25/2025 0:10,3/25/2025,tieu_cuc,,tieu_cuc,duyen
1172,SAB,https://cafef.vn/sau-mot-nam-lieu-xieu-vi-cu-dam-nong-do-con-sabeco-lac-quan-2024-mang-den-cac-co-hoi-vang-cho-nganh-bia-viet-nam-188240422165454491.chn,4/22/2024 16:55,4/23/2024,trung_tinh,,trung_tinh,duyen
1173,BCM,https://cafef.vn/becamex-idc-nhan-ve-hon-1000-hecta-dat-o-binh-duong-khoi-cong-2-khu-cong-nghiep-trong-thang-nay-188250516113931042.chn,5/16/2025 11:38,5/16/2025,,trung_tinh,trung_tinh,an
1174,VRE,https://cafef.vn/vincom-retail-thay-tong-giam-doc-188240422212533079.chn,4/22/2024 21:28,4/23/2024,,trung_tinh,trung_tinh,an
1175,VNM,https://cafef.vn/dai-dien-vinamilk-sua-viet-nam-san-sang-tham-gia-chuoi-ban-le-toan-cau-188240608112347145.chn,6/8/2024 11:06,6/10/2024,,trung_tinh,trung_tinh,an
1176,POW,https://cafef.vn/dhdcd-pv-power-nhon-trach-34-co-lai-tu-nam-2027-mang-tram-sac-du-kien-dong-gop-doanh-thu-khong-nho-188250422135829951.chn,4/22/2025 14:30,4/22/2025,trung_tinh,,trung_tinh,duyen
1177,BCM,https://cafef.vn/becamex-idc-gop-von-thanh-lap-cong-ty-lam-du-an-duong-cao-toc-tphcmthu-dau-motchon-thanh-188250330131118889.chn,3/30/2025 13:11,3/31/2025,trung_tinh,trung_tinh,trung_tinh,nhat_tri
1178,VHM,https://cafef.vn/at-chu-bai-mang-bat-dong-san-cua-ty-phu-pham-nhat-vuong-lap-ky-luc-moi-von-hoa-lan-dau-vuot-400000-ty-188250820152410193.chn,8/20/2025 15:23,8/21/2025,tich_cuc,tich_cuc,tich_cuc,nhat_tri
1179,HPG,https://cafef.vn/ty-phu-tran-dinh-long-muon-khai-thac-mo-sat-lon-nhat-dong-nam-a-da-ngu-yen-hai-thap-ky-xay-nha-may-san-xuat-ray-tau-hon-10000-ty-dong-188250210140227332.chn,2/10/2025 14:04,2/10/2025,trung_tinh,,trung_tinh,duyen
1180,PLX,https://cafef.vn/khoi-to-ong-dao-nam-hai-188250707190155619.chn,7/7/2025 19:36,7/8/2025,tieu_cuc,,tieu_cuc,duyen
1181,FPT,https://cafef.vn/fpt-chi-1700-ty-dong-tam-ung-co-tuc-vao-thang-12-188251115142317955.chn,11/15/2025 15:23,11/17/2025,trung_tinh,,trung_tinh,duyen
1182,HPG,https://cafef.vn/ty-phu-tran-dinh-long-lai-bi-de-doa-1882507210956142.chn,7/21/2025 9:56,7/21/2025,trung_tinh,trung_tinh,trung_tinh,nhat_tri
1183,TCB,https://cafef.vn/techcombank-mo-rong-he-sinh-thai-sau-thanh-cong-voi-masan-va-vingroup-188250323235649887.chn,3/24/2025 0:01,3/24/2025,,trung_tinh,trung_tinh,an
1184,MWG,https://cafef.vn/co-phieu-the-gioi-di-dong-co-gi-ma-khoi-ngoai-o-at-mua-vao-13-phien-lien-tiep-188240515104546759.chn,5/15/2024 10:45,5/15/2024,trung_tinh,,trung_tinh,duyen
1185,MSN,https://cafef.vn/bao-han-tin-don-rut-tien-som-la-vo-can-cu-sk-ban-ve-quan-he-hop-tac-lau-dai-voi-viet-nam-188231031204920298.chn,10/31/2023 20:39,11/1/2023,trung_tinh,,trung_tinh,duyen
1186,ACB,https://cafef.vn/chu-tich-acb-tran-hung-huy-kqkd-cua-acb-quy-i2024-dat-khoang-4900-ty-dong-tin-dung-tang-truong-cao-hon-gap-doi-toan-nganh-188240404111237465.chn,4/4/2024 11:36,4/4/2024,,tich_cuc,tich_cuc,an
1187,TCB,https://cafef.vn/techcombank-mien-nhiem-pho-tong-giam-doc-phan-thanh-son-188250626224319638.chn,6/26/2025 22:43,6/27/2025,,trung_tinh,trung_tinh,an
1188,HPG,https://cafef.vn/hang-van-co-dong-hoa-phat-sap-hop-dhcd-thuong-nien-tai-khach-san-5-sao-thi-gia-hpg-bang-bang-ve-dinh-21-thang-188240219181046092.chn,2/20/2024 0:18,2/20/2024,trung_tinh,trung_tinh,trung_tinh,nhat_tri
1189,MSN,https://cafef.vn/masan-va-hanh-trinh-kien-tao-gia-tri-khi-chien-luoc-von-va-ma-tro-thanh-don-bay-tang-truong-188250702161432758.chn,7/3/2025 7:16,7/3/2025,,trung_tinh,trung_tinh,an
1190,VJC,https://cafef.vn/vietjet-dat-ke-hoach-van-chuyen-27-trieu-luot-khach-nam-2024-chia-co-tuc-25-188240426162713518.chn,4/26/2024 16:23,4/29/2024,,trung_tinh,trung_tinh,an
1191,VRE,https://cafef.vn/dua-3-trung-tam-thuong-mai-vao-hoat-dong-trong-vong-1-thang-vre-lai-tang-tran-dua-von-hoa-cua-vincom-retail-tiem-can-50000-ty-188240701154226975.chn,7/1/2024 15:42,7/2/2024,trung_tinh,,trung_tinh,duyen
1192,HPG,https://cafef.vn/mbs-thi-phan-cua-hrc-noi-dia-co-the-tang-len-60-tu-muc-32-cua-nam-2024-sau-quyet-dinh-ap-thue-chong-ban-pha-gia-tam-thoi-188250225231046219.chn,2/26/2025 0:10,2/26/2025,,tich_cuc,tich_cuc,an
1193,POW,https://cafef.vn/doanh-thu-ban-dien-cua-pv-power-tang-nong-ngay-dau-mua-nang-nong-188240516102526607.chn,5/16/2024 10:15,5/16/2024,,tich_cuc,tich_cuc,an
1194,MBB,https://cafef.vn/vi-sao-loi-nhuan-quy-12024-cua-mb-sut-giam-so-voi-cung-ky-188240422142108997.chn,4/22/2024 14:21,4/22/2024,,tieu_cuc,tieu_cuc,an
1195,BCM,https://cafef.vn/co-phieu-bay-cao-sau-tin-nha-nuoc-thoai-von-ong-trum-khu-cong-nghiep-binh-duong-co-gi-188240530101036343.chn,5/30/2024 9:49,5/30/2024,trung_tinh,,trung_tinh,duyen
1196,TCB,https://cafef.vn/techcombank-hop-tac-cung-starbucks-vietnam-dem-tet-am-tu-tim-toi-khach-hang-188240208121315157.chn,2/8/2024 13:30,2/8/2024,,trung_tinh,trung_tinh,an
1197,HDB,https://cafef.vn/tap-doan-sovico-giam-so-huu-tai-hdbank-188251128184037567.chn,11/28/2025 18:40,12/1/2025,trung_tinh,trung_tinh,trung_tinh,nhat_tri
1198,VJC,https://cafef.vn/vietjet-va-av-airfinance-ky-ket-hop-tac-300-trieu-usd-phat-trien-doi-bay-tong-kim-ngach-voi-hoa-ky-len-toi-64-ti-usd-188250410100102154.chn,4/10/2025 10:01,4/10/2025,,trung_tinh,trung_tinh,an
1199,MWG,https://cafef.vn/sau-gan-7-nam-thau-tom-the-gioi-di-dong-quyet-dinh-khai-tu-hoan-toan-cong-ty-tung-so-huu-chuoi-dien-may-tran-anh-18824081922372245.chn,8/20/2024 0:05,8/20/2024,trung_tinh,tieu_cuc,tieu_cuc,bat_dong_uu_tien_an
1200,PLX,https://cafef.vn/doanh-nghiep-co-doanh-thu-gan-gap-doi-hoa-phat-the-gioi-di-dong-vietnam-airlines-kiem-hon-750-ty-moi-ngay-loi-nhuan-bat-ngo-giam-manh-188250501225123565.chn,5/2/2025 0:01,5/2/2025,trung_tinh,,trung_tinh,duyen
1201,HPG,https://cafef.vn/ong-tran-dinh-long-mong-co-dong-thong-cam-ve-viec-hoa-phat-khong-chia-co-tuc-tien-mat-188250417100703536.chn,4/17/2025 10:06,4/17/2025,,trung_tinh,trung_tinh,an
1202,MWG,https://cafef.vn/an-khang-dong-cua-toan-bo-diem-ban-ha-noi-giac-mo-mo-2000-nha-thuoc-cua-the-gioi-di-dong-dang-o-dau-188250519150804836.chn,5/19/2025 15:07,5/20/2025,,tieu_cuc,tieu_cuc,an
1203,VRE,https://cafef.vn/vpbanks-noi-gi-ve-ty-le-lap-day-cua-cac-trung-tam-thuong-mai-vincom-retail-18824061601495491.chn,6/17/2024 8:02,6/17/2024,,trung_tinh,trung_tinh,an
1204,SAB,https://cafef.vn/co-phieu-hiem-hoi-tang-gia-giua-luc-vnindex-roi-hon-70-diem-doanh-nghiep-muon-chi-them-hang-nghin-ty-tien-co-tuc-cho-co-dong-188250408111520659.chn,4/8/2025 11:15,4/8/2025,trung_tinh,,trung_tinh,duyen
1205,HPG,https://cafef.vn/chu-tich-hoa-phat-tran-dinh-long-mong-cac-du-an-dau-tu-cua-nha-nuoc-se-dac-biet-uu-tien-su-dung-hang-noi-dia-188251009165505882.chn,10/9/2025 16:54,10/10/2025,trung_tinh,,trung_tinh,duyen
1206,ACB,https://cafef.vn/cong-bo-top-20-ngan-hang-nop-ngan-sach-lon-nhat-thuoc-danh-sach-vntax-200-gom-ca-khoi-nha-nuoc-tu-nhan-nuoc-ngoai-188240830102146924.chn,8/30/2024 10:28,8/30/2024,trung_tinh,,trung_tinh,duyen
1207,HPG,https://cafef.vn/ty-phu-tran-dinh-long-chot-ngay-hop-dai-hoi-quoc-dan-quy-tu-hang-tram-nghin-co-dong-tuong-duong-dan-so-mot-quan-tai-ha-noi-188250218145905221.chn,2/18/2025 15:00,2/19/2025,trung_tinh,,trung_tinh,duyen
1208,HPG,https://cafef.vn/can-canh-khu-dat-hoa-phat-du-kien-lam-du-an-120000-ty-o-phu-yen-18825030607241131.chn,3/6/2025 8:23,3/6/2025,trung_tinh,,trung_tinh,duyen
1209,SHB,https://cafef.vn/dhcd-shb-muc-tieu-loi-nhuan-11286-ty-dong-trong-nam-2024-chia-co-tuc-ty-le-16-nam-nay-va-18-trong-nam-sau-co-dong-dac-biet-quan-tam-toi-gia-co-phieu-va-tinh-kha-thi-cua-ke-hoach-kinh-doanh-188240425142806335.chn,4/25/2024 15:03,4/26/2024,trung_tinh,,trung_tinh,duyen
1210,HPG,https://cafef.vn/hoa-phat-cam-ket-tang-truong-15-moi-nam-tu-nay-den-nam-2030-huong-ung-muc-tieu-tang-truong-hai-con-so-cua-chinh-phu-188250210072956876.chn,2/10/2025 7:29,2/10/2025,trung_tinh,trung_tinh,trung_tinh,nhat_tri
1211,FPT,https://cafef.vn/fpt-hoan-thanh-tang-von-dieu-le-len-hon-17-nghin-ty-dong-co-dong-nuoc-ngoai-nam-41-188250918112232235.chn,9/18/2025 11:22,9/18/2025,trung_tinh,tich_cuc,tich_cuc,bat_dong_uu_tien_an
1212,HPG,https://cafef.vn/ty-phu-tran-dinh-long-lan-dau-tien-tung-tu-lanh-vao-thi-truong-my-buoc-tien-moi-trong-muc-tieu-doanh-thu-1-ty-usd-188241017145822297.chn,10/17/2024 14:58,10/17/2024,,trung_tinh,trung_tinh,an
1213,FPT,https://cafef.vn/lanh-dao-fpt-chung-toi-khong-co-y-dinh-tac-dong-den-gia-co-phieu-chi-tap-trung-tang-truong-loi-nhuan-188250415221135386.chn,4/16/2025 0:01,4/16/2025,trung_tinh,,trung_tinh,duyen
1214,MSN,https://cafef.vn/co-phieu-ban-le-noi-song-truoc-chien-dich-truy-quet-hang-gia-va-siet-chat-quan-ly-thue-18825061011393845.chn,6/10/2025 11:39,6/10/2025,trung_tinh,trung_tinh,trung_tinh,nhat_tri
1215,HDB,https://cafef.vn/ty-phu-nguyen-thi-phuong-thao-hdbank-muon-duoc-khach-hang-lua-chon-vi-chat-luong-vi-nhan-van-va-su-tu-te-188250425074220335.chn,4/25/2025 7:42,4/25/2025,tich_cuc,trung_tinh,trung_tinh,bat_dong_uu_tien_an
1216,VIC,https://cafef.vn/vingroup-dat-duoc-cot-moc-chua-tung-co-trong-gan-5-nam-188250917145841809.chn,9/17/2025 15:57,9/18/2025,tich_cuc,,tich_cuc,duyen
1217,HPG,https://cafef.vn/hoa-phat-hpg-bao-lai-quy-22025-dat-4300-ty-dong-cao-nhat-3-nam-nang-san-luong-hrc-len-9-trieu-tan-188250716122909602.chn,7/16/2025 12:28,7/16/2025,tich_cuc,,tich_cuc,duyen
1218,SHB,https://cafef.vn/sau-ros-flc-nvl-dig-hpx-chung-khoan-viet-nam-vua-xuat-hien-them-mot-co-phieu-khop-lenh-tren-100-trieu-don-viphien-188240131155316361.chn,1/31/2024 15:55,2/1/2024,,trung_tinh,trung_tinh,an
1219,VIC,https://cafef.vn/tong-thong-sri-lanka-moi-vingroup-dau-tu-vao-bat-dong-san-du-lich-188250506081959716.chn,5/6/2025 8:19,5/6/2025,,trung_tinh,trung_tinh,an
1220,FPT,https://cafef.vn/fpt-bao-lai-rong-quy-2-tang-truong-24-doanh-thu-vuot-muc-1-ty-usd-sau-6-thang-188240718123741255.chn,7/18/2024 12:40,7/18/2024,tich_cuc,,tich_cuc,duyen
1221,VNM,https://cafef.vn/o-at-tung-san-pham-moi-vinamilk-don-luong-khach-ky-luc-du-kien-tang-so-cua-hang-tu-600-len-800-ngay-trong-nam-nay-188250807075006088.chn,8/7/2025 7:49,8/7/2025,,trung_tinh,trung_tinh,an
1222,SHB,https://cafef.vn/shb-top-10-doanh-nghiep-co-bao-cao-thuong-nien-tot-nhat-nganh-tai-chinh-188241122093841844.chn,11/22/2024 10:00,11/22/2024,trung_tinh,,trung_tinh,duyen
1223,VIC,https://cafef.vn/vingroup-cua-ty-phu-pham-nhat-vuong-bo-sung-them-8-nganh-nghe-kinh-doanh-tong-cong-66-nganh-188250904133920456.chn,9/4/2025 13:39,9/4/2025,,trung_tinh,trung_tinh,an
1224,TCB,https://cafef.vn/quan-ly-tai-chinh-ca-nhan-lam-gi-de-tien-khong-ngu-188240531083159831.chn,5/31/2024 9:00,5/31/2024,trung_tinh,,trung_tinh,duyen
1225,VHM,https://cafef.vn/toan-canh-sieu-du-an-bat-dong-san-tren-dao-nam-giua-2-cao-toc-sap-co-4-cay-cau-dang-gay-sot-vi-duoc-vinhomes-dau-tu-188240522162037096.chn,5/23/2024 6:44,5/23/2024,,trung_tinh,trung_tinh,an
1226,FPT,https://cafef.vn/fpt-khong-phai-nha-tai-tro-cho-chelsea-mua-toi-188250321000055615.chn,3/21/2025 0:01,3/21/2025,,trung_tinh,trung_tinh,an
1227,MSN,https://cafef.vn/masan-va-cong-ty-con-muon-vay-300-trieu-usd-188250714125322452.chn,7/14/2025 14:00,7/14/2025,,trung_tinh,trung_tinh,an
1228,TCB,https://cafef.vn/techcombank-chuan-bi-tra-co-tuc-bang-tien-mat-188250915165648313.chn,9/15/2025 16:56,9/16/2025,trung_tinh,,trung_tinh,duyen
1229,VIC,https://cafef.vn/tai-san-cua-ty-phu-pham-nhat-vuong-lan-dau-cham-nguong-17-ty-usd-188250930115333346.chn,9/30/2025 11:53,9/30/2025,trung_tinh,,trung_tinh,duyen
1230,VJC,https://cafef.vn/vietnam-airlines-vietjet-bamboo-phan-chia-dia-ban-the-nao-sau-khi-co-nha-ga-t3-tan-son-nhat-188250418090724936.chn,4/18/2025 9:35,4/18/2025,trung_tinh,trung_tinh,trung_tinh,nhat_tri
1231,VNM,https://cafef.vn/vinamilk-thi-truong-nuoc-ngoai-tiep-tuc-dan-dat-tang-truong-doanh-thu-3-thang-dau-nam-188240426191830394.chn,4/26/2024 19:02,4/29/2024,trung_tinh,,trung_tinh,duyen
1232,VIC,https://cafef.vn/tap-doan-cua-ty-phu-pham-nhat-vuong-dat-cot-moc-chua-tung-co-trong-gan-3-nam-188250508221053769.chn,5/9/2025 0:01,5/9/2025,,trung_tinh,trung_tinh,an
1233,VIC,https://cafef.vn/vingroup-nhom-co-dong-dac-biet-xuat-hien-nam-58-von-188251119102100622.chn,11/19/2025 10:22,11/19/2025,trung_tinh,,trung_tinh,duyen
1234,SHB,https://cafef.vn/hon-6-co-phan-mot-ngan-hang-vua-doi-chu-188250707155317887.chn,7/7/2025 15:52,7/8/2025,,trung_tinh,trung_tinh,an
1235,FPT,https://cafef.vn/giao-su-xoay-dinh-tien-dung-duoc-bo-nhiem-vi-tri-truong-ban-tinh-than-va-van-hoa-fpt-18826033021232535.chn,3/30/2026 21:23,3/31/2026,trung_tinh,,trung_tinh,duyen
1236,FPT,https://cafef.vn/fpt-bat-tay-hai-cong-ty-tu-van-indonesia-phat-trien-nen-tang-so-quoc-gia-188251103101603446.chn,11/3/2025 10:19,11/3/2025,trung_tinh,,trung_tinh,duyen
1237,BCM,https://cafef.vn/becamex-idc-huy-dong-them-2000-ty-dong-trai-phieu-lai-suat-105nam-188250906095242191.chn,9/6/2025 10:31,9/8/2025,trung_tinh,trung_tinh,trung_tinh,nhat_tri
1238,TPB,https://cafef.vn/no-xau-tpbank-giam-manh-hon-1000-ty-dong-trong-quy-42023-188240119173651139.chn,1/20/2024 7:07,1/22/2024,trung_tinh,,trung_tinh,duyen
1239,VHM,https://cafef.vn/lo-thoi-diem-vinhomes-mo-ban-du-an-nha-o-xa-hoi-dau-tien-18823120710572662.chn,12/7/2023 10:55,12/7/2023,,trung_tinh,trung_tinh,an
1240,VHM,https://cafef.vn/vinpearl-chay-hang-ngay-chao-san-von-hoa-vuot-150000-ty-188250513094921344.chn,5/13/2025 9:49,5/13/2025,,trung_tinh,trung_tinh,an
1241,FPT,https://cafef.vn/phat-trien-he-sinh-thai-sap-toan-dien-fpt-huong-toi-muc-tieu-3000-chuyen-gia-trong-mang-nay-vao-2027-18825021720330982.chn,2/17/2025 20:32,2/18/2025,trung_tinh,,trung_tinh,duyen
1242,SSB,https://cafef.vn/seabank-dat-loi-nhuan-5856-ty-dong-trong-6-thang-dau-nam-2025-tang-truong-hon-80-188250730162332532.chn,7/30/2025 16:23,7/31/2025,tich_cuc,tich_cuc,tich_cuc,nhat_tri
1243,SSI,https://cafef.vn/chu-tich-nguyen-duy-hung-cung-cong-ty-lien-quan-sap-nhan-gan-200-ty-dong-co-tuc-tu-ssi-188250912104658865.chn,9/12/2025 11:04,9/12/2025,,tich_cuc,tich_cuc,an
1244,SSI,https://cafef.vn/thi-phan-moi-gioi-hose-quy-12025-ssi-len-cao-nhat-6-quy-18825040317314815.chn,4/3/2025 17:31,4/4/2025,trung_tinh,,trung_tinh,duyen
1245,SSI,https://cafef.vn/co-phieu-ssi-vuot-dinh-von-hoa-lap-ky-luc-nha-dau-tu-ky-vong-ve-tai-san-so-188250826160240883.chn,8/26/2025 16:02,8/27/2025,,trung_tinh,trung_tinh,an
1246,VRE,https://cafef.vn/vincom-retail-bao-lai-sau-thue-nam-2025-gan-6500-ty-dong-tang-truong-57-so-voi-cung-ky-18826012614003824.chn,1/26/2026 14:00,1/26/2026,tich_cuc,tich_cuc,tich_cuc,nhat_tri
1247,SHB,https://cafef.vn/shb-chuan-bi-tra-co-tuc-tien-mat-188240701213748876.chn,7/1/2024 21:20,7/2/2024,trung_tinh,tich_cuc,tich_cuc,bat_dong_uu_tien_an
1248,MWG,https://cafef.vn/dragon-capital-ban-hon-4-trieu-co-phieu-mwg-chu-tich-hdqt-nguyen-duc-tai-bat-ngo-dang-ky-mua-vao-1-trieu-co-phieu-188231103230908273.chn,11/4/2023 0:06,11/6/2023,,trung_tinh,trung_tinh,an
1249,HPG,https://cafef.vn/chu-tich-hoa-phat-de-xuat-dau-thau-minh-bach-va-uu-tien-dung-hang-viet-cho-nhung-du-an-lon-188251009201331941.chn,10/9/2025 20:13,10/10/2025,trung_tinh,,trung_tinh,duyen
1250,GAS,https://cafef.vn/vang-den-viet-nam-suy-kiet-50-sau-14-nam-kich-hoat-chien-dich-257-ty-usd-doanh-nghiep-dau-khi-chia-phan-co-hoi-bat-chap-con-gio-tu-venezuela-188260104224133298.chn,1/5/2026 0:05,1/5/2026,trung_tinh,trung_tinh,trung_tinh,nhat_tri
1251,BCM,https://cafef.vn/ga-khong-lo-nam-4700ha-dat-von-hoa-68000-ty-co-gi-khien-chu-tich-tphcm-muon-nhan-ban-188250707073808474.chn,7/7/2025 7:37,7/7/2025,trung_tinh,,trung_tinh,duyen
1252,HDB,https://cafef.vn/trien-khai-chien-luoc-phat-trien-ben-vung-hdbank-bao-lai-8165-ty-6-thang-dau-nam-no-xau-chi-159-188240730174358434.chn,7/30/2024 17:43,7/31/2024,,tich_cuc,tich_cuc,an
1253,VIC,https://cafef.vn/65-kenh-da-an-xoa-120-video-bia-dat-xuyen-tac-vu-khong-tap-doan-vingroup-188250912075013516.chn,9/12/2025 7:50,9/12/2025,trung_tinh,trung_tinh,trung_tinh,nhat_tri
1254,PLX,https://cafef.vn/doanh-nghiep-co-doanh-thu-vuot-xa-vingroup-gap-doi-hoa-phat-the-gioi-di-dong-vietnam-airlines-moi-ngay-bo-tui-780-ty-188250127072615535.chn,1/27/2025 7:25,1/27/2025,trung_tinh,,trung_tinh,duyen
1255,FPT,https://cafef.vn/sau-cu-bat-tay-voi-ty-phu-jensen-huang-tap-doan-fpt-don-nhan-tin-cuc-vui-tai-nhat-ban-188250205210120549.chn,2/6/2025 0:01,2/6/2025,tich_cuc,,tich_cuc,duyen
1256,SHB,https://cafef.vn/shb-duoc-nhnn-chap-thuan-tang-von-dieu-le-len-53442-ty-dong-188260303074452792.chn,3/3/2026 7:44,3/3/2026,trung_tinh,,trung_tinh,duyen
1257,POW,https://cafef.vn/lo-dien-doanh-nghiep-dan-dat-lien-danh-dau-tu-sieu-du-an-gan-60000-ty-tai-nghe-an-188260219203140319.chn,2/19/2026 20:31,2/20/2026,,trung_tinh,trung_tinh,an
1258,TCB,https://cafef.vn/techcombank-mobile-chieu-long-khach-hang-bang-loat-tinh-nang-vuot-troi-188231228160104875.chn,12/28/2023 17:30,12/29/2023,trung_tinh,,trung_tinh,duyen
1259,MBB,https://cafef.vn/cong-ty-con-cua-scic-da-ban-khop-lenh-toan-bo-so-co-phieu-mbb-nam-giu-188240315201025759.chn,3/15/2024 20:30,3/18/2024,trung_tinh,,trung_tinh,duyen
1260,GAS,https://cafef.vn/du-an-trong-diem-lo-b-o-mon-su-tu-trang-2b-dang-tao-ra-khoi-luong-cong-viec-khong-lo-len-den-hang-ty-usd-cho-pvd-pvs-18825070410061419.chn,7/4/2025 10:09,7/4/2025,trung_tinh,,trung_tinh,duyen
1261,GVR,https://cafef.vn/co-phieu-gvr-trang-ben-ban-dong-tien-bat-day-kich-hoat-cu-tang-kich-tran-188260327231205772.chn,3/28/2026 0:06,3/30/2026,trung_tinh,,trung_tinh,duyen
1262,VIC,https://cafef.vn/ha-tinh-sap-co-nha-may-san-xuat-o-to-dien-7300-ty-cong-suat-400000-xenam-188241129233148936.chn,11/30/2024 0:00,12/2/2024,trung_tinh,,trung_tinh,duyen
1263,VIC,https://cafef.vn/ong-pham-nhat-vuong-lam-vi-dam-me-khong-nhan-thu-lao-khong-co-tuc-tien-mat-khong-huong-esop-khong-ban-co-phieu-188250331131555745.chn,3/31/2025 13:15,3/31/2025,,trung_tinh,trung_tinh,an
1264,PLX,https://cafef.vn/petrolimex-muon-ban-mang-kinh-doanh-tai-lao-188250218140207773.chn,2/18/2025 14:13,2/18/2025,,trung_tinh,trung_tinh,an
1265,STB,https://cafef.vn/mot-quy-ngoai-tiep-tuc-giam-so-huu-tai-sacombank-188250312160432476.chn,3/12/2025 16:04,3/13/2025,,trung_tinh,trung_tinh,an
1266,TCB,https://cafef.vn/techcombank-gianh-giai-vang-stevie-awards-chau-a-thai-binh-duong-xay-dung-thuong-hieu-tu-noi-luc-tao-dau-an-khu-vuc-va-quoc-te-188250512131429468.chn,5/12/2025 13:14,5/12/2025,trung_tinh,,trung_tinh,duyen
1267,VHM,https://cafef.vn/co-phieu-vingroup-tang-tran-sau-ky-co-cau-etf-song-gio-18825062315371447.chn,6/23/2025 15:37,6/24/2025,tich_cuc,trung_tinh,trung_tinh,bat_dong_uu_tien_an
1268,FPT,https://cafef.vn/fpt-chinh-thuc-xuat-hien-tren-san-bong-ngoai-hang-anh-noi-got-sabeco-hoang-anh-gia-lai-ton-dong-a-188250414225601211.chn,4/15/2025 0:05,4/15/2025,,trung_tinh,trung_tinh,an
1269,HPG,https://cafef.vn/ty-phu-tran-dinh-long-phu-yen-giao-cho-hoa-phat-manh-dat-co-le-la-cuoi-cung-o-viet-nam-co-the-xay-nha-may-thep-18825041710475202.chn,4/17/2025 10:47,4/17/2025,,trung_tinh,trung_tinh,an
1270,HPG,https://cafef.vn/ty-phu-tran-dinh-long-vua-lap-doi-dac-nhiem-de-thuc-hien-3-du-an-5-ty-usd-tai-phu-yen-188250415143212049.chn,4/15/2025 14:32,4/15/2025,trung_tinh,,trung_tinh,duyen
1271,TPB,https://cafef.vn/ong-do-anh-tu-tu-nhiem-thanh-vien-hdqt-tai-tpbank-va-tps-188250321101353422.chn,3/21/2025 10:13,3/21/2025,trung_tinh,,trung_tinh,duyen
1272,SSI,https://cafef.vn/thi-phan-moi-gioi-cua-ssi-tren-hose-len-cao-nhat-22-quy-188260108201730701.chn,1/8/2026 20:17,1/9/2026,,trung_tinh,trung_tinh,an
1273,FPT,https://cafef.vn/ong-hoang-nam-tien-khoe-fpt-software-chinh-thuc-can-moc-1-ty-usd-doanh-thu-fsoft-japan-lot-top-30-cong-ty-it-lon-nhat-nhat-ban-188231222131533155.chn,12/22/2023 13:32,12/22/2023,tich_cuc,,tich_cuc,duyen
1274,VRE,https://cafef.vn/tgd-berjaya-viet-nam-nguyen-hoai-nam-noi-ve-vu-dau-tu-vao-vincom-retail-va-bi-kip-dieu-quan-trong-nhat-khi-dau-tu-da-nganh-la-dam-bo-va-phai-bo-quyet-liet-188240429221815953.chn,4/30/2024 7:02,4/30/2024,,trung_tinh,trung_tinh,an
1275,BVH,https://cafef.vn/tap-doan-bao-viet-sap-chi-hon-780-ty-dong-tra-co-tuc-nam-2024-188251106093031878.chn,11/6/2025 9:30,11/6/2025,trung_tinh,,trung_tinh,duyen
1276,MWG,https://cafef.vn/dai-gia-ban-le-the-gioi-di-dong-fpt-retail-digiworld-dat-ke-hoach-tham-vong-nam-2025-loi-nhuan-tang-truong-hang-chuc-phan-tram-doanh-thu-pha-dinh-lich-su-18825022722211441.chn,2/28/2025 0:01,2/28/2025,,trung_tinh,trung_tinh,an
1277,MSN,https://cafef.vn/co-phieu-mch-lap-dinh-lich-su-ngay-ngay-dau-sang-hose-co-hoi-nao-cho-nhung-nha-dau-tu-den-muon-va-bai-toan-dinh-gia-lai-msn-188251226223712592.chn,12/27/2025 0:01,12/29/2025,tich_cuc,trung_tinh,trung_tinh,bat_dong_uu_tien_an
1278,POW,https://cafef.vn/pv-power-sau-4-nam-chua-sap-xep-chuyen-doi-duoc-2-chi-nhanh-va-thoai-xong-toan-bo-von-tai-8-doanh-nghiep-188250220111820075.chn,2/20/2025 14:18,2/20/2025,,trung_tinh,trung_tinh,an
1279,VIC,https://cafef.vn/ty-phu-pham-nhat-vuong-da-dau-tu-nhung-du-an-nao-tai-thanh-hoa-18825011514101279.chn,1/15/2025 14:11,1/15/2025,trung_tinh,,trung_tinh,duyen
1280,GVR,https://cafef.vn/tap-doan-cao-su-gvr-uoc-lai-gan-2400-ty-dong-trong-9-thang-tang-22-so-voi-cung-ky-188240930164042516.chn,9/30/2024 16:41,10/1/2024,trung_tinh,,trung_tinh,duyen
1281,VIC,https://cafef.vn/mo-xe-ky-luc-doanh-thu-192000-ty-dong-cua-vingroup-tien-ve-tu-dau-188250125074733936.chn,1/25/2025 8:47,1/27/2025,,tich_cuc,tich_cuc,an
1282,MWG,https://cafef.vn/the-gioi-di-dong-dong-cua-5-cong-ty-con-188250205143638523.chn,2/5/2025 14:36,2/5/2025,,trung_tinh,trung_tinh,an
1283,VIC,https://cafef.vn/vo-ong-pham-nhat-vuong-tro-thanh-ty-phu-usd-188250925155002769.chn,9/25/2025 15:49,9/26/2025,tich_cuc,trung_tinh,trung_tinh,bat_dong_uu_tien_an
1284,SHB,https://cafef.vn/vao-ngay-sinh-nhat-tuoi-63-bau-hien-giau-them-hang-chuc-ty-dong-188251029155116928.chn,10/29/2025 15:51,10/30/2025,,trung_tinh,trung_tinh,an
1285,TCB,https://cafef.vn/buoc-dot-pha-moi-o-techcombank-188240628183340072.chn,6/28/2024 18:32,7/1/2024,,trung_tinh,trung_tinh,an
1286,SHB,https://cafef.vn/shb-lai-truoc-thue-6860-ty-dong-trong-6-thang-dau-nam-cir-thap-nhat-toan-nganh-18824073010123405.chn,7/30/2024 10:12,7/30/2024,,tich_cuc,tich_cuc,an
1287,FPT,https://cafef.vn/cong-ty-nha-nguoi-ta-fpt-cho-can-bo-nhan-vien-vay-mua-nha-tau-xe-lai-suat-thap-esop-hang-nam-188240314142307715.chn,3/14/2024 14:51,3/14/2024,trung_tinh,trung_tinh,trung_tinh,nhat_tri
1288,FPT,https://cafef.vn/fpt-dat-muc-tieu-doanh-thu-nam-2025-hon-3-ty-usd-loi-nhuan-nam-thu-5-lien-tiep-tang-truong-tren-20-188250208142514152.chn,2/8/2025 14:26,2/10/2025,trung_tinh,,trung_tinh,duyen
1289,VIC,https://cafef.vn/tat-ca-do-don-su-chu-y-vao-co-phieu-vingroup-188250401165439543.chn,4/1/2025 16:54,4/2/2025,trung_tinh,,trung_tinh,duyen
1290,VRE,https://cafef.vn/vincom-retail-hoan-tat-chuyen-nhuong-vincom-center-nguyen-chi-thanh-188251028130324343.chn,10/28/2025 13:03,10/28/2025,trung_tinh,trung_tinh,trung_tinh,nhat_tri
1291,VIB,https://cafef.vn/vib-doanh-thu-tang-8-loi-nhuan-quy-1-dat-hon-2500-ty-dong-18824042015045869.chn,4/22/2024 8:00,4/22/2024,tich_cuc,,tich_cuc,duyen
1292,VCB,https://cafef.vn/cuoc-dua-von-hoa-25-nam-mot-cong-ty-thuy-dien-tung-giu-ngoi-vua-truoc-khi-nhung-ga-khong-lo-fpt-vinamilk-vietcombank-tran-len-san-188250702070405395.chn,7/2/2025 7:03,7/2/2025,trung_tinh,,trung_tinh,duyen
1293,TCB,https://cafef.vn/pho-tong-giam-doc-techcombank-muon-ban-bot-co-phieu-188240216202328953.chn,2/16/2024 20:22,2/19/2024,trung_tinh,,trung_tinh,duyen
1294,VHM,https://cafef.vn/suc-nong-cua-thuong-vu-lon-nhat-lich-su-chung-khoan-viet-nam-day-co-phieu-vinhomes-len-cao-nhat-8-thang-von-hoa-tang-2-ty-usd-188241014145906955.chn,10/14/2024 14:58,10/14/2024,trung_tinh,,trung_tinh,duyen
1295,VJC,https://cafef.vn/vietjet-dat-doanh-thu-2024-gan-72000-ty-dong-cao-nhat-tu-truoc-den-nay-188250204105313787.chn,2/4/2025 10:53,2/4/2025,,tich_cuc,tich_cuc,an
1296,VIC,https://cafef.vn/doanh-thu-quy-32024-cua-vinfast-tang-gan-50-so-cung-ky-xay-them-nha-may-moi-o-ha-tinh-de-san-xuat-vf3-va-vf5-188241126194517442.chn,11/26/2024 19:48,11/27/2024,tich_cuc,tich_cuc,tich_cuc,nhat_tri
1297,VRE,https://cafef.vn/vincom-retail-bo-nhiem-tong-giam-doc-moi-188231011093031329.chn,10/11/2023 9:42,10/11/2023,,trung_tinh,trung_tinh,an
1298,MWG,https://cafef.vn/clip-sep-lon-the-gioi-di-dong-tu-tay-don-dep-sau-dai-hoi-co-dong-188250427222945851.chn,4/28/2025 0:08,4/28/2025,trung_tinh,trung_tinh,trung_tinh,nhat_tri
1299,VNM,https://cafef.vn/vinamilk-vnm-don-dap-chia-co-tuc-2-dot-lien-tiep-tong-so-tien-hon-2900-ty-dong-188231208164924606.chn,12/8/2023 16:41,12/11/2023,trung_tinh,,trung_tinh,duyen
1300,VIB,https://cafef.vn/dhdcd-vib-chia-co-tuc-tien-mat-va-thuong-co-phieu-tong-ty-le-295-ke-hoach-loi-nhuan-12045-ty-dong-trong-nam-2024-188240402091217756.chn,4/2/2024 9:41,4/2/2024,trung_tinh,trung_tinh,trung_tinh,nhat_tri
1301,HPG,https://cafef.vn/chu-tich-tran-dinh-long-khang-dinh-hoa-phat-thanh-cong-vi-khong-bi-bien-thanh-tap-doan-ho-hang-lam-viec-tai-cong-ty-gia-dinh-tri-tai-sao-khien-nhan-vien-so-hai-188240229175533205.chn,2/29/2024 17:55,3/1/2024,trung_tinh,,trung_tinh,duyen
1302,VHM,https://cafef.vn/vinhomes-phat-hanh-2000-ty-dong-trai-phieu-giua-luc-thuc-hien-thuong-vu-mua-lai-co-phieu-lich-su-188241122161229547.chn,11/22/2024 16:12,11/25/2024,trung_tinh,,trung_tinh,duyen
1303,MWG,https://cafef.vn/the-gioi-di-dong-giai-the-2-cong-ty-con-trong-do-co-ca-uoc-mo-cua-ong-nguyen-duc-tai-188240509110534377.chn,5/9/2024 11:05,5/9/2024,,trung_tinh,trung_tinh,an
1304,MSN,https://cafef.vn/masan-group-rot-them-hon-5400-ty-dong-vao-the-sherpa-chuyen-giao-toan-bo-masan-meatlife-va-wineco-cho-masan-agri-188231024125610641.chn,10/24/2023 13:17,10/24/2023,,trung_tinh,trung_tinh,an
1305,VNM,https://cafef.vn/loi-nhuan-quy-32023-cua-vinamilk-cao-nhat-hai-nam-cam-hon-26500-ty-tien-mat-va-tien-gui-188231031104830627.chn,10/31/2023 10:48,10/31/2023,trung_tinh,,trung_tinh,duyen
1306,VIC,https://cafef.vn/vingroup-bao-lanh-cho-vinfast-phat-hanh-toi-da-2500-ty-dong-trai-phieu-188250627152149497.chn,6/27/2025 15:59,6/30/2025,trung_tinh,,trung_tinh,duyen
1307,VHM,https://cafef.vn/von-hoa-vinhomes-vuot-200000-ty-dong-188241021205207881.chn,10/21/2024 20:50,10/22/2024,trung_tinh,trung_tinh,trung_tinh,nhat_tri
1308,TCB,https://cafef.vn/techcombank-du-kien-danh-20tong-loi-nhuan-sau-thue-de-chia-co-tuc-tien-mat-moi-nam-thuc-hien-luon-trong-nam-2024-188240122180637862.chn,1/22/2024 20:25,1/23/2024,,trung_tinh,trung_tinh,an
1309,HPG,https://cafef.vn/hoa-phat-dau-tu-san-xuat-van-san-cao-cap-muc-tieu-lot-top-3-doanh-nghiep-lon-nhat-sau-5-nam-1882505191024459.chn,5/19/2025 10:28,5/19/2025,trung_tinh,trung_tinh,trung_tinh,nhat_tri
1310,VIC,https://cafef.vn/ty-phu-pham-nhat-vuong-kiem-17-ty-usd-chi-sau-6-tieng-188251222160401303.chn,12/22/2025 16:03,12/23/2025,trung_tinh,trung_tinh,trung_tinh,nhat_tri
1311,TCB,https://cafef.vn/softpos-cung-techcombank-de-dang-thanh-toan-cung-dien-thoai-va-ngan-hang-dien-tu-hien-dai-18824102909504634.chn,10/29/2024 10:00,10/29/2024,,trung_tinh,trung_tinh,an
1312,HDB,https://cafef.vn/hdbank-huy-dong-1000-ty-dong-tu-kenh-trai-phieu-188251128175947881.chn,11/28/2025 17:59,12/1/2025,trung_tinh,,trung_tinh,duyen
1313,MBB,https://cafef.vn/mb-cong-bo-ke-hoach-chia-co-tuc-tien-mat-du-kien-tro-thanh-ngan-hang-tiep-theo-can-moc-lich-su-sau-nhom-big4-188240401103409954.chn,4/1/2024 10:31,4/1/2024,trung_tinh,,trung_tinh,duyen
1314,VIC,https://cafef.vn/chua-day-10-ngay-nua-vingroup-cua-ty-phu-pham-nhat-vuong-se-khoi-cong-4-sieu-du-an-hon-164000-ty-dong-vao-dip-dac-biet-quan-trong-188250810074449959.chn,8/10/2025 7:42,8/11/2025,trung_tinh,,trung_tinh,duyen
1315,VNM,https://cafef.vn/khoi-ngoai-ban-manh-co-phieu-vinamilk-ga-khong-lo-nganh-sua-rot-khoi-top-10-doanh-nghiep-gia-tri-nhat-san-chung-khoan-188240314220856401.chn,3/15/2024 0:03,3/15/2024,,tieu_cuc,tieu_cuc,an
1316,TPB,https://cafef.vn/tpbank-dinh-nghia-lai-ngan-hang-so-toan-dien-khi-cong-nghe-biet-lui-ve-sau-de-trai-tim-len-tieng-188251222150910167.chn,12/23/2025 14:21,12/23/2025,trung_tinh,,trung_tinh,duyen
1317,TCB,https://cafef.vn/co-hoi-nao-sinh-loi-cho-nhung-khoan-tien-nam-cho-thoi-co-dau-tu-18824061216003436.chn,6/13/2024 8:00,6/13/2024,,trung_tinh,trung_tinh,an
1318,TCB,https://cafef.vn/techcombank-bao-lai-hon-275-nghin-ty-dong-trong-nam-2024-so-du-casa-lap-ky-luc-moi-231-nghin-ty-188250120210818786.chn,1/20/2025 21:08,1/21/2025,,tich_cuc,tich_cuc,an
1319,TCB,https://cafef.vn/techcombank-la-ngan-hang-tu-nhan-dau-tien-tai-viet-nam-ban-hanh-khung-trai-phieu-xanh-188241205151601844.chn,12/5/2024 15:15,12/6/2024,,trung_tinh,trung_tinh,an
1320,VIC,https://cafef.vn/dung-buon-neu-lo-tau-vingroup-chaebol-han-quoc-con-ban-het-co-phieu-vic-truoc-khi-gia-tang-bang-lan-188251130225147543.chn,12/1/2025 0:08,12/1/2025,,trung_tinh,trung_tinh,an
1321,TPB,https://cafef.vn/tpbank-du-kien-loi-nhuan-nam-2025-cao-nhat-tu-truoc-den-nay-chua-co-ke-hoach-chia-co-tuc-188250402222812988.chn,4/2/2025 22:27,4/3/2025,trung_tinh,,trung_tinh,duyen
1322,CTG,https://cafef.vn/ctck-du-bao-loi-nhuan-loat-ngan-hang-lon-188250626234831135.chn,6/27/2025 0:12,6/27/2025,,trung_tinh,trung_tinh,an
1323,TCB,https://cafef.vn/techcombank-lap-ky-luc-loi-nhuan-2025-toi-325-nghin-ty-dong-nho-suc-manh-he-sinh-thai-va-nen-tang-so-188260120200830397.chn,1/20/2026 20:08,1/21/2026,tich_cuc,,tich_cuc,duyen
1324,BCM,https://cafef.vn/becamex-group-hut-them-900-ty-dong-tu-kenh-trai-phieu-188251212123450646.chn,12/12/2025 12:43,12/12/2025,,trung_tinh,trung_tinh,an
1325,HPG,https://cafef.vn/muon-tu-chu-thep-tu-noi-dia-hoa-phat-kien-nghi-mo-khoa-hai-mo-sat-tong-tru-luong-600-trieu-tan-188250618152252165.chn,6/18/2025 15:22,6/19/2025,,trung_tinh,trung_tinh,an
1326,SHB,https://cafef.vn/chuyen-gi-day-mot-co-phieu-giao-dich-tren-100-trieu-don-vi-trong-2-phien-lien-tiep-188250423151004149.chn,4/23/2025 15:09,4/24/2025,trung_tinh,,trung_tinh,duyen
1327,GVR,https://cafef.vn/gia-vang-trang-tang-lien-8-thang-co-phieu-cac-cong-ty-trong-nhom-dong-loat-noi-song-von-hoa-cua-dn-dau-nganh-tang-60000-ty-vuot-vpbank-vinamilk-mb-masan-188240610141502573.chn,6/10/2024 14:21,6/10/2024,,trung_tinh,trung_tinh,an
1328,VHM,https://cafef.vn/tai-san-ong-pham-nhat-vuong-tang-hon-10000-ty-trong-3-ngay-loi-cua-ty-phu-lai-ung-nghiem-gia-vic-rat-thap-so-voi-gia-tri-thuc-anh-chi-mat-khi-anh-ban-chua-ban-thi-chua-mat-gi-ca-188240220103101621.chn,2/20/2024 10:32,2/20/2024,trung_tinh,,trung_tinh,duyen
1329,VRE,https://cafef.vn/he-lo-tinh-hinh-moi-cua-vincom-retail-sau-khi-vingroup-thoai-von-188240605095921395.chn,6/5/2024 10:02,6/5/2024,,trung_tinh,trung_tinh,an
1330,FPT,https://cafef.vn/nam-ruc-ro-cua-co-phieu-ho-fpt-van-co-mot-cai-ten-lac-long-18824021322565935.chn,2/15/2024 0:01,2/15/2024,,trung_tinh,trung_tinh,an
1331,HPG,https://cafef.vn/nhung-co-may-kiem-tien-tren-san-chung-khoan-vingroup-hoa-phat-the-gioi-di-dong-top-dau-quan-quan-thuoc-ve-dai-gia-nha-nuoc-thu-hon-nua-ty-moi-phut-188250128233523879.chn,1/29/2025 0:01,1/29/2025,trung_tinh,,trung_tinh,duyen
1332,MWG,https://cafef.vn/dai-gia-viet-thu-gan-500-ty-moi-ngay-nho-ban-du-thu-tu-ban-rau-thit-den-dien-thoai-may-giat-tu-lanh-188251222230646635.chn,12/23/2025 0:06,12/23/2025,,tich_cuc,tich_cuc,an
1333,ACB,https://cafef.vn/lo-dien-nha-dau-tu-ban-145-trieu-co-phieu-acb-thu-ve-hon-4000-ty-dong-188240327104543834.chn,3/27/2024 10:42,3/27/2024,trung_tinh,,trung_tinh,duyen
1334,HPG,https://cafef.vn/nong-nghiep-hoa-phat-cua-ty-phu-tran-dinh-long-nop-ho-so-niem-yet-188260123230111504.chn,1/24/2026 0:05,1/26/2026,,trung_tinh,trung_tinh,an
1335,FPT,https://cafef.vn/fpt-rot-them-800-ty-dong-vao-cong-ty-con-chuyen-ve-ai-va-dien-toan-dam-may-188241105110025855.chn,11/5/2024 11:00,11/5/2024,trung_tinh,,trung_tinh,duyen
1336,VIC,https://cafef.vn/co-phieu-vingroup-tang-kich-tran-ty-phu-pham-nhat-vuong-giau-them-14000-ty-dong-188250804102001586.chn,8/4/2025 10:42,8/4/2025,trung_tinh,,trung_tinh,duyen
1337,GAS,https://cafef.vn/pv-gas-noi-gi-ve-luong-tien-mat-gan-41000-ti-dong-18824030522174453.chn,3/5/2024 22:17,3/6/2024,,trung_tinh,trung_tinh,an
1338,TCB,https://cafef.vn/ba-cai-nhat-trong-quy-12024-tao-da-but-pha-cho-techcombank-188240521124811633.chn,5/21/2024 13:21,5/21/2024,trung_tinh,,trung_tinh,duyen
1339,HPG,https://cafef.vn/doanh-thu-quy-2-cua-hoa-phat-tien-ve-sat-dinh-lich-su-dat-gan-40000-ty-loi-nhuan-tang-120-len-cao-nhat-2-nam-nhung-hrc-la-diem-toi-188240731172749462.chn,7/31/2024 17:31,8/1/2024,,tich_cuc,tich_cuc,an
1340,HPG,https://cafef.vn/hoa-phat-san-xuat-31800-tanngay-trong-thang-8-tang-34-so-voi-cung-ky-188250908100250142.chn,9/8/2025 10:03,9/8/2025,,trung_tinh,trung_tinh,an
1341,VPB,https://cafef.vn/vpbank-lap-ky-luc-loi-nhuan-30600-ty-dong-nam-2025-tang-truong-53-188260119140218786.chn,1/19/2026 14:02,1/19/2026,,tich_cuc,tich_cuc,an
1342,VNM,https://cafef.vn/sau-sua-dac-ong-tho-sua-chua-vinamilk-duoc-ky-vong-tao-suc-hut-tai-thi-truong-trung-quoc-188231002095920868.chn,11/2/2023 10:33,11/2/2023,,trung_tinh,trung_tinh,an
1343,SSI,https://cafef.vn/ssi-lai-ky-luc-gan-5100-ty-nam-2025-hoan-thanh-vuot-20-ke-hoach-188260120200023342.chn,1/20/2026 20:00,1/21/2026,,tich_cuc,tich_cuc,an
1344,VIC,https://cafef.vn/lan-dau-tien-ong-pham-nhat-vuong-vao-top-100-nguoi-giau-nhat-hanh-tinh-188251125144716119.chn,11/25/2025 15:41,11/26/2025,,trung_tinh,trung_tinh,an
1345,FPT,https://cafef.vn/hang-loat-thuong-vu-ma-cong-ty-nuoc-ngoai-cua-fpt-gan-mot-nua-thuong-vu-la-doanh-nghiep-my-188250508012824292.chn,5/8/2025 1:28,5/8/2025,,trung_tinh,trung_tinh,an
1346,HPG,https://cafef.vn/hoa-phat-dau-tu-khu-cong-nghiep-quy-mo-235ha-tai-hung-yen-18825110319244403.chn,11/3/2025 19:24,11/4/2025,trung_tinh,,trung_tinh,duyen
1347,GAS,https://cafef.vn/pv-gas-gas-bao-tin-khan-giua-luc-co-phieu-tang-tran-chua-dap-ung-dieu-kien-cong-ty-dai-chung-17494-co-dong-chi-nam-giu-424-co-phan-188260105140528706.chn,1/5/2026 14:05,1/5/2026,,tieu_cuc,tieu_cuc,an
1348,MWG,https://cafef.vn/sep-the-gioi-di-dong-ne-mua-co-phieu-nhieu-doanh-nghiep-thay-ghe-ceo-188240115110051186.chn,1/15/2024 11:00,1/15/2024,,trung_tinh,trung_tinh,an
1349,VIC,https://cafef.vn/vingroup-len-ke-hoach-phat-hanh-1000-ty-dong-trai-phieu-de-co-cau-no-188250624134812663.chn,6/24/2025 13:48,6/24/2025,trung_tinh,,trung_tinh,duyen
1350,FPT,https://cafef.vn/tap-doan-cong-nghe-so-1-viet-nam-them-mot-lan-len-dinh-vao-ngay-cuoi-nam-2024-188241231110357057.chn,12/31/2024 11:03,12/31/2024,trung_tinh,,trung_tinh,duyen
1351,MWG,https://cafef.vn/the-gioi-di-dong-se-lam-gi-de-lai-4850-ty-dong-nam-2025-188250222085318586.chn,2/22/2025 9:53,2/24/2025,,trung_tinh,trung_tinh,an
1352,TCB,https://cafef.vn/hieu-ve-dong-tien-bi-quyet-giup-ban-quan-ly-va-tich-luy-tien-bac-hieu-qua-188240421230354309.chn,4/22/2024 8:00,4/22/2024,trung_tinh,trung_tinh,trung_tinh,nhat_tri
1353,HPG,https://cafef.vn/lo-dien-chu-no-lon-nhat-cua-hoa-phat-voi-khoan-cho-vay-dai-han-gan-30000-ty-dong-18825090409575169.chn,9/4/2025 9:57,9/4/2025,trung_tinh,,trung_tinh,duyen
1354,VIC,https://cafef.vn/ceo-vingroup-neu-vinspeed-dau-tu-truc-tiep-duong-sat-cao-toc-bac-nam-nha-nuoc-khong-lo-bi-doi-von-keo-dai-tien-do-188251127235702088.chn,11/28/2025 0:03,11/28/2025,,trung_tinh,trung_tinh,an
1355,VHM,https://cafef.vn/vingroup-lot-top-60-cong-ty-tot-nhat-chau-a-xep-tren-ca-suzuki-uniqlo-grab-va-tencent-188260212205304606.chn,2/12/2026 21:00,2/13/2026,,trung_tinh,trung_tinh,an
1356,HPG,https://cafef.vn/lanh-dao-hoa-phat-muon-gom-400000-co-phieu-hpg-188250624103217325.chn,6/24/2025 11:25,6/24/2025,trung_tinh,,trung_tinh,duyen
1357,FPT,https://cafef.vn/lo-dien-top-10-co-dong-lon-nhat-cua-fpt-truoc-cu-roi-tu-150000-xuong-110000-dong-3-ca-map-ngoai-tang-manh-so-huu-188250408013751285.chn,4/8/2025 1:37,4/8/2025,trung_tinh,,trung_tinh,duyen
1358,MWG,https://cafef.vn/trong-khi-khoi-ngoai-lien-tuc-xa-hang-mwg-dragon-capital-gom-them-frt-188231103065817241.chn,11/3/2023 6:58,11/3/2023,trung_tinh,,trung_tinh,duyen
1359,MSN,https://cafef.vn/ong-nguyen-dang-quang-lai-roi-danh-sach-ty-phu-do-la-cua-forbes-188240116014356938.chn,1/16/2024 7:23,1/16/2024,trung_tinh,,trung_tinh,duyen
1360,VIC,https://cafef.vn/vingroup-cua-ty-phu-pham-nhat-vuong-lam-sieu-du-an-do-thi-tri-gia-hon-41000-ty-dong-tai-thu-phu-cong-nghiep-mien-bac-188250517151503242.chn,5/17/2025 15:14,5/19/2025,trung_tinh,trung_tinh,trung_tinh,nhat_tri
1361,HPG,https://cafef.vn/san-luong-ban-thep-thang-12024-cua-hoa-phat-tang-gan-60-so-voi-cung-ky-188240202153234369.chn,2/2/2024 15:32,2/5/2024,,tich_cuc,tich_cuc,an
1362,MWG,https://cafef.vn/cuoc-dua-cua-cac-minimart-bach-hoa-xanh-nam-54-thi-phan-ve-gia-tri-ap-dao-wincommerce-central-retail-saigon-coop-188241231140321657.chn,12/31/2024 14:03,12/31/2024,trung_tinh,,trung_tinh,duyen
1363,ACB,https://cafef.vn/vi-sao-acb-chon-nam-2023-de-tien-phong-cong-bo-bao-cao-rieng-ve-phat-trien-ben-vung-esg-tai-viet-nam-188231123154631517.chn,11/23/2023 15:46,11/24/2023,trung_tinh,,trung_tinh,duyen
1364,HPG,https://cafef.vn/hoa-phat-tang-gia-thep-ban-le-lan-thu-3-trong-thang-12-188231221145001632.chn,12/21/2023 14:50,12/21/2023,,trung_tinh,trung_tinh,an
1365,MWG,https://cafef.vn/the-gioi-di-dong-bot-gan-2-trieu-co-phieu-esop-sau-khi-lang-nghe-co-dong-nguoi-duoc-mua-nhieu-nhat-van-lai-ngay-50-ty-188250324233436402.chn,3/25/2025 0:08,3/25/2025,trung_tinh,,trung_tinh,duyen
1366,TCB,https://cafef.vn/nhung-su-kien-ma-khoi-yeu-nuoc-khong-nen-bo-lo-khi-den-voi-ha-noi-nhan-dip-dai-le-80-nam-188250827174403149.chn,8/27/2025 17:43,8/28/2025,trung_tinh,,trung_tinh,duyen
1367,VIC,https://cafef.vn/bao-ngoai-ca-ngoi-vinfast-cua-ty-phu-pham-nhat-vuong-da-lam-nen-lich-su-nganh-xe-dien-188250105132836933.chn,1/5/2025 14:23,1/6/2025,,trung_tinh,trung_tinh,an
1368,VIC,https://cafef.vn/co-phieu-vingroup-tang-phi-ma-tai-san-ty-phu-phu-pham-nhat-vuong-tang-them-hon-734-trieu-usd-sau-mot-dem-len-105-ty-usd-giau-thu-266-the-gioi-188250624103613961.chn,6/24/2025 10:35,6/24/2025,trung_tinh,,trung_tinh,duyen
1369,ACB,https://cafef.vn/acb-dat-muc-tieu-loi-nhuan-23000-ty-dong-chia-co-tuc-ty-le-25-trong-nam-nay-188250312133850028.chn,3/12/2025 13:38,3/12/2025,,trung_tinh,trung_tinh,an
1370,HPG,https://cafef.vn/toi-dut-day-than-kinh-so-tu-lau-roi-va-nhung-cau-noi-hay-nhuc-nhoi-cua-chu-tich-tran-dinh-long-tai-dhcd-hoa-phat-2024-188240411171924188.chn,4/13/2024 7:00,4/15/2024,,trung_tinh,trung_tinh,an
1371,VIC,https://cafef.vn/vingroup-lap-cong-ty-thep-vinmetal-von-10000-ty-dong-lam-thep-dac-chung-cho-xe-dien-188251006164116317.chn,10/6/2025 16:41,10/7/2025,trung_tinh,,trung_tinh,duyen
1372,GAS,https://cafef.vn/no-luc-thu-hep-tham-hut-thuong-mai-my-viet-loat-don-hang-ty-do-cua-vietnam-airlines-vietjet-pv-gas-188250413231458809.chn,4/14/2025 0:01,4/14/2025,trung_tinh,,trung_tinh,duyen
1373,VIC,https://cafef.vn/mot-huyen-thu-ngan-sach-30000-ty-dong-lon-bang-nhieu-tinh-cong-lai-duoc-tong-bi-thu-lay-vi-du-lam-dong-luc-tang-truong-doanh-nghiep-nao-da-nop-dot-bien-188250215082156995.chn,2/15/2025 8:21,2/17/2025,,trung_tinh,trung_tinh,an
1374,VHM,https://cafef.vn/sep-vinhomes-tiet-lo-se-ra-hang-tai-loat-dia-phuong-188241218103101591.chn,12/18/2024 10:37,12/18/2024,trung_tinh,trung_tinh,trung_tinh,nhat_tri
1375,TCB,https://cafef.vn/techcombank-mang-ca-tinh-hoa-nuoc-phap-ve-viet-nam-ton-vinh-nhung-di-san-van-hoa-doc-ban-188250421074145517.chn,4/21/2025 7:41,4/21/2025,trung_tinh,,trung_tinh,duyen
1376,FPT,https://cafef.vn/buon-cua-fpt-co-phieu-thung-day-2-nam-ho-room-ky-luc-hon-250-trieu-don-vi-188260306154928257.chn,3/6/2026 15:50,3/9/2026,,trung_tinh,trung_tinh,an
1377,VNM,https://cafef.vn/sep-vinamilk-doanh-nghiep-cang-lon-phan-quyen-cang-phai-ro-neu-khong-se-roi-vao-vung-xam-rui-ro-188260328203215376.chn,3/28/2026 20:32,3/30/2026,,trung_tinh,trung_tinh,an
1378,VRE,https://cafef.vn/vincom-retail-dang-kinh-doanh-ra-sao-truoc-khi-vingroup-bat-ngo-thoai-von-188240318135713338.chn,3/18/2024 14:30,3/18/2024,trung_tinh,,trung_tinh,duyen
1379,TPB,https://cafef.vn/tpbank-lai-truoc-thue-gan-5000-ty-dong-trong-9-thang-dau-nam-cho-vay-khach-hang-tang-12-188231020194843225.chn,10/20/2023 19:48,10/23/2023,trung_tinh,,trung_tinh,duyen
1380,FPT,https://cafef.vn/fpt-loi-nhuan-truoc-thue-2023-tang-hon-20-len-9200-ty-dich-vu-cntt-nuoc-ngoai-can-moc-1-ty-do-doanh-thu-18824011907294181.chn,1/19/2024 7:27,1/19/2024,tich_cuc,,tich_cuc,duyen
1381,VHM,https://cafef.vn/cong-bo-top-20-cong-ty-bat-dong-san-tu-nhan-nop-ngan-sach-lon-nhat-viet-nam-188250804092355599.chn,8/4/2025 9:23,8/4/2025,trung_tinh,,trung_tinh,duyen
1382,SHB,https://cafef.vn/ngay-106-shb-chot-danh-sach-co-dong-de-chi-tra-co-tuc-bang-tien-nam-2024-188250519105552959.chn,5/19/2025 10:55,5/19/2025,trung_tinh,tich_cuc,tich_cuc,bat_dong_uu_tien_an
1383,MWG,https://cafef.vn/ngoi-sao-dang-len-bach-hoa-xanh-duoc-ong-nguyen-duc-tai-coi-la-nhan-to-ganh-team-doanh-thu-cao-gap-ruoi-bat-chap-viec-dong-bot-cua-hang-tu-tin-mang-tien-ve-ngay-trong-nam-nay-188240322235332834.chn,3/23/2024 0:18,3/25/2024,tich_cuc,tich_cuc,tich_cuc,nhat_tri
1384,VJC,https://cafef.vn/dn-hang-khong-cat-canh-nhung-dn-dau-tien-cong-bo-kqkd-tang-vot-hang-bay-tap-nap-len-ke-hoach-mua-sam-co-phieu-duoc-cap-margin-tro-lai-188231022094346815.chn,10/22/2023 9:43,10/23/2023,trung_tinh,,trung_tinh,duyen
1385,HPG,https://cafef.vn/hoa-phat-chiu-them-kiep-nan-moi-voi-thep-cuon-can-nong-188240730220545673.chn,7/31/2024 0:04,7/31/2024,tieu_cuc,tieu_cuc,tieu_cuc,nhat_tri
1386,VNM,https://cafef.vn/sau-6-nam-thau-tom-voi-4-lan-tang-von-vinamilk-rot-hon-2164-ty-dong-dau-tu-trang-trai-bo-sua-25000-ha-tai-lao-188250113134256645.chn,1/13/2025 13:42,1/13/2025,trung_tinh,,trung_tinh,duyen
1387,FPT,https://cafef.vn/co-phieu-fpt-mwg-pnj-mat-phong-do-bo-chi-so-kim-cuong-thua-xa-vnindex-188250330220408206.chn,3/31/2025 0:01,3/31/2025,trung_tinh,trung_tinh,trung_tinh,nhat_tri
1388,FPT,https://cafef.vn/so-luong-co-dong-tham-du-dai-hoi-fpt-cao-ky-luc-188250415144600408.chn,4/15/2025 15:35,4/16/2025,,trung_tinh,trung_tinh,an
1389,VHM,https://cafef.vn/vinhomes-muon-phat-hanh-4000-ty-trai-phieu-sau-thuong-vu-mua-co-phieu-quy-lich-su-188241215085925792.chn,12/15/2024 8:59,12/16/2024,trung_tinh,,trung_tinh,duyen
1390,MWG,https://cafef.vn/de-che-the-gioi-di-dong-cua-ong-nguyen-duc-tai-dat-tham-vong-tro-thanh-tap-doan-so-1-dong-nam-a-ve-ban-le-thuong-mai-dien-tu-va-dich-vu-vao-nam-2030-188240328171653652.chn,3/29/2024 0:02,3/29/2024,,trung_tinh,trung_tinh,an
1391,VIC,https://cafef.vn/vingroup-phat-hanh-thanh-cong-2000-ty-dong-trai-phieu-188250507155655968.chn,5/7/2025 16:56,5/8/2025,,trung_tinh,trung_tinh,an
1392,HPG,https://cafef.vn/quang-ngai-go-vuong-cho-sieu-du-an-85000-ty-dong-cua-hoa-phat-188231011144035722.chn,10/11/2023 14:41,10/11/2023,,trung_tinh,trung_tinh,an
1393,BCM,https://cafef.vn/vsip-chuan-bi-tang-von-them-hon-1000-ty-dong-becamex-idc-se-gop-hon-500-ty-188231101105930438.chn,11/1/2023 15:24,11/2/2023,,trung_tinh,trung_tinh,an
1394,VIC,https://cafef.vn/ty-phu-pham-nhat-vuong-bat-tay-acv-thuc-day-chuyen-doi-xanh-tai-cang-hang-khong-188260323174117726.chn,3/23/2026 17:42,3/24/2026,trung_tinh,,trung_tinh,duyen
1395,MSN,https://cafef.vn/masan-group-uoc-dat-1500-ty-dong-lnst-trong-quy-2-tang-hon-50-so-voi-cung-ky-188250624140042665.chn,6/24/2025 14:00,6/24/2025,,trung_tinh,trung_tinh,an
1396,SHB,https://cafef.vn/shb-chinh-thuc-nang-von-dieu-le-len-45942-ty-dong-188250928075319811.chn,9/29/2025 15:22,9/30/2025,,trung_tinh,trung_tinh,an
1397,MSN,https://cafef.vn/doanh-nghiep-150000-ty-cua-ty-phu-nguyen-dang-quang-tien-mot-buoc-quan-trong-trong-qua-trinh-niem-yet-188250218151523063.chn,2/18/2025 15:30,2/19/2025,trung_tinh,,trung_tinh,duyen
1398,VIC,https://cafef.vn/vingroup-du-kien-phat-hanh-325-trieu-usd-trai-phieu-quoc-te-188251020112907629.chn,10/20/2025 12:06,10/20/2025,,trung_tinh,trung_tinh,an
1399,HDB,https://cafef.vn/vuot-thach-thuc-moi-nhieu-thuong-hieu-tuyen-dung-tiep-tuc-nhan-mua-tim-188240325152506743.chn,3/25/2024 15:30,3/26/2024,trung_tinh,trung_tinh,trung_tinh,nhat_tri
1400,STB,https://cafef.vn/sacombank-uoc-lai-6175-ty-dong-trong-8-thang-dau-nam-2023-tang-56-so-voi-cung-ky-18823100207475088.chn,10/2/2023 7:47,10/2/2023,tich_cuc,tich_cuc,tich_cuc,nhat_tri
1401,FPT,https://cafef.vn/sau-20-nam-dan-than-fpt-dat-muc-tieu-1-ty-usd-doanh-thu-tu-phan-mem-cho-o-to-188240112134820966.chn,1/12/2024 13:48,1/12/2024,,trung_tinh,trung_tinh,an
1402,MWG,https://cafef.vn/mot-chi-tiet-tren-bctc-cua-the-gioi-di-dong-bat-ngo-he-lo-dinh-gia-bach-hoa-xanh-188240429182309506.chn,4/30/2024 0:02,4/30/2024,trung_tinh,,trung_tinh,duyen
1403,MSN,https://cafef.vn/mo-hop-bi-an-cua-ty-phu-nguyen-dang-quang-tai-dhcd-man-xanh-chinh-thuc-xuat-hien-tren-lon-wakeup-247-tung-nuoc-tang-luc-vi-ca-phe-huong-whisky-188250425104535706.chn,4/25/2025 10:45,4/25/2025,,trung_tinh,trung_tinh,an
1404,GAS,https://cafef.vn/nhung-dai-gia-dem-tien-mat-di-tra-het-no-van-con-hon-chuc-nghin-ty-188250819071520593.chn,8/19/2025 7:15,8/19/2025,,trung_tinh,trung_tinh,an
1405,PLX,https://cafef.vn/mot-doanh-nghiep-co-doanh-thu-gap-doi-vingroup-the-gioi-di-dong-hoa-phat-binh-quan-moi-ngay-bo-tui-hon-900-ty-188251030233035603.chn,10/31/2025 0:05,10/31/2025,trung_tinh,trung_tinh,trung_tinh,nhat_tri
1406,FPT,https://cafef.vn/chu-tich-fpt-truong-gia-binh-2025-la-mot-nam-kho-khan-ngut-troi-va-co-hoi-khong-the-tuong-tuong-duoc-188250415151549085.chn,4/15/2025 16:00,4/16/2025,trung_tinh,,trung_tinh,duyen
1407,HPG,https://cafef.vn/loi-nhuan-cua-hoa-phat-co-the-vuot-muc-11000-ty-dong-trong-nam-2024-sau-hai-nam-sut-giam-188231208110026822.chn,12/8/2023 11:01,12/8/2023,trung_tinh,trung_tinh,trung_tinh,nhat_tri
1408,FPT,https://cafef.vn/ong-nguyen-tu-quang-noi-ve-co-hoi-nghin-nam-co-mot-de-viet-nam-vuon-len-nhom-quoc-gia-cong-nghe-hang-dau-18825062109442662.chn,6/21/2025 9:57,6/23/2025,trung_tinh,,trung_tinh,duyen
1409,VIC,https://cafef.vn/ty-phu-pham-nhat-vuong-tiep-tuc-giau-them-14000-ty-188250714104620912.chn,7/14/2025 10:46,7/14/2025,trung_tinh,,trung_tinh,duyen
1410,TCB,https://cafef.vn/von-hoa-techcombank-tang-vot-11000-ty-dong-ngay-sau-quyet-dinh-10-nam-moi-co-1-lan-188240328113746457.chn,3/28/2024 11:39,3/28/2024,trung_tinh,,trung_tinh,duyen
1411,STB,https://cafef.vn/sacombank-duoc-moodys-nang-bac-nhieu-chi-so-xep-hang-quan-trong-188240325160624401.chn,3/25/2024 16:02,3/26/2024,,trung_tinh,trung_tinh,an
1412,MWG,https://cafef.vn/chuoi-dien-may-tai-indonesia-cua-the-gioi-di-dong-lan-dau-tien-can-moc-100-cua-hang-doanh-thu-luy-ke-vuot-150-trieu-usd-188250506104744958.chn,5/6/2025 10:47,5/6/2025,trung_tinh,,trung_tinh,duyen
1413,BVH,https://cafef.vn/danh-muc-dau-tu-gan-10-ty-usd-cua-ca-map-nha-nuoc-mot-nua-de-gui-ngan-hang-hon-1-ty-usd-trai-phieu-doanh-nghiep-do-vao-co-phieu-acb-vnm-vcb-nhung-tam-lo-188250205064740689.chn,2/5/2025 6:47,2/5/2025,,trung_tinh,trung_tinh,an
1414,VHM,https://cafef.vn/vinhomes-lai-sau-thue-hon-2600-ty-quy-12025-tang-193-so-voi-cung-ky-188250429131840107.chn,4/29/2025 13:18,4/29/2025,tich_cuc,,tich_cuc,duyen
1415,FPT,https://cafef.vn/cuoc-lon-vao-fpt-bo-quen-nhom-vingroup-hieu-suat-cac-quy-mo-thua-xa-vnindex-188250326220622134.chn,3/27/2025 0:01,3/27/2025,,trung_tinh,trung_tinh,an
1416,HPG,https://cafef.vn/ty-phu-tran-dinh-long-hrc-lam-den-dau-ban-het-den-do-san-xuat-thep-ray-de-the-hien-suc-manh-uy-luc-cua-hoa-phat-188250417113044215.chn,4/17/2025 11:31,4/17/2025,,trung_tinh,trung_tinh,an
1417,VHM,https://cafef.vn/he-lo-tien-trinh-mua-370-trieu-co-phieu-quy-cua-vinhomes-188241017172357921.chn,10/17/2024 17:23,10/18/2024,trung_tinh,,trung_tinh,duyen
1418,VHM,https://cafef.vn/vinhomes-co-the-bat-dau-qua-trinh-mua-co-phieu-quy-vao-giua-thang-9-nguon-tien-tu-dau-188240901225913606.chn,9/2/2024 0:05,9/2/2024,trung_tinh,,trung_tinh,duyen
1419,GAS,https://cafef.vn/nhung-doanh-nghiep-dau-tien-bao-lai-dam-nam-2025-188260102085443156.chn,1/2/2026 9:02,1/2/2026,trung_tinh,,trung_tinh,duyen
1420,PLX,https://cafef.vn/loat-dn-nha-nuoc-vuot-ke-hoach-2024-tap-doan-lon-nhat-viet-nam-thiet-lap-ky-luc-loi-nhuan-48900-ty-2-dai-gia-hang-khong-bao-lo-quy-4-188241222235330116.chn,12/23/2024 0:05,12/23/2024,trung_tinh,,trung_tinh,duyen
1421,VIC,https://cafef.vn/vuot-vietcombank-vingroup-cua-ty-phu-pham-nhat-vuong-lap-ky-luc-vo-tien-khoang-hau-188250925145344353.chn,9/25/2025 14:53,9/25/2025,tich_cuc,trung_tinh,trung_tinh,bat_dong_uu_tien_an
1422,VPB,https://cafef.vn/5-ca-nhan-kin-tieng-dang-so-huu-luong-co-phieu-vpbank-co-tong-tri-gia-gan-1-ty-usd-188240724121248167.chn,7/25/2024 7:42,7/25/2024,trung_tinh,trung_tinh,trung_tinh,nhat_tri
1423,VIC,https://cafef.vn/ty-phu-pham-nhat-vuong-tro-thanh-nguoi-viet-dau-tien-co-tai-san-tren-20-ty-usd-lon-hon-ca-von-hoa-vietcombank-188251025101547459.chn,10/25/2025 10:15,10/27/2025,trung_tinh,,trung_tinh,duyen
1424,HPG,https://cafef.vn/chat-nhu-co-dong-hoa-phat-thuong-binh-dung-luong-huu-nguoi-khuyet-tat-gom-tro-cap-de-mua-hpg-om-lien-15-nam-quyet-de-danh-cho-con-chau-188240411163137279.chn,4/12/2024 0:14,4/12/2024,,trung_tinh,trung_tinh,an
1425,MWG,https://cafef.vn/dragon-capital-tiep-tuc-ban-ra-hang-trieu-co-phieu-the-gioi-di-dong-mwg-gia-tri-hon-tram-ty-188240802102033948.chn,8/2/2024 10:19,8/2/2024,trung_tinh,,trung_tinh,duyen
1426,TCB,https://cafef.vn/techcombank-bao-lai-156-nghin-ty-dong-trong-6-thang-dau-nam-so-du-casa-cao-ky-luc-188240722123038731.chn,7/22/2024 12:30,7/22/2024,,tich_cuc,tich_cuc,an
1427,BVH,https://cafef.vn/bao-viet-co-quyen-chu-tich-va-quyen-tong-giam-doc-moi-sau-2-nam-bien-dong-thuong-tang-co-phieu-tang-tran-len-cao-nhat-1-nam-188241130115522748.chn,11/30/2024 11:55,12/2/2024,,trung_tinh,trung_tinh,an
1428,TCB,https://cafef.vn/tai-san-mot-genz-tang-chong-mat-nho-nam-co-phieu-ngan-hang-sap-lot-top-10-nguoi-giau-nhat-san-chung-khoan-viet-nam-188250304153343312.chn,3/4/2025 15:33,3/5/2025,trung_tinh,,trung_tinh,duyen
1429,BCM,https://cafef.vn/8-nam-gian-truan-tren-san-chung-khoan-cua-ga-khong-lo-kcn-phuong-nam-4-lan-phat-hanh-co-phan-4-lan-vo-ke-hoach-188250918223441855.chn,9/19/2025 0:03,9/19/2025,trung_tinh,,trung_tinh,duyen
1430,VPB,https://cafef.vn/vpbank-can-tho-music-night-run-2024le-hoi-cua-niem-vui-188240416123947781.chn,4/16/2024 13:30,4/16/2024,trung_tinh,,trung_tinh,duyen
1431,SSI,https://cafef.vn/mot-thanh-vien-hdqt-ssi-tu-nhiem-188260319113129063.chn,3/19/2026 11:31,3/19/2026,trung_tinh,,trung_tinh,duyen
1432,POW,https://cafef.vn/dai-gia-nha-nuoc-bat-tay-vingroup-phat-trien-he-thong-tram-sac-xe-dien-toan-quoc-bao-lai-hon-1300-ty-dong-vuot-xa-ke-hoach-188250126233447827.chn,1/27/2025 0:05,1/27/2025,,tich_cuc,tich_cuc,an
1433,VIC,https://cafef.vn/co-dong-lon-nhat-cua-vingroup-co-thay-doi-bat-ngo-188260224235813467.chn,2/25/2026 0:03,2/25/2026,trung_tinh,trung_tinh,trung_tinh,nhat_tri
1434,VHM,https://cafef.vn/loi-nhuan-ky-luc-vinhomes-da-tra-thu-nhap-cho-lanh-dao-bao-nhieu-188260326080010337.chn,3/26/2026 8:04,3/26/2026,tich_cuc,trung_tinh,trung_tinh,bat_dong_uu_tien_an
1435,BCM,https://cafef.vn/becamex-idc-du-chi-gan-630-ty-de-gom-them-co-phieu-ijc-18824030714523967.chn,3/7/2024 14:52,3/7/2024,trung_tinh,,trung_tinh,duyen
1436,BCM,https://cafef.vn/becamex-idc-chot-gia-khoi-diem-thuong-vu-dau-gia-co-phan-lon-nhat-lich-su-ttck-huy-dong-gan-21000-ty-cho-loat-du-an-khu-cong-nghiep-lon-188250208081102063.chn,2/8/2025 8:10,2/10/2025,,trung_tinh,trung_tinh,an
1437,VHM,https://cafef.vn/vinhomes-do-bo-khanh-hoa-xay-to-188250506101637008.chn,5/6/2025 10:51,5/6/2025,trung_tinh,,trung_tinh,duyen
1438,VJC,https://cafef.vn/hang-hang-khong-cua-ty-phu-nguyen-thi-phuong-thao-se-chuyen-giao-50-tau-bay-boeing-737-cho-vietjet-thai-lan-188250516190045044.chn,5/16/2025 19:00,5/19/2025,trung_tinh,,trung_tinh,duyen
1439,VPB,https://cafef.vn/vpbank-khang-dinh-vi-the-khi-tai-ngo-cong-dong-runner-sai-thanh-188240307100204057.chn,3/7/2024 10:30,3/7/2024,trung_tinh,trung_tinh,trung_tinh,nhat_tri
1440,SAB,https://cafef.vn/sabeco-loi-nhuan-nam-2025-di-ngang-doanh-thu-giam-do-nguoi-viet-bot-nhau-chuan-bi-hon-17000-ty-de-lam-gi-188260131102311976.chn,1/31/2026 10:23,2/2/2026,trung_tinh,,trung_tinh,duyen
1441,MWG,https://cafef.vn/the-gioi-di-dong-lap-dinh-doanh-thu-moi-13300-ty-sau-6-thang-tang-lien-tiep-chung-kien-dieu-bat-ngo-tai-indonesia-188250920095043963.chn,9/20/2025 9:50,9/22/2025,tich_cuc,,tich_cuc,duyen
1442,GVR,https://cafef.vn/doanh-thu-vrg-vuot-1-ti-usd-188241219185554092.chn,12/19/2024 18:55,12/20/2024,,trung_tinh,trung_tinh,an
1443,HPG,https://cafef.vn/hoa-phat-dat-cot-moc-chua-doanh-nghiep-viet-nam-nao-lam-duoc-co-phieu-neo-vung-dinh-hai-nam-188240606142244355.chn,6/6/2024 14:23,6/6/2024,trung_tinh,,trung_tinh,duyen
1444,CTG,https://cafef.vn/chan-dung-tan-tong-giam-doc-8x-cua-vietinbank-tu-nhan-vien-quan-he-khach-hang-sau-20-nam-tro-thanh-ceo-big-4-188241018151131535.chn,10/18/2024 17:11,10/21/2024,trung_tinh,,trung_tinh,duyen
1445,HPG,https://cafef.vn/vua-moi-co-dong-di-hop-tai-khach-san-5-sao-hoa-phat-cua-ong-tran-dinh-long-tiep-tuc-choi-lon-bao-tron-chi-phi-cho-nha-dau-tu-tham-quan-dung-quat-18824022316100228.chn,2/23/2024 16:01,2/26/2024,trung_tinh,trung_tinh,trung_tinh,nhat_tri
1446,VIC,https://cafef.vn/vingroup-ho-tro-nguoi-dan-ha-noi-chuyen-doi-xanh-bang-loat-chinh-sach-chua-tung-co-18825072311135025.chn,7/23/2025 11:13,7/23/2025,trung_tinh,trung_tinh,trung_tinh,nhat_tri
1447,VHM,https://cafef.vn/vinhomes-vhm-vua-huy-dong-thanh-cong-3000-ty-dong-trai-phieu-188240327111454275.chn,3/27/2024 11:20,3/27/2024,,trung_tinh,trung_tinh,an
1448,POW,https://cafef.vn/nha-may-dien-khi-lng-14-ty-usd-dau-tien-cua-viet-nam-an-dinh-thoi-diem-phat-dien-du-suc-thap-sang-60-tinh-dong-nai-188250608231742543.chn,6/9/2025 0:03,6/9/2025,,trung_tinh,trung_tinh,an
1449,SHB,https://cafef.vn/co-dong-shb-du-kien-se-duoc-chia-co-tuc-bang-tien-mat-sau-hon-10-nam-188240418131000924.chn,4/18/2024 13:09,4/18/2024,,tich_cuc,tich_cuc,an
1450,POW,https://cafef.vn/dai-gia-nha-nuoc-bat-tay-vingroup-phat-trien-he-thong-tram-sac-xe-dien-toan-quoc-thu-gan-2100-ty-dong-tu-ban-dien-trong-thang-1-188250217102825877.chn,2/17/2025 10:30,2/17/2025,,trung_tinh,trung_tinh,an
1451,VIC,https://cafef.vn/hai-phong-chuan-bi-san-sang-de-khoi-cong-nha-may-dien-khi-lng-tram-nghin-ty-dong-cua-vingroup-188250924225025714.chn,9/25/2025 0:07,9/25/2025,trung_tinh,trung_tinh,trung_tinh,nhat_tri
1452,VIC,https://cafef.vn/gia-tri-tap-doan-cua-ty-phu-pham-nhat-vuong-lan-dau-vuot-200000-ty-sau-18-thang-188250321230511684.chn,3/22/2025 0:01,3/24/2025,trung_tinh,,trung_tinh,duyen
1453,MWG,https://cafef.vn/lanh-dao-nhan-luong-cao-nhat-the-gioi-di-dong-khong-ban-het-so-co-phieu-dang-ky-18824033008183559.chn,3/30/2024 8:16,4/1/2024,trung_tinh,trung_tinh,trung_tinh,nhat_tri
1454,HPG,https://cafef.vn/lanh-dao-nam-hon-100-trieu-co-phieu-hoa-phat-muon-giam-so-huu-khi-gia-len-dinh-22-thang-188240306005012857.chn,3/6/2024 6:30,3/6/2024,,tieu_cuc,tieu_cuc,an
1455,HPG,https://cafef.vn/yeu-to-quan-trong-giup-hoa-phat-giu-bien-loi-nhuan-du-gia-thep-the-gioi-giam-manh-188240910230711559.chn,9/11/2024 0:06,9/11/2024,,trung_tinh,trung_tinh,an
1456,VHM,https://cafef.vn/chu-tich-vinhomes-pham-thieu-hoa-ngan-hang-uu-tien-cho-vay-khach-hang-chap-nhan-lai-suat-cao-188231113160044904.chn,11/13/2023 16:04,11/14/2023,trung_tinh,,trung_tinh,duyen
1457,VHM,https://cafef.vn/nong-ubcknn-nhan-ho-so-mua-co-phieu-quy-cua-vinhomes-thuong-vu-lon-nhat-lich-su-chung-khoan-viet-nam-tien-mot-buoc-quan-trong-188241011163330582.chn,10/11/2024 16:33,10/14/2024,,trung_tinh,trung_tinh,an
1458,FPT,https://cafef.vn/chu-tich-fpt-truong-gia-binh-viet-nam-co-the-tro-thanh-trung-tam-kiem-thu-lam-sang-lon-nhat-the-gioi-188250606221328191.chn,6/6/2025 22:13,6/9/2025,,trung_tinh,trung_tinh,an
1459,HPG,https://cafef.vn/nong-bo-cong-thuong-ap-dung-thue-chong-ban-pha-gia-tam-thoi-doi-voi-mot-so-san-pham-thep-hrc-co-xuat-xu-trung-quoc-18825022117052975.chn,2/21/2025 17:06,2/24/2025,trung_tinh,,trung_tinh,duyen
1460,HDB,https://cafef.vn/10-dn-tu-nhan-lon-nhat-viet-nam-2025-hai-dn-cua-ty-phu-nguyen-thi-phuong-thao-lan-dau-tien-cung-gop-mat-188251112230703234.chn,11/13/2025 0:06,11/13/2025,,trung_tinh,trung_tinh,an
1461,TCB,https://cafef.vn/techcombank-huy-dong-them-2000-ty-dong-tu-kenh-trai-phieu-188251216082324861.chn,12/16/2025 8:23,12/16/2025,trung_tinh,,trung_tinh,duyen
1462,FPT,https://cafef.vn/fpt-chinh-thuc-khoi-cong-to-hop-giao-duc-84000m2-tai-binh-duong-188250619131622741.chn,6/19/2025 13:22,6/19/2025,trung_tinh,trung_tinh,trung_tinh,nhat_tri
1463,VRE,https://cafef.vn/ong-lon-aeon-mall-vincom-plaza-khien-thi-truong-bat-dong-san-thuong-mai-ban-le-quy-iii2024-day-song-188241015111113583.chn,10/15/2024 11:10,10/15/2024,trung_tinh,,trung_tinh,duyen
1464,VRE,https://cafef.vn/dieu-gi-nam-dang-sau-hanh-dong-vincom-retail-chuyen-nhuong-toan-bo-vincom-nguyen-chi-thanh-18825102900170847.chn,10/29/2025 0:17,10/29/2025,,trung_tinh,trung_tinh,an
1465,VIC,https://cafef.vn/vingroup-chot-phuong-an-phat-hanh-1000-ty-dong-trai-phieu-rieng-le-de-co-cau-no-188251125082458573.chn,11/25/2025 8:37,11/25/2025,,trung_tinh,trung_tinh,an
1466,HPG,https://cafef.vn/moi-ngay-mo-mat-hoa-phat-cua-ong-tran-dinh-long-phai-ganh-gan-10-ty-dong-lai-vay-188240131210740746.chn,2/1/2024 0:01,2/1/2024,trung_tinh,,trung_tinh,duyen
1467,FPT,https://cafef.vn/goi-kich-thich-kinh-te-13-ty-usd-va-tham-vong-phuc-hoi-vi-the-dan-dau-cua-nhat-ban-ve-aichip-fpt-chop-co-hoi-188241220071102679.chn,12/20/2024 7:10,12/20/2024,,trung_tinh,trung_tinh,an
1468,FPT,https://cafef.vn/ong-donald-trump-tuyen-bo-ap-100000-usd-cho-visa-h1b-fpt-bi-anh-huong-ra-sao-188250923081306045.chn,9/23/2025 8:13,9/23/2025,trung_tinh,,trung_tinh,duyen
1469,MWG,https://cafef.vn/ceo-the-gioi-di-dong-he-lo-dieu-bat-ngo-ve-chuoi-ban-do-me-va-be-188250107150517952.chn,1/7/2025 15:04,1/8/2025,trung_tinh,,trung_tinh,duyen
1470,FPT,https://cafef.vn/nhom-co-phieu-fpt-va-viettel-but-pha-manh-me-cung-trend-cong-nghe-toan-cau-188241217114212026.chn,12/25/2024 0:01,12/25/2024,trung_tinh,,trung_tinh,duyen
1471,VJC,https://cafef.vn/hon-mot-thap-nien-di-mua-may-bay-cua-ty-phu-nguyen-thi-phuong-thao-ky-toan-hop-dong-bom-tan-tong-gia-tri-da-vuot-60-ty-usd-188240725155836124.chn,7/25/2024 16:00,7/26/2024,trung_tinh,trung_tinh,trung_tinh,nhat_tri
1472,FPT,https://cafef.vn/lan-dau-tien-fpt-giam-hang-tram-nhan-su-10-cai-ten-cat-giam-nhieu-nhat-co-toi-6-ngan-hang-chuyen-gi-dang-xay-ra-188250804235154196.chn,8/5/2025 0:01,8/5/2025,trung_tinh,,trung_tinh,duyen
1473,MWG,https://cafef.vn/bach-hoa-xanh-ky-vong-lai-hon-500-ty-dong-nam-2025-huong-toi-doanh-thu-10-ty-usd-truoc-nam-2030-188250224102907429.chn,2/24/2025 10:47,2/24/2025,,trung_tinh,trung_tinh,an
1474,VCB,https://cafef.vn/ngan-hang-dat-gia-nhat-viet-nam-vua-thiet-lap-loat-ky-luc-chua-tung-thay-18825082715422624.chn,8/27/2025 15:45,8/28/2025,,trung_tinh,trung_tinh,an
1475,POW,https://cafef.vn/pv-power-uoc-dat-27000-ty-dong-doanh-thu-sau-11-thang-dau-nam-2023-188231211150817108.chn,12/11/2023 15:03,12/12/2023,trung_tinh,,trung_tinh,duyen
1476,MWG,https://cafef.vn/thi-gia-mwg-tang-gan-gap-doi-tu-day-chu-tich-the-gioi-di-dong-da-ban-co-phieu-thu-ve-khoang-200-ty-dong-188240920173429729.chn,9/20/2024 17:37,9/23/2024,trung_tinh,,trung_tinh,duyen
1477,MSN,https://cafef.vn/masan-group-phan-hoi-thong-tin-sai-lech-ve-viec-thuc-hien-quyen-chon-ban-cua-sk-group-188240624081949796.chn,6/24/2024 8:21,6/24/2024,,trung_tinh,trung_tinh,an
1478,VCB,https://cafef.vn/lan-dau-tien-trong-lich-su-viet-nam-co-10-ngan-hang-von-hoa-tren-100000-ty-188250819225033748.chn,8/20/2025 0:05,8/20/2025,,trung_tinh,trung_tinh,an
1479,SAB,https://cafef.vn/rung-rinh-tien-mat-dai-gia-nganh-bia-sabeco-sap-chia-co-tuc-khung-ty-phu-thai-lan-bo-tui-1400-ty-188241101150700096.chn,11/1/2024 15:06,11/4/2024,trung_tinh,,trung_tinh,duyen
1480,FPT,https://cafef.vn/co-dong-fpt-kho-vi-ai-188260223232556486.chn,2/24/2026 0:01,2/24/2026,tieu_cuc,,tieu_cuc,duyen
1481,CTG,https://cafef.vn/co-phieu-ngan-hang-quoc-doanh-noi-song-ctg-lien-tiep-pha-dinh-voi-loi-nhuan-ky-luc-188260112085559256.chn,1/12/2026 8:55,1/12/2026,,tich_cuc,tich_cuc,an
1482,VIC,https://cafef.vn/he-sinh-thai-cua-ty-phu-pham-nhat-vuong-can-doi-cac-nguon-luc-nhu-the-nao-188250107151244634.chn,1/7/2025 15:12,1/8/2025,trung_tinh,,trung_tinh,duyen
1483,VNM,https://cafef.vn/2-nam-sau-nuoc-co-tai-dinh-vi-thuong-hieu-sep-vinamilk-tiet-lo-phan-hoi-bat-ngo-tu-nguoi-tieu-dung-neu-vinamilk-la-con-nguoi-toi-cuoi-ngay-188251030085636098.chn,10/30/2025 8:56,10/30/2025,trung_tinh,,trung_tinh,duyen
1484,MSN,https://cafef.vn/nhung-cong-ty-duoi-truong-ty-phu-nguyen-dang-quang-dong-loat-noi-song-tong-gia-tri-von-hoa-dat-gan-10-ty-usd-co-doanh-nghiep-da-tang-14-ty-usd-188240306170536042.chn,3/7/2024 7:38,3/7/2024,tich_cuc,trung_tinh,trung_tinh,bat_dong_uu_tien_an
1485,MWG,https://cafef.vn/muc-tieu-lai-ky-luc-mwg-lai-ron-ren-esop-ty-le-thap-kem-dieu-kien-co-phieu-thang-vnindex-188260327001353592.chn,3/27/2026 0:13,3/27/2026,trung_tinh,,trung_tinh,duyen
1486,HDB,https://cafef.vn/cuoc-dua-thanh-lap-san-tai-san-ma-hoa-moi-2-dai-gia-cham-moc-10000-ty-dan-doi-thu-nghin-ty-rao-riet-bam-duoi-188260316232639365.chn,3/17/2026 0:02,3/17/2026,,trung_tinh,trung_tinh,an
1487,FPT,https://cafef.vn/fpt-bat-tay-thuong-xa-hang-dau-indonesia-ky-hop-dong-khung-67-trieu-usd-188250311113641375.chn,3/11/2025 11:36,3/11/2025,tich_cuc,,tich_cuc,duyen
1488,MWG,https://cafef.vn/bach-hoa-xanh-hoan-tat-chao-ban-rieng-le-5-co-phan-bao-tin-vui-cho-the-gioi-di-dong-188240409104451231.chn,4/9/2024 10:45,4/9/2024,trung_tinh,tich_cuc,tich_cuc,bat_dong_uu_tien_an
1489,HPG,https://cafef.vn/ty-phu-tran-dinh-long-tang-mon-qua-tri-gia-hon-300-ty-dong-cho-que-huong-188240205161704759.chn,2/5/2024 16:17,2/6/2024,trung_tinh,,trung_tinh,duyen
1490,STB,https://cafef.vn/ba-nguyen-duc-thach-diem-viet-tam-thu-roi-vi-tri-ceo-sacombank-188250521100037373.chn,5/21/2025 10:00,5/21/2025,,trung_tinh,trung_tinh,an
1491,VIC,https://cafef.vn/3-lan-ty-phu-pham-nhat-vuong-la-nan-nhan-cua-nhung-tin-that-thiet-bia-dat-188250909120544159.chn,9/9/2025 10:06,9/9/2025,,trung_tinh,trung_tinh,an
1492,VPB,https://cafef.vn/vpbank-tang-bao-hiem-tro-cap-mat-viec-lam-cho-khach-hang-1882311101150474.chn,11/10/2023 13:30,11/10/2023,,trung_tinh,trung_tinh,an
1493,VIC,https://cafef.vn/tin-vui-cua-ty-phu-pham-nhat-vuong-vinfast-tang-toc-keo-doanh-thu-mang-san-xuat-cua-vingroup-lan-dau-dat-1-ty-usdquy-188250125005445989.chn,1/25/2025 1:15,1/27/2025,tich_cuc,tich_cuc,tich_cuc,nhat_tri
1494,VHM,https://cafef.vn/dai-du-an-lan-bien-can-gio-duoc-phe-duyet-gia-dat-hon-27317-ti-dong-188250708201455201.chn,7/8/2025 20:35,7/9/2025,trung_tinh,,trung_tinh,duyen
1495,VNM,https://cafef.vn/vinamilk-lan-dau-tien-thay-ke-toan-truong-sau-20-nam-188240623082037918.chn,6/23/2024 8:20,6/24/2024,trung_tinh,,trung_tinh,duyen
1496,SAB,https://cafef.vn/vuot-qua-cu-dam-thoi-nong-do-con-loi-nhuan-cua-sabeco-duoc-du-bao-tang-truong-hai-chu-so-nho-euro-2024-the-van-hoi-mua-he-2024-188240612075532456.chn,6/12/2024 7:54,6/12/2024,,trung_tinh,trung_tinh,an
1497,MSN,https://cafef.vn/dhcd-masan-ra-mat-com-tu-chin-cho-tru-cot-outofhome-wincommerce-muon-canh-tranh-ve-gia-huong-den-co-lnst-trong-q12025-188240424235532007.chn,4/25/2024 9:18,4/25/2024,,trung_tinh,trung_tinh,an
1498,HPG,https://cafef.vn/hoa-phat-khoi-cong-du-an-khu-nha-o-cong-nhan-nha-o-xa-hoi-gan-5000-ty-dong-18825081919463816.chn,8/19/2025 19:46,8/20/2025,trung_tinh,,trung_tinh,duyen
1499,VRE,https://cafef.vn/vincom-retail-vre-loi-nhuan-sau-thue-quy-3-tang-gan-52-luy-ke-9-thang-dat-80-ke-hoach-nam-18825102911381229.chn,10/29/2025 11:38,10/29/2025,tich_cuc,,tich_cuc,duyen
1500,MWG,https://cafef.vn/the-gioi-di-dong-tai-xuat-cuoc-dua-thuong-mai-dien-tu-voi-mwg-shop-188250522110950897.chn,5/22/2025 11:10,5/22/2025,,trung_tinh,trung_tinh,an
